regio1,serviceCharge,picturecount,pricetrend,telekomUploadSpeed,totalRent,yearConstructed,scoutId,firingTypes,hasKitchen,geo_bln,cellar,yearConstructedRange,baseRent,houseNumber,livingSpace,condition,interiorQual,typeOfFlat,geo_plz,noRooms,floor,numberOfFloors,noRoomsRange,garden,livingSpaceRange
Nordrhein_Westfalen,245,6,4.62,10,840,1965,96107057,oil,FALSE,Nordrhein_Westfalen,TRUE,2,595,244,86,well_kept,normal,ground_floor,44269,4,1,3,4,TRUE,4
Rheinland_Pfalz,134,8,3.47,10,NA,1871,111378734,gas,FALSE,Rheinland_Pfalz,FALSE,1,800,NA,89,refurbished,normal,ground_floor,67459,3,NA,NA,3,FALSE,4
Sachsen,255,8,2.72,2.4,1300,2019,113147523,NA,FALSE,Sachsen,TRUE,9,965,4,83.8,first_time_use,sophisticated,apartment,1097,3,3,4,3,FALSE,4
Sachsen,58.15,9,1.53,40,NA,1964,108890903,district_heating,FALSE,Sachsen,FALSE,2,343,35,58.15,NA,NA,other,9599,3,3,NA,3,FALSE,2
Bremen,138,19,2.46,NA,903,1950,114751222,gas,FALSE,Bremen,FALSE,1,765,10,84.97,refurbished,NA,apartment,28213,3,1,NA,3,FALSE,4
Schleswig_Holstein,142,5,4.48,2.4,NA,1999,115531145,gas,TRUE,Schleswig_Holstein,FALSE,5,315.2,1e,53.43,well_kept,NA,apartment,24891,2,NA,NA,2,FALSE,2
Sachsen,70,9,1.01,2.4,380,NA,114391930,NA,FALSE,Sachsen,TRUE,NA,310,14,62,fully_renovated,NA,NA,9599,2,1,4,2,TRUE,3
Bremen,88,5,1.89,2.4,584.25,1959,115270775,gas:electricity,FALSE,Bremen,TRUE,2,452.25,35,60.3,NA,NA,ground_floor,28717,3,NA,NA,3,FALSE,2
Baden_Württemberg,110,5,3.77,40,690,1970,106416361,oil,TRUE,Baden_Württemberg,TRUE,2,580,NA,53,well_kept,sophisticated,roof_storey,79211,2,2,2,2,FALSE,2
Nordrhein_Westfalen,95,7,1.92,40,NA,1953,91383597,gas,FALSE,Nordrhein_Westfalen,TRUE,2,300,30,60,well_kept,normal,apartment,45888,2.5,2,5,2,FALSE,2
Sachsen,88,11,0.21,40,307,1930,112923517,gas,FALSE,Sachsen,TRUE,1,219,28,40.2,NA,normal,apartment,9130,2,3,NA,2,FALSE,1
Sachsen,155,9,0.98,2.4,555,1892,109842225,gas,FALSE,Sachsen,TRUE,1,400,NA,80,well_kept,normal,NA,9669,3,1,NA,3,TRUE,3
Rheinland_Pfalz,270,4,2.77,2.4,920,1912,111251778,NA,FALSE,Rheinland_Pfalz,FALSE,1,650,NA,100,mint_condition,sophisticated,ground_floor,76833,4,NA,NA,4,TRUE,4
Nordrhein_Westfalen,200,3,3.45,40,1150,1951,101730329,oil,FALSE,Nordrhein_Westfalen,FALSE,2,950,NA,123.44,first_time_use_after_refurbishment,sophisticated,apartment,59065,4,4,4,4,FALSE,6
Nordrhein_Westfalen,215,12,3.76,2.4,1320.65,2018,92798563,gas,FALSE,Nordrhein_Westfalen,TRUE,9,972.6,4,87,first_time_use,sophisticated,ground_floor,44229,3,0,4,3,FALSE,4
Thüringen,80,5,1.67,2.4,300,1990,106896167,district_heating,FALSE,Thüringen,TRUE,4,220,4,36.63,first_time_use_after_refurbishment,NA,apartment,99427,1,4,5,1,FALSE,1
Hessen,220,17,3.85,40,970,NA,93522345,oil,FALSE,Hessen,TRUE,NA,750,NA,87,well_kept,sophisticated,apartment,63452,3,NA,NA,3,FALSE,4
Sachsen,50,12,1.96,40,325,1897,107018003,gas,FALSE,Sachsen,FALSE,1,200,NA,50,refurbished,normal,roof_storey,4720,2,3,NA,2,TRUE,2
Nordrhein_Westfalen,121,5,3.12,40,NA,1914,111227157,gas,FALSE,Nordrhein_Westfalen,TRUE,1,329,78,65,well_kept,NA,apartment,47166,2.5,2,4,2,FALSE,3
Niedersachsen,290,35,2.35,5,1878.48,2013,113019528,district_heating,FALSE,Niedersachsen,TRUE,8,1343.48,3,127.95,mint_condition,sophisticated,apartment,37073,5,1,4,5,FALSE,6
Schleswig_Holstein,140,15,5,10,1450,1978,110416311,gas,FALSE,Schleswig_Holstein,TRUE,3,1150,NA,160,well_kept,sophisticated,ground_floor,24539,4,0,2,4,TRUE,7
Baden_Württemberg,0,13,5.63,40,1190,NA,113836264,NA,FALSE,Baden_Württemberg,FALSE,NA,1190,NA,29,NA,NA,apartment,70376,1.5,3,NA,1,FALSE,1
Sachsen,346,22,5.34,40,1946,NA,111412293,district_heating,FALSE,Sachsen,FALSE,NA,1600,66,140,first_time_use_after_refurbishment,NA,roof_storey,4229,4,0,NA,4,TRUE,6
Bayern,180,18,4.47,10,2030,1871,113626688,district_heating,TRUE,Bayern,TRUE,1,1850,NA,81,well_kept,NA,apartment,80331,2,4,4,2,FALSE,4
Hamburg,140,9,6.3,40,760,1953,111337159,district_heating,FALSE,Hamburg,TRUE,2,620,14,55.89,fully_renovated,normal,apartment,22111,3,2,4,3,FALSE,2
Niedersachsen,80,7,0.59,40,396,1890,115506913,district_heating,FALSE,Niedersachsen,FALSE,1,316,NA,31,NA,NA,roof_storey,38118,1.5,NA,3,1,FALSE,1
Baden_Württemberg,20,7,4.65,10,355,1902,115403430,electricity,FALSE,Baden_Württemberg,FALSE,1,335,NA,12,NA,NA,other,72622,1,NA,NA,1,FALSE,1
Sachsen_Anhalt,147.32,14,1.08,40,447.62,1977,114132653,district_heating,FALSE,Sachsen_Anhalt,TRUE,3,300.3,4,56.66,NA,NA,apartment,39128,3,6,NA,3,FALSE,2
Bayern,0,25,7.53,40,2400,1956,111398027,gas,FALSE,Bayern,FALSE,2,2400,3,61,NA,NA,NA,80804,3,1,NA,3,FALSE,3
Mecklenburg_Vorpommern,104.02,13,3.72,40,624.1,2018,111018701,district_heating,FALSE,Mecklenburg_Vorpommern,TRUE,9,520.08,7,47.28,first_time_use,NA,raised_ground_floor,19055,2,NA,NA,2,FALSE,2
Bayern,170,15,6.49,2.4,970,1974,105494876,oil,TRUE,Bayern,TRUE,3,800,NA,106.08,NA,NA,ground_floor,94036,2,NA,1,2,FALSE,5
Nordrhein_Westfalen,130,14,3.9,40,445.18,1976,107002234,district_heating,FALSE,Nordrhein_Westfalen,TRUE,3,315.18,91,60,NA,NA,terraced_flat,40699,2,0,6,2,TRUE,2
Bayern,0,29,6.08,40,2780,2016,112411856,district_heating,FALSE,Bayern,FALSE,9,2780,51,100,NA,NA,NA,80809,3,5,NA,3,FALSE,4
Sachsen,80,4,1.94,40,245,1914,113322419,gas,TRUE,Sachsen,FALSE,1,165,NA,35,fully_renovated,normal,ground_floor,8468,2,NA,NA,2,FALSE,1
Hessen,260,15,5.22,40,1195,2013,93735747,pellet_heating,TRUE,Hessen,FALSE,8,935,2,35,mint_condition,NA,NA,65479,1,3,2,1,FALSE,1
Sachsen,140,14,1.64,2.4,548,1996,84094659,natural_gas_light,FALSE,Sachsen,TRUE,5,408,22,58.22,NA,NA,apartment,1705,2,1,2,2,FALSE,2
Sachsen,140,9,2.1,40,546,1966,111185200,district_heating,FALSE,Sachsen,TRUE,2,406,6,74,refurbished,NA,apartment,2708,3,3,NA,3,FALSE,3
Nordrhein_Westfalen,100,5,3.8,40,350,NA,113850656,oil,FALSE,Nordrhein_Westfalen,FALSE,NA,250,NA,36,NA,simple,half_basement,51427,1.5,NA,NA,1,FALSE,1
Nordrhein_Westfalen,150,6,3.13,2.4,570,NA,113061748,NA,FALSE,Nordrhein_Westfalen,FALSE,NA,400,NA,70,NA,NA,NA,45329,3.5,1,2,3,FALSE,3
Sachsen,103.7,9,0.74,40,NA,1928,113998693,district_heating,FALSE,Sachsen,TRUE,1,246,38,43.93,well_kept,normal,ground_floor,1589,2,NA,NA,2,TRUE,2
Baden_Württemberg,230,10,4.82,NA,1115,NA,56883893,district_heating,FALSE,Baden_Württemberg,TRUE,NA,850,40 A,100,well_kept,sophisticated,maisonette,68309,3,3,3,3,FALSE,4
Niedersachsen,196.8,2,1.82,2.4,NA,1974,107366896,gas,FALSE,Niedersachsen,TRUE,3,333.2,106,70.04,NA,NA,apartment,26919,3,1,NA,3,FALSE,3
Nordrhein_Westfalen,200,8,3.7,40,753.98,1994,102534814,NA,TRUE,Nordrhein_Westfalen,TRUE,5,553.98,4,87.33,well_kept,sophisticated,apartment,59759,3,NA,NA,3,TRUE,4
Nordrhein_Westfalen,160,10,3.03,40,NA,1975,114832896,district_heating,TRUE,Nordrhein_Westfalen,FALSE,3,400,NA,65,well_kept,NA,roof_storey,59425,2,1,1,2,FALSE,3
Sachsen,130,3,0.43,40,396,1987,84603557,oil,FALSE,Sachsen,TRUE,4,266,6,58.95,well_kept,NA,apartment,2627,3,1,3,3,TRUE,2
Berlin,320,10,4.99,NA,1140,NA,115671495,NA,TRUE,Berlin,FALSE,NA,820,63,77,NA,NA,ground_floor,13591,3,0,3,3,FALSE,3
Hessen,0,28,5.92,NA,2190,1900,110341073,gas,FALSE,Hessen,FALSE,1,2190,0,96,NA,NA,NA,60318,4,NA,NA,4,FALSE,4
Sachsen_Anhalt,80,8,5,2.4,340,1920,110876214,oil,FALSE,Sachsen_Anhalt,FALSE,1,260,42,40,modernized,NA,roof_storey,6132,2,3,3,2,FALSE,1
Schleswig_Holstein,121.5,2,3.9,NA,1113,2019,113054252,pellet_heating,TRUE,Schleswig_Holstein,FALSE,9,870,21a,81,NA,NA,NA,25379,3,2,2,3,FALSE,4
Bayern,185,11,3.45,40,NA,2007,110536481,NA,FALSE,Bayern,FALSE,7,850,NA,77.08,NA,NA,NA,63743,3,NA,1,3,FALSE,3
Brandenburg,50,7,4.2,40,377,1980,115654986,gas,FALSE,Brandenburg,TRUE,3,285,19,36.29,fully_renovated,normal,apartment,15517,1,1,7,1,FALSE,1
Bremen,120,14,3.77,40,380,1912,85631434,gas,FALSE,Bremen,FALSE,1,260,37,62.13,NA,NA,apartment,27576,3,5,5,3,FALSE,3
Sachsen,170,16,0.95,40,535,1905,112400650,gas,FALSE,Sachsen,TRUE,1,365,14,79,well_kept,normal,other,9337,3,1,NA,3,FALSE,3
Hessen,130,18,5.38,40,820,1909,115708085,gas,FALSE,Hessen,FALSE,1,690,0,52,well_kept,NA,ground_floor,60439,2,0,4,2,FALSE,2
Sachsen,156,7,0.57,40,501,NA,110963486,NA,FALSE,Sachsen,TRUE,NA,340,1,65,fully_renovated,normal,apartment,9126,3,1,4,3,FALSE,3
Sachsen,100,5,3.12,2.4,330,NA,113859440,gas,FALSE,Sachsen,FALSE,NA,230,9,42,refurbished,NA,roof_storey,4849,2,3,NA,2,FALSE,2
Sachsen,110,6,1.9,40,NA,1995,112914907,district_heating,TRUE,Sachsen,TRUE,5,410,24,50.18,fully_renovated,normal,apartment,1309,2,2,6,2,TRUE,2
Mecklenburg_Vorpommern,113.8,14,3.39,10,453.8,1969,103855727,district_heating,FALSE,Mecklenburg_Vorpommern,TRUE,2,340,25,42.52,first_time_use_after_refurbishment,NA,apartment,19057,2,3,1,2,FALSE,2
Sachsen,40,14,3.39,2.4,340,1930,106886187,NA,FALSE,Sachsen,FALSE,1,240,27,44.66,refurbished,normal,roof_storey,4435,2,3,NA,2,FALSE,2
Sachsen,85,11,0.38,40,425,1909,115631820,gas,TRUE,Sachsen,FALSE,1,280,21,53.12,well_kept,normal,apartment,9126,2,2,5,2,FALSE,2
Hessen,0,28,5.29,10,1950,NA,106825668,NA,FALSE,Hessen,FALSE,NA,1950,0,46,NA,NA,NA,60313,1,NA,NA,1,FALSE,2
Berlin,79,17,7.35,40,955,1918,113359456,gas,FALSE,Berlin,FALSE,1,808,11,62.63,refurbished,NA,ground_floor,13086,2,0,3,2,FALSE,3
Schleswig_Holstein,70,5,3.7,40,490,1968,110788212,natural_gas_light,TRUE,Schleswig_Holstein,FALSE,2,420,1a,70,NA,normal,ground_floor,25599,3,NA,NA,3,FALSE,3
Nordrhein_Westfalen,97,0,4.1,40,493.8,1958,114894763,NA,FALSE,Nordrhein_Westfalen,TRUE,2,396.8,1,62,NA,simple,ground_floor,44137,2,NA,NA,2,FALSE,3
Sachsen_Anhalt,69.9,11,1.92,2.4,505,1963,108344196,district_heating,TRUE,Sachsen_Anhalt,TRUE,2,365.1,10,60,refurbished,NA,NA,6311,3,3,3,3,FALSE,2
Sachsen,200,13,0.21,40,760,1998,111181684,NA,TRUE,Sachsen,TRUE,5,560,9,115,NA,NA,other,9130,5,4,4,5,TRUE,5
Rheinland_Pfalz,140,4,4.14,2.4,690,1996,113790155,electricity,TRUE,Rheinland_Pfalz,TRUE,5,550,NA,70.2,first_time_use_after_refurbishment,normal,ground_floor,55234,2,0,1,2,FALSE,3
Hessen,110,11,3.08,40,430,NA,115644428,NA,TRUE,Hessen,FALSE,NA,320,24,42,NA,NA,terraced_flat,35440,1,NA,NA,1,FALSE,2
Hessen,155,9,4.65,10,960,2000,105172764,gas,FALSE,Hessen,TRUE,5,640,25,82,well_kept,normal,roof_storey,65439,3,2,2,3,FALSE,4
Sachsen,190,14,2.88,40,NA,2018,111086214,district_heating,FALSE,Sachsen,TRUE,9,900,NA,74.8,first_time_use,sophisticated,ground_floor,1097,3,0,NA,3,FALSE,3
Sachsen,90,9,0,40,NA,1976,115535984,gas,TRUE,Sachsen,TRUE,3,345,49,70,NA,NA,roof_storey,8062,3,1,6,3,TRUE,3
Hessen,120,10,5.87,40,835,1930,111348962,oil,FALSE,Hessen,TRUE,1,715,277,55.13,modernized,NA,apartment,60320,2,3,4,2,TRUE,2
Sachsen,NA,3,5.46,NA,420.24,2017,104507526,district_heating,FALSE,Sachsen,FALSE,9,329.6,18,41,well_kept,NA,ground_floor,4317,2,1,4,2,FALSE,2
Nordrhein_Westfalen,90,4,4.69,40,465,1950,110723519,electricity,FALSE,Nordrhein_Westfalen,TRUE,1,375,74,55.64,well_kept,normal,apartment,42119,2,1,5,2,TRUE,2
Sachsen,120,13,2.74,40,580,1920,115689050,gas,FALSE,Sachsen,TRUE,1,360,48,52.2,refurbished,NA,roof_storey,4178,2,1,4,2,TRUE,2
Sachsen,107,7,0.9,40,370,1920,114424603,gas,TRUE,Sachsen,TRUE,1,263,NA,46.61,refurbished,normal,NA,8058,2,3,NA,2,FALSE,2
Sachsen,65,6,3.85,40,346,NA,113441961,NA,FALSE,Sachsen,TRUE,NA,229,4a,32.61,NA,normal,NA,4207,1,5,NA,1,FALSE,1
Berlin,150,15,6.6,40,1300,2019,113704695,district_heating,TRUE,Berlin,TRUE,9,1150,27,46.4,first_time_use,luxury,apartment,10179,2,3,5,2,FALSE,2
Nordrhein_Westfalen,90,12,3.29,2.4,540,NA,114557181,NA,TRUE,Nordrhein_Westfalen,FALSE,NA,450,18,90,well_kept,normal,roof_storey,34431,3,2,2,3,FALSE,4
Nordrhein_Westfalen,180,10,1.56,40,NA,1999,85193798,gas,FALSE,Nordrhein_Westfalen,TRUE,5,465,NA,61,mint_condition,NA,roof_storey,41748,2,3,3,2,FALSE,3
Sachsen,215,6,0.59,40,615,NA,104572376,NA,FALSE,Sachsen,FALSE,NA,400,76,86,NA,NA,ground_floor,8412,4,NA,NA,4,FALSE,4
Nordrhein_Westfalen,293,13,4.84,NA,1323,2019,110946767,district_heating,FALSE,Nordrhein_Westfalen,TRUE,9,1030,21,100.59,first_time_use,NA,apartment,40472,4,4,NA,4,FALSE,4
Thüringen,250,12,1.89,40,890,1914,93327725,gas,FALSE,Thüringen,TRUE,1,640,2,128,refurbished,sophisticated,NA,7548,3,2,4,3,FALSE,6
Sachsen_Anhalt,115,18,3.45,10,430,1997,49115348,gas,FALSE,Sachsen_Anhalt,TRUE,5,315,96,51,NA,NA,apartment,39120,2,3,4,2,FALSE,2
Baden_Württemberg,295,2,6.46,NA,1900,2014,115692523,NA,TRUE,Baden_Württemberg,FALSE,8,1465,40,113.94,NA,normal,NA,71034,3,6,1,3,FALSE,5
Bayern,200,11,2.89,10,NA,NA,113505477,gas,TRUE,Bayern,FALSE,NA,900,NA,100,NA,NA,other,97076,4.5,NA,NA,4,FALSE,4
Berlin,228.78,2,8.63,NA,1428.78,2017,107589685,district_heating,TRUE,Berlin,TRUE,9,1200,5a,67,mint_condition,sophisticated,apartment,10963,2.5,6,7,2,FALSE,3
Berlin,147.08,9,7.56,40,1559.05,2019,114773727,district_heating,TRUE,Berlin,TRUE,9,1338.43,19,73.54,first_time_use,sophisticated,ground_floor,10557,2,0,6,2,FALSE,3
Nordrhein_Westfalen,145,2,2.5,40,NA,1972,111147935,oil,FALSE,Nordrhein_Westfalen,FALSE,3,335,32,62.99,NA,normal,roof_storey,47228,3,2,2,3,FALSE,3
Bayern,295,1,5.14,40,NA,2018,111198398,pellet_heating,TRUE,Bayern,TRUE,9,1970,NA,164,mint_condition,luxury,roof_storey,97318,5,6,6,5,FALSE,7
Sachsen_Anhalt,193,13,2.08,40,1201,NA,114620522,NA,TRUE,Sachsen_Anhalt,TRUE,NA,1008,13,97,NA,NA,other,39114,3,4,5,3,FALSE,4
Sachsen,169,3,2.74,40,701,1979,106508409,district_heating,FALSE,Sachsen,TRUE,3,532,36,66.54,NA,normal,apartment,1219,3,4,NA,3,FALSE,3
Sachsen,200,16,0.55,40,715,1920,113724686,gas,FALSE,Sachsen,FALSE,1,515,15,102.3,well_kept,NA,roof_storey,9111,3,NA,2,3,TRUE,5
Sachsen,50,1,6.06,40,600,1996,102907588,NA,FALSE,Sachsen,FALSE,5,500,19,73.98,well_kept,normal,NA,4317,2,NA,NA,2,FALSE,3
Sachsen_Anhalt,145,10,2,NA,NA,1996,82071122,gas,FALSE,Sachsen_Anhalt,FALSE,5,300,NA,58.48,NA,NA,NA,39606,1,NA,3,1,FALSE,2
Mecklenburg_Vorpommern,101.46,10,1.94,40,466.72,1974,106148208,district_heating,FALSE,Mecklenburg_Vorpommern,TRUE,3,284.09,7,67.64,well_kept,normal,apartment,18311,4,3,5,4,FALSE,3
Hamburg,450,9,3.95,10,NA,1978,115639691,NA,FALSE,Hamburg,TRUE,3,2290,NA,142,well_kept,NA,NA,22607,4,1,NA,4,FALSE,6
Nordrhein_Westfalen,150,17,3.9,2.4,650,NA,89425153,NA,TRUE,Nordrhein_Westfalen,TRUE,NA,500,18,50,well_kept,normal,terraced_flat,50354,1.5,NA,NA,1,FALSE,2
Sachsen,50,8,0.57,40,260,1900,32421022,gas,FALSE,Sachsen,TRUE,1,170,4,41.19,refurbished,normal,roof_storey,9120,1.5,5,5,1,TRUE,2
Nordrhein_Westfalen,250,11,2.78,40,930,1905,57436467,gas,FALSE,Nordrhein_Westfalen,TRUE,1,680,22,103,well_kept,sophisticated,maisonette,45468,3,3,3,3,FALSE,5
Baden_Württemberg,300,26,6.52,10,NA,2001,115537467,gas,FALSE,Baden_Württemberg,FALSE,6,1734,NA,137,NA,sophisticated,NA,74076,4,0,NA,4,FALSE,6
Sachsen_Anhalt,76,11,3.42,NA,483,1984,109003470,district_heating,FALSE,Sachsen_Anhalt,TRUE,4,315,5,65.45,first_time_use_after_refurbishment,NA,apartment,6124,4,3,5,4,FALSE,3
Hessen,120,5,3.64,40,NA,1800,88525047,combined_heat_and_power_fossil_fuels,TRUE,Hessen,FALSE,1,520,NA,110,well_kept,normal,apartment,36217,4,2,3,4,FALSE,5
Sachsen,121,6,0,40,397,NA,106893801,NA,TRUE,Sachsen,TRUE,NA,276,43,55,fully_renovated,NA,apartment,9126,2,3,NA,2,TRUE,2
Nordrhein_Westfalen,90,1,3.17,40,480,1970,103502361,district_heating,FALSE,Nordrhein_Westfalen,TRUE,2,300,9,51,well_kept,normal,ground_floor,52249,2,0,6,2,FALSE,2
Sachsen,82,8,-0.4,40,282,1998,109877029,gas:electricity,FALSE,Sachsen,TRUE,5,200,23,43.17,NA,NA,apartment,9131,2,2,NA,2,FALSE,2
Sachsen,155,4,1.89,2.4,385,1920,109680485,natural_gas_light,FALSE,Sachsen,FALSE,1,230,NA,53.5,refurbished,normal,roof_storey,9366,2,NA,NA,2,FALSE,2
Baden_Württemberg,84,10,5.1,40,1397,1900,110923925,gas,TRUE,Baden_Württemberg,TRUE,1,1240,62,105,first_time_use_after_refurbishment,NA,raised_ground_floor,76530,4,0,2,4,FALSE,5
Baden_Württemberg,180,0,4.92,2.4,760,1981,109419794,oil,FALSE,Baden_Württemberg,TRUE,4,580,28,100,negotiable,normal,roof_storey,78548,4,2,2,4,FALSE,4
Bayern,120,10,5.49,40,720,1936,106957084,district_heating,FALSE,Bayern,TRUE,1,600,NA,50,first_time_use_after_refurbishment,NA,other,90459,2,3,4,2,FALSE,2
Nordrhein_Westfalen,210,17,4.36,40,NA,2018,111246477,gas,FALSE,Nordrhein_Westfalen,TRUE,9,690,NA,82,first_time_use,sophisticated,apartment,52511,3,NA,NA,3,FALSE,4
Sachsen,70,9,5,10,499,NA,53976835,district_heating,TRUE,Sachsen,TRUE,NA,339,15,55,refurbished,sophisticated,apartment,4357,2,2,3,2,FALSE,2
Sachsen_Anhalt,175.99,9,1.1,40,509.79,1964,115228222,district_heating,FALSE,Sachsen_Anhalt,TRUE,2,333.8,114,60.69,NA,NA,apartment,39110,3,3,NA,3,FALSE,2
Nordrhein_Westfalen,127.2,7,2.76,40,412.32,1964,115672272,natural_gas_light,FALSE,Nordrhein_Westfalen,TRUE,2,285.12,4,54,first_time_use_after_refurbishment,normal,ground_floor,42859,2,NA,1,2,FALSE,2
Brandenburg,65,7,3.89,5,435,NA,101687259,natural_gas_light,FALSE,Brandenburg,TRUE,NA,300,2,60.71,fully_renovated,normal,raised_ground_floor,15320,2,0,1,2,FALSE,2
Hessen,340,4,2.21,2.4,1710,NA,113180289,gas,FALSE,Hessen,FALSE,NA,1370,NA,136,fully_renovated,NA,roof_storey,65183,5,NA,NA,5,FALSE,6
Thüringen,130,12,2.18,40,455,NA,113666495,NA,FALSE,Thüringen,TRUE,NA,325,18,63,fully_renovated,normal,apartment,7545,2,2,NA,2,TRUE,3
Nordrhein_Westfalen,190,4,4.23,10,NA,NA,106772205,NA,FALSE,Nordrhein_Westfalen,FALSE,NA,555,NA,96,fully_renovated,NA,apartment,45468,3,2,NA,3,FALSE,4
Bayern,NA,14,7.32,NA,1390,2018,108881424,district_heating,FALSE,Bayern,FALSE,9,1390,NA,33,NA,NA,NA,80807,1,3,NA,1,FALSE,1
Hessen,190,20,4.42,40,985,1993,111290130,natural_gas_light,TRUE,Hessen,TRUE,5,795,8,93,fully_renovated,sophisticated,apartment,61231,3,1,3,3,FALSE,4
Sachsen,132,4,2.75,40,561,1994,110950240,gas,FALSE,Sachsen,TRUE,5,429,1,58.79,refurbished,normal,roof_storey,1127,2,4,5,2,FALSE,2
Sachsen,200,5,0.93,40,560,1900,112426195,NA,FALSE,Sachsen,FALSE,1,340,1,60,NA,NA,NA,8058,2,1,3,2,FALSE,2
Nordrhein_Westfalen,100,8,3.08,2.4,700,NA,107359516,gas,FALSE,Nordrhein_Westfalen,TRUE,NA,600,45,90,well_kept,normal,apartment,42117,3,1,NA,3,FALSE,4
Hessen,155,16,3.46,40,635,1967,113650097,district_heating,FALSE,Hessen,FALSE,2,480,1b,43,fully_renovated,normal,penthouse,34125,1,10,10,1,FALSE,2
Nordrhein_Westfalen,190,13,3.82,40,1080,NA,111479650,NA,TRUE,Nordrhein_Westfalen,FALSE,NA,890,24,110,NA,NA,roof_storey,33615,3,NA,NA,3,FALSE,5
Sachsen_Anhalt,60,6,1.5,40,320,NA,59296588,oil,FALSE,Sachsen_Anhalt,TRUE,NA,220,6,48,fully_renovated,normal,NA,6449,2,2,3,2,FALSE,2
Berlin,232,21,4.99,40,1280,2014,113764604,gas,TRUE,Berlin,TRUE,8,1048,5,83.14,mint_condition,sophisticated,apartment,12527,3,1,2,3,FALSE,4
Nordrhein_Westfalen,100,7,4.82,2.4,570,1960,109279297,gas,FALSE,Nordrhein_Westfalen,TRUE,2,470,45907,55,mint_condition,sophisticated,apartment,52070,2,2,4,2,FALSE,2
Niedersachsen,125,9,4.07,10,788,1968,114174884,gas,TRUE,Niedersachsen,FALSE,2,583,10,66.62,NA,NA,apartment,21244,3,2,NA,3,FALSE,3
Nordrhein_Westfalen,100,8,4.3,40,390,1936,36739653,gas,FALSE,Nordrhein_Westfalen,TRUE,1,290,23,58,well_kept,NA,roof_storey,34414,3,2,2,3,FALSE,2
Nordrhein_Westfalen,223,2,3.78,40,1212,2018,113525351,district_heating,FALSE,Nordrhein_Westfalen,FALSE,9,989,28,111.55,mint_condition,sophisticated,roof_storey,33607,2.5,4,4,2,FALSE,5
Nordrhein_Westfalen,115,10,2.68,40,NA,1962,113779952,district_heating,FALSE,Nordrhein_Westfalen,TRUE,2,389,NA,65,NA,NA,ground_floor,59075,3,0,3,3,FALSE,3
Baden_Württemberg,190,3,4.04,10,980,1985,82801546,district_heating,FALSE,Baden_Württemberg,TRUE,4,790,22,76,well_kept,sophisticated,half_basement,68165,2,0,4,2,TRUE,3
Hessen,270,15,4.79,40,1445,1956,106837560,oil,TRUE,Hessen,TRUE,2,1175,91,93.94,fully_renovated,sophisticated,roof_storey,60320,3,3,3,3,TRUE,4
Sachsen,74,5,0.37,2.4,534.32,1957,113497440,gas,FALSE,Sachsen,FALSE,2,411.32,24,67.43,NA,NA,apartment,9212,3,0,NA,3,FALSE,3
Rheinland_Pfalz,250,18,3.16,40,1550,1997,113830299,oil,TRUE,Rheinland_Pfalz,TRUE,5,1250,NA,170,first_time_use_after_refurbishment,sophisticated,apartment,76744,4.5,NA,2,4,FALSE,7
Brandenburg,170,5,3.8,40,590,1979,109640248,district_heating,FALSE,Brandenburg,TRUE,3,420,6,67.8,fully_renovated,NA,apartment,14772,3,0,5,3,FALSE,3
Sachsen,60,7,3.11,40,358,1989,104719799,district_heating,FALSE,Sachsen,FALSE,4,234,22,45.81,well_kept,normal,apartment,4651,2,4,5,2,FALSE,2
Niedersachsen,152,9,2.86,2.4,NA,2014,111168065,gas,FALSE,Niedersachsen,FALSE,8,578,NA,68,well_kept,NA,roof_storey,26603,2,NA,1,2,FALSE,3
Schleswig_Holstein,210,10,4.26,40,NA,2019,115572141,district_heating,TRUE,Schleswig_Holstein,FALSE,9,865.52,6,82.43,first_time_use,NA,NA,21502,3,NA,NA,3,FALSE,4
Baden_Württemberg,100,6,4.32,10,670,NA,113778390,NA,FALSE,Baden_Württemberg,FALSE,NA,570,24,40,refurbished,normal,ground_floor,76131,2,0,4,2,TRUE,1
Rheinland_Pfalz,210,21,3.03,40,NA,1987,78331512,gas,FALSE,Rheinland_Pfalz,TRUE,4,660,13,84,well_kept,NA,NA,67227,3,8,NA,3,FALSE,4
Berlin,221.11,8,6.06,40,656.72,1980,113829068,district_heating,FALSE,Berlin,FALSE,3,435.61,42,62.23,modernized,NA,apartment,12685,3,16,NA,3,FALSE,3
Hessen,220,8,4.51,40,NA,2015,86190147,oil,TRUE,Hessen,TRUE,8,1100,NA,100,mint_condition,sophisticated,half_basement,65346,4,0,2,4,FALSE,4
Mecklenburg_Vorpommern,110,6,1.72,10,350,NA,94465542,gas,TRUE,Mecklenburg_Vorpommern,FALSE,NA,240,6,33.8,NA,NA,NA,19217,2,1,2,2,FALSE,1
Sachsen,100,5,1.75,2.4,350,1932,107371410,gas,FALSE,Sachsen,FALSE,1,250,32,44,refurbished,NA,apartment,4838,2,3,NA,2,FALSE,2
Nordrhein_Westfalen,100,14,3.28,10,460,1930,90046012,gas,FALSE,Nordrhein_Westfalen,FALSE,1,310,141,55,negotiable,simple,ground_floor,44329,2,0,2,2,TRUE,2
Hessen,170,5,6.12,NA,1160,NA,107891233,gas,TRUE,Hessen,FALSE,NA,990,NA,63,well_kept,normal,roof_storey,60314,2,5,5,2,FALSE,3
Hessen,120,1,4.96,40,895,NA,110129803,gas,TRUE,Hessen,FALSE,NA,775,NA,72,fully_renovated,sophisticated,apartment,63450,3,2,4,3,FALSE,3
Sachsen,75,11,0.74,40,385,1900,102376260,natural_gas_light,FALSE,Sachsen,TRUE,1,310,25,68,refurbished,normal,apartment,1589,2,1,3,2,FALSE,3
Sachsen,145.81,6,0.56,2.4,906.11,1880,114466884,district_heating:local_heating,FALSE,Sachsen,TRUE,1,697.81,42,104.15,NA,NA,ground_floor,9113,4,NA,NA,4,FALSE,5
Mecklenburg_Vorpommern,60,10,0,40,445,2014,89518276,gas,TRUE,Mecklenburg_Vorpommern,TRUE,8,315,17,60,fully_renovated,sophisticated,apartment,17498,2,2,NA,2,TRUE,2
Sachsen,139,10,5.51,40,833,NA,111372798,NA,FALSE,Sachsen,TRUE,NA,694,9,69.42,NA,luxury,raised_ground_floor,4229,2,NA,NA,2,TRUE,3
Sachsen_Anhalt,197.34,13,2.58,40,959.79,1910,107299630,gas,FALSE,Sachsen_Anhalt,FALSE,1,762.45,1,89.7,well_kept,sophisticated,apartment,39114,2,1,2,2,TRUE,4
Sachsen,181.27,14,4.24,NA,739.03,1875,110908934,district_heating,FALSE,Sachsen,TRUE,1,557.76,13,69.72,first_time_use_after_refurbishment,sophisticated,apartment,4157,2,2,5,2,FALSE,3
Berlin,105,15,8.54,40,NA,1870,84867476,gas,TRUE,Berlin,TRUE,1,910,22,105.92,refurbished,sophisticated,maisonette,12557,4,1,2,4,TRUE,5
Hamburg,287,9,5.36,40,NA,2019,115312391,steam_district_heating,FALSE,Hamburg,TRUE,9,1299,11,90.3,first_time_use,NA,apartment,20097,3,2,7,3,FALSE,4
Sachsen,261,14,6.17,NA,1631,2019,111370209,NA,FALSE,Sachsen,TRUE,9,1370,19 &amp; 21,130.45,first_time_use,sophisticated,apartment,4103,4,2,5,4,TRUE,6
Sachsen,100,28,0,40,365,1995,106735874,gas,TRUE,Sachsen,TRUE,5,265,32,48,fully_renovated,sophisticated,apartment,1816,1,1,4,1,FALSE,2
Sachsen,150,6,2.35,40,510,1997,110745391,district_heating,FALSE,Sachsen,FALSE,5,360,29,44.94,fully_renovated,NA,apartment,1099,2,0,4,2,FALSE,2
Niedersachsen,150,1,4.11,10,NA,NA,111035244,NA,TRUE,Niedersachsen,TRUE,NA,350,NA,50,NA,normal,ground_floor,26721,3,NA,NA,3,FALSE,2
Bayern,290,16,5.72,10,NA,1959,113593417,NA,TRUE,Bayern,TRUE,2,2250,4,82,first_time_use_after_refurbishment,luxury,apartment,80469,2,3,6,2,TRUE,4
Sachsen,120,15,2.58,40,800,1900,114334591,gas,FALSE,Sachsen,FALSE,1,680,2,110,NA,NA,roof_storey,4357,4,NA,NA,4,FALSE,5
Nordrhein_Westfalen,60,31,4.41,NA,NA,1979,87928570,NA,FALSE,Nordrhein_Westfalen,TRUE,3,301,101-103,30.07,first_time_use_after_refurbishment,sophisticated,apartment,44137,1.5,3,NA,1,FALSE,1
Sachsen,270,11,2.06,40,1690,2018,113163971,district_heating,FALSE,Sachsen,TRUE,9,1420,NA,109.1,first_time_use,sophisticated,apartment,1067,4,2,6,4,FALSE,5
Baden_Württemberg,370,12,6.11,NA,2400,2019,109940808,gas,FALSE,Baden_Württemberg,FALSE,9,2030,NA,123.22,NA,NA,apartment,73614,3,NA,4,3,FALSE,6
Hamburg,150,26,7.07,40,1544,1900,104980905,gas,TRUE,Hamburg,FALSE,1,1269,439,120,fully_renovated,NA,apartment,22111,5,1,5,5,FALSE,5
Sachsen,75,9,2.33,2.4,407,1986,109002453,district_heating,FALSE,Sachsen,TRUE,4,251,10,62.65,well_kept,normal,apartment,8258,3,2,4,3,FALSE,3
Nordrhein_Westfalen,65,5,1.71,40,520,NA,108485791,gas,FALSE,Nordrhein_Westfalen,TRUE,NA,395,65,67,well_kept,normal,other,45883,3,0,3,3,FALSE,3
Sachsen_Anhalt,130,6,4.35,40,429,1995,105399946,gas,FALSE,Sachsen_Anhalt,TRUE,5,299,15,65,NA,NA,ground_floor,29416,2,NA,NA,2,FALSE,3
Hessen,137,11,3.16,40,467,1967,114877803,district_heating,FALSE,Hessen,FALSE,2,330,35,27.5,fully_renovated,normal,apartment,34117,1,1,10,1,FALSE,1
Schleswig_Holstein,100,6,4.05,5,875,1933,110380963,gas,TRUE,Schleswig_Holstein,FALSE,1,675,NA,90,NA,NA,NA,21493,3,1,NA,3,FALSE,4
Nordrhein_Westfalen,165,2,3.23,40,NA,1970,107356126,oil,FALSE,Nordrhein_Westfalen,TRUE,2,345,9,71.04,need_of_renovation,simple,ground_floor,59067,3,NA,NA,3,FALSE,3
Hessen,200,13,5.24,40,1650,NA,107079001,gas,TRUE,Hessen,FALSE,NA,1450,NA,70,mint_condition,sophisticated,NA,60388,3,NA,NA,3,FALSE,3
Bayern,140,11,5.12,NA,NA,2019,113345621,NA,FALSE,Bayern,FALSE,9,600,NA,63.9,NA,NA,terraced_flat,94315,2,NA,NA,2,FALSE,3
Sachsen,135,0,0.98,40,410,NA,114400812,natural_gas_light,TRUE,Sachsen,TRUE,NA,275,11,55.36,negotiable,normal,maisonette,4720,2,3,3,2,FALSE,2
Niedersachsen,NA,17,1.98,40,NA,1994,109931562,oil,FALSE,Niedersachsen,TRUE,5,850,NA,100,mint_condition,sophisticated,NA,31246,3,NA,2,3,FALSE,4
Nordrhein_Westfalen,116,9,3.54,40,940,2020,113435482,NA,FALSE,Nordrhein_Westfalen,TRUE,9,710,123,74.5,first_time_use,sophisticated,apartment,33098,3,2,3,3,FALSE,3
Nordrhein_Westfalen,80,5,2.93,40,NA,1962,111353638,gas,FALSE,Nordrhein_Westfalen,FALSE,2,340,NA,50,well_kept,NA,apartment,52351,2,NA,8,2,FALSE,2
Hessen,130,9,4.12,2.4,NA,1969,115583062,oil,FALSE,Hessen,FALSE,2,700,NA,67.43,well_kept,normal,roof_storey,63674,3,2,3,3,TRUE,3
Bayern,200,15,4.37,40,1350,1999,115486548,gas,FALSE,Bayern,TRUE,5,1150,NA,82,well_kept,sophisticated,apartment,82140,3,1,2,3,FALSE,4
Sachsen,120,10,2.08,40,615,1996,115164917,gas,FALSE,Sachsen,TRUE,5,495,37,54.11,well_kept,normal,apartment,1139,2,1,6,2,FALSE,2
Nordrhein_Westfalen,370,32,3.85,10,2205,2015,79343710,natural_gas_light,FALSE,Nordrhein_Westfalen,TRUE,8,1550,125,148,mint_condition,luxury,apartment,44229,3,2,3,3,FALSE,6
Hamburg,120,13,7.14,40,780,1995,106992698,NA,TRUE,Hamburg,TRUE,5,560,7,40,modernized,sophisticated,apartment,22527,2,1,4,2,TRUE,1
Schleswig_Holstein,100,31,3.44,40,680,1950,113845967,gas,TRUE,Schleswig_Holstein,TRUE,1,530,77,41,fully_renovated,sophisticated,ground_floor,24116,1.5,0,3,1,TRUE,2
Thüringen,254,14,1.39,2.4,NA,NA,111262383,gas,FALSE,Thüringen,TRUE,NA,455,NA,127.58,fully_renovated,NA,other,99974,3,2,NA,3,FALSE,6
Nordrhein_Westfalen,90,2,3.41,40,NA,1990,115536035,district_heating,FALSE,Nordrhein_Westfalen,FALSE,4,432,5,58,NA,NA,apartment,45143,2,NA,NA,2,FALSE,2
Berlin,162,3,6.3,40,861,1984,113297201,district_heating,TRUE,Berlin,TRUE,4,699,130,71.2,modernized,NA,apartment,13057,3,4,NA,3,FALSE,3
Nordrhein_Westfalen,NA,9,3.9,2.4,720,NA,106811769,pellet_heating,FALSE,Nordrhein_Westfalen,TRUE,NA,720,NA,96,well_kept,normal,other,51503,3,1,2,3,TRUE,4
Mecklenburg_Vorpommern,230,22,0.83,40,770,NA,110132489,gas,TRUE,Mecklenburg_Vorpommern,TRUE,NA,540,5,95,refurbished,normal,roof_storey,19258,4,NA,NA,4,FALSE,4
Sachsen,189,8,0.79,10,638,1998,113765856,gas,TRUE,Sachsen,FALSE,5,449,5,83.8,NA,normal,ground_floor,9235,3,0,NA,3,FALSE,4
Schleswig_Holstein,130,6,2.88,40,770,1960,113802179,district_heating,TRUE,Schleswig_Holstein,TRUE,2,530,93,72.44,refurbished,normal,ground_floor,24944,3,0,2,3,FALSE,3
Nordrhein_Westfalen,45,11,2.94,40,540,1950,105846279,gas,TRUE,Nordrhein_Westfalen,FALSE,1,495,23,50,well_kept,normal,apartment,46397,3,2,NA,3,FALSE,2
Nordrhein_Westfalen,207,3,2.84,40,763.35,2020,115685298,gas,FALSE,Nordrhein_Westfalen,TRUE,9,556.35,0.125,74.18,first_time_use,NA,ground_floor,33659,2,0,NA,2,FALSE,3
Berlin,67.15,6,7,40,415.51,1988,112185558,district_heating,FALSE,Berlin,TRUE,4,314.78,94,41.97,first_time_use_after_refurbishment,sophisticated,apartment,12629,1,2,5,1,FALSE,2
Nordrhein_Westfalen,170,10,2.69,10,1015,2019,112681713,NA,FALSE,Nordrhein_Westfalen,TRUE,9,845,NA,56,first_time_use,luxury,apartment,47800,2,1,3,2,FALSE,2
Baden_Württemberg,300,12,-0.4,10,1575,1967,115387527,gas,TRUE,Baden_Württemberg,TRUE,2,1275,NA,145,fully_renovated,sophisticated,apartment,79639,4.5,2,3,4,TRUE,6
Sachsen_Anhalt,130,8,1.29,NA,396,NA,103804986,oil,FALSE,Sachsen_Anhalt,TRUE,NA,266,3,57.77,NA,NA,NA,6246,3,NA,NA,3,FALSE,2
Nordrhein_Westfalen,205,10,2.6,40,890,1910,115495500,gas,FALSE,Nordrhein_Westfalen,FALSE,1,685,27,82,modernized,sophisticated,apartment,47441,3,NA,NA,3,FALSE,4
Nordrhein_Westfalen,150,9,1.85,10,475,1968,88835856,district_heating,FALSE,Nordrhein_Westfalen,TRUE,2,325,11,58,well_kept,normal,apartment,45711,2,2,3,2,FALSE,2
Berlin,200,13,6.54,40,2565,1910,115200338,gas,TRUE,Berlin,TRUE,1,2225,87,165.68,refurbished,sophisticated,roof_storey,10435,4,6,6,4,FALSE,7
Sachsen,90,7,0,40,NA,1900,108372054,gas,FALSE,Sachsen,FALSE,1,0,16,45.34,fully_renovated,normal,apartment,8058,2,1,NA,2,FALSE,2
Sachsen,65,11,0,40,NA,NA,104475691,gas,FALSE,Sachsen,TRUE,NA,289,15,60,need_of_renovation,NA,NA,9131,2,NA,NA,2,TRUE,2
Sachsen,51,9,-0.34,NA,369,1939,107309803,gas,FALSE,Sachsen,FALSE,1,258,16,42.9,refurbished,normal,apartment,9114,2,1,2,2,TRUE,2
Nordrhein_Westfalen,110,0,3.45,40,330,1905,106240070,natural_gas_light,TRUE,Nordrhein_Westfalen,TRUE,1,220,3,38,well_kept,normal,ground_floor,58095,1,0,3,1,TRUE,1
Sachsen_Anhalt,62.86,2,3.27,2.4,352.96,1984,110953883,NA,FALSE,Sachsen_Anhalt,FALSE,4,241.75,20,48.35,NA,NA,NA,39130,2,3,NA,2,FALSE,2
Sachsen,95,2,2.76,40,403.67,1980,82527734,district_heating,FALSE,Sachsen,TRUE,3,308.67,15,58.24,refurbished,normal,apartment,2906,3,2,4,3,FALSE,2
Sachsen,250,14,0.65,2.4,800,1905,110679141,gas,FALSE,Sachsen,TRUE,1,550,NA,120,first_time_use,NA,NA,9130,5,3,5,5,FALSE,5
Niedersachsen,NA,11,3.37,40,460,NA,115700540,NA,TRUE,Niedersachsen,FALSE,NA,380,9,58,NA,NA,apartment,48527,2,NA,NA,2,FALSE,2
Nordrhein_Westfalen,193,1,3.33,40,895,1973,106216337,district_heating,FALSE,Nordrhein_Westfalen,TRUE,3,600,21,120,well_kept,normal,apartment,45699,4,8,8,4,FALSE,5
Niedersachsen,55,7,3.7,40,435,1950,93260754,gas,FALSE,Niedersachsen,TRUE,1,330,37,55,refurbished,sophisticated,roof_storey,38667,3,2,2,3,FALSE,2
Nordrhein_Westfalen,210,9,2.63,40,1260,1999,113807245,gas,TRUE,Nordrhein_Westfalen,FALSE,5,1000,NA,96,mint_condition,NA,maisonette,45239,3,NA,3,3,FALSE,4
Sachsen_Anhalt,160,13,2.33,40,670,1920,111413875,district_heating,FALSE,Sachsen_Anhalt,TRUE,1,510,16,94,fully_renovated,normal,apartment,39576,4,3,3,4,TRUE,4
Hessen,240,14,4.81,40,830,1996,115679814,gas,FALSE,Hessen,TRUE,5,590,NA,59,NA,normal,apartment,68623,2,1,2,2,FALSE,2
Sachsen,130,11,6.15,40,456,NA,105400310,NA,FALSE,Sachsen,TRUE,NA,326,5,52.46,NA,NA,ground_floor,4177,2,NA,4,2,FALSE,2
Sachsen,200,9,0.58,40,722,1939,111080403,gas,TRUE,Sachsen,TRUE,1,522,NA,95,refurbished,NA,raised_ground_floor,9130,4,0,3,4,FALSE,4
Mecklenburg_Vorpommern,130,3,0.67,2.4,403,1998,115444285,gas,FALSE,Mecklenburg_Vorpommern,FALSE,5,273,49,46.95,NA,NA,roof_storey,23936,2,NA,NA,2,FALSE,2
Nordrhein_Westfalen,164,5,3.34,2.4,507,1977,113218376,gas,FALSE,Nordrhein_Westfalen,TRUE,3,294,38,53.65,NA,NA,ground_floor,45327,2,NA,NA,2,FALSE,2
Nordrhein_Westfalen,135,13,4.84,10,1085,2012,109602437,natural_gas_light,TRUE,Nordrhein_Westfalen,FALSE,8,950,18,120,NA,sophisticated,NA,59368,3,1,NA,3,FALSE,5
Sachsen,93,8,0,40,283,1995,106957193,natural_gas_light,FALSE,Sachsen,TRUE,5,190,18a,38,refurbished,NA,NA,9120,1,1,3,1,FALSE,1
Niedersachsen,80,7,3.31,40,640,1950,110518821,gas,FALSE,Niedersachsen,TRUE,1,560,4,80,first_time_use_after_refurbishment,sophisticated,apartment,38667,3,1,1,3,TRUE,3
Sachsen,75,22,0.19,2.4,235,NA,110165119,NA,FALSE,Sachsen,TRUE,NA,160,65,32,fully_renovated,normal,apartment,9113,2,2,4,2,FALSE,1
Sachsen_Anhalt,159.5,13,1.47,40,559.49,NA,107606927,gas,TRUE,Sachsen_Anhalt,FALSE,NA,399.99,226,63.8,well_kept,normal,roof_storey,39104,2,4,4,2,FALSE,3
Hamburg,100,9,6.67,10,1070,1956,110638119,district_heating,TRUE,Hamburg,TRUE,2,990,16,60,refurbished,normal,apartment,20537,2,2,NA,2,FALSE,2
Nordrhein_Westfalen,198,9,3.7,40,561,NA,104696717,gas,FALSE,Nordrhein_Westfalen,TRUE,NA,363,NA,66,negotiable,normal,apartment,47167,2.5,1,NA,2,FALSE,3
Sachsen,80,5,0.19,40,265,1994,107189540,gas,FALSE,Sachsen,TRUE,5,160,15,31.64,well_kept,normal,other,8371,1,NA,NA,1,FALSE,1
Sachsen,105,16,0.4,2.4,330,NA,109250700,gas,FALSE,Sachsen,FALSE,NA,225,34,50,fully_renovated,NA,apartment,8451,1,1,1,1,TRUE,2
Sachsen,40,10,1.59,40,290,NA,108843404,gas,FALSE,Sachsen,FALSE,NA,250,NA,16,refurbished,normal,ground_floor,1737,1,NA,NA,1,FALSE,1
Sachsen,173,9,0.77,2.4,473,1988,81767976,district_heating,FALSE,Sachsen,TRUE,4,300,NA,68.95,well_kept,normal,apartment,9456,4,5,NA,4,TRUE,3
Sachsen_Anhalt,210,14,-0.16,NA,610,NA,114495685,natural_gas_light,FALSE,Sachsen_Anhalt,TRUE,NA,361,7,69.55,first_time_use,sophisticated,apartment,39393,4,1,2,4,TRUE,3
Baden_Württemberg,200,15,6.75,40,NA,1994,111330111,oil,TRUE,Baden_Württemberg,TRUE,5,1290,NA,70,modernized,NA,maisonette,70329,2.5,1,2,2,FALSE,3
Nordrhein_Westfalen,115,4,3.44,10,583.96,1963,111389149,gas,FALSE,Nordrhein_Westfalen,TRUE,2,380.96,39,59.35,NA,NA,apartment,42549,2,1,NA,2,FALSE,2
Brandenburg,300,14,2.56,2.4,1300,1896,89051407,district_heating,TRUE,Brandenburg,TRUE,1,1000,1,88,mint_condition,luxury,roof_storey,14469,3,2,3,3,TRUE,4
Sachsen,110,8,0,40,349,1956,103637034,district_heating,FALSE,Sachsen,TRUE,2,239,30,45.94,NA,normal,apartment,9126,2,2,NA,2,FALSE,2
Rheinland_Pfalz,NA,7,4.55,2.4,NA,NA,94653437,oil,FALSE,Rheinland_Pfalz,TRUE,NA,290,55,75,NA,simple,roof_storey,67742,2,2,NA,2,FALSE,3
Nordrhein_Westfalen,230,6,2.27,10,782,1965,113576561,district_heating,FALSE,Nordrhein_Westfalen,TRUE,2,552,267,96,well_kept,normal,apartment,47229,3,1,3,3,FALSE,4
Nordrhein_Westfalen,120,9,2.53,NA,580,1962,102635562,district_heating,FALSE,Nordrhein_Westfalen,FALSE,2,380,93,75.02,well_kept,NA,NA,45899,3.5,5,7,3,FALSE,3
Nordrhein_Westfalen,190,9,2.34,40,586,2016,113380138,natural_gas_light,TRUE,Nordrhein_Westfalen,TRUE,9,396,64,83,need_of_renovation,normal,apartment,46485,3,1,2,3,TRUE,4
Sachsen_Anhalt,53,6,1.35,2.4,NA,1901,115121424,gas,FALSE,Sachsen_Anhalt,TRUE,1,290,61,44,refurbished,NA,NA,6618,2,2,NA,2,FALSE,2
Hessen,220,10,NA,40,1590,2013,75996529,NA,TRUE,Hessen,TRUE,8,1310,NA,97,mint_condition,NA,maisonette,60438,3,1,2,3,FALSE,4
Niedersachsen,90,2,1.75,40,550,1967,107330219,oil,FALSE,Niedersachsen,FALSE,2,370,17,79.32,well_kept,NA,apartment,37603,4,2,3,4,FALSE,3
Mecklenburg_Vorpommern,74,7,4.09,NA,730,2019,115638188,gas,TRUE,Mecklenburg_Vorpommern,TRUE,9,587,35,57.25,NA,NA,NA,18190,2,2,2,2,FALSE,2
Hessen,210,13,4.99,40,1060,1959,111230027,gas,TRUE,Hessen,FALSE,2,850,NA,55,well_kept,normal,ground_floor,60433,2,0,NA,2,FALSE,2
Rheinland_Pfalz,250,9,4,40,1200,2011,110601297,NA,TRUE,Rheinland_Pfalz,TRUE,8,950,1,110,mint_condition,sophisticated,apartment,67117,3,NA,NA,3,TRUE,5
Baden_Württemberg,90,15,4.41,10,545,1994,97017960,NA,TRUE,Baden_Württemberg,TRUE,5,455,NA,53,well_kept,NA,other,88471,2,2,3,2,FALSE,2
Hessen,200,16,5.79,40,1050,NA,95484916,NA,TRUE,Hessen,TRUE,NA,850,NA,68,NA,NA,apartment,60433,3.5,1,3,3,FALSE,3
Sachsen,129,10,0,40,425,NA,69649796,NA,FALSE,Sachsen,TRUE,NA,296,2,53.76,fully_renovated,normal,raised_ground_floor,9112,2,NA,NA,2,FALSE,2
Sachsen,130,12,0,40,440,1927,110552571,gas,FALSE,Sachsen,FALSE,1,310,NA,61.66,well_kept,NA,apartment,9113,3,3,4,3,FALSE,3
Sachsen,180,12,4.75,40,800,1907,113826886,NA,FALSE,Sachsen,FALSE,1,620,49,81.78,NA,NA,apartment,4229,3,2,NA,3,FALSE,4
Bayern,150,11,2.45,40,590,1960,111080345,district_heating,TRUE,Bayern,FALSE,2,440,NA,63,modernized,normal,apartment,96450,2,1,3,2,FALSE,3
Sachsen,206,3,0.19,2.4,806,NA,110307971,NA,TRUE,Sachsen,TRUE,NA,600,9,103,fully_renovated,NA,apartment,9113,3,3,4,3,TRUE,5
Sachsen,120,14,2.61,40,470,1926,115667316,natural_gas_heavy,TRUE,Sachsen,FALSE,1,350,1,59.5,fully_renovated,normal,roof_storey,4838,3,5,5,3,TRUE,2
Bremen,85,3,3.08,NA,NA,2017,105870686,NA,TRUE,Bremen,TRUE,9,355,NA,33,first_time_use,NA,apartment,27568,1,1,5,1,FALSE,1
Nordrhein_Westfalen,NA,10,4.91,40,NA,1957,114370338,gas,FALSE,Nordrhein_Westfalen,FALSE,2,1444,NA,58,well_kept,NA,apartment,50670,2,4,5,2,FALSE,2
Sachsen,150,15,0.76,NA,450,1912,108627256,gas,FALSE,Sachsen,TRUE,1,300,39,65.77,refurbished,NA,NA,9126,3,2,3,3,TRUE,3
Sachsen_Anhalt,103,10,1.32,NA,715,1970,106936768,district_heating,FALSE,Sachsen_Anhalt,TRUE,2,495,46388,100.82,first_time_use_after_refurbishment,normal,apartment,6124,5,5,5,5,FALSE,4
Sachsen,223,9,3.71,40,713,1968,112871856,district_heating,FALSE,Sachsen,TRUE,2,490,NA,106.16,well_kept,sophisticated,apartment,4567,5.5,1,4,5,TRUE,5
Sachsen,200,3,2.63,40,NA,NA,110797672,NA,TRUE,Sachsen,TRUE,NA,770,13,98,fully_renovated,normal,maisonette,1127,3,3,5,3,TRUE,4
Bayern,190,42,4.17,40,1380,2014,70054713,gas,TRUE,Bayern,FALSE,8,1190,8,109,mint_condition,luxury,ground_floor,63877,2,1,5,2,TRUE,5
Bremen,108,0,2.63,40,641,NA,115360548,NA,FALSE,Bremen,FALSE,NA,462,5,64.75,NA,NA,NA,28329,3,2,NA,3,FALSE,3
Sachsen,220,11,4.09,40,760,NA,112702069,NA,FALSE,Sachsen,TRUE,NA,540,18,90,NA,NA,apartment,4442,3,0,NA,3,TRUE,4
Baden_Württemberg,150,14,-1.11,2.4,840,1975,115554067,oil,TRUE,Baden_Württemberg,FALSE,3,690,16,84,well_kept,normal,ground_floor,79692,3.5,1,3,3,FALSE,4
Sachsen,65,11,0,2.4,430,1930,65119152,natural_gas_heavy,FALSE,Sachsen,TRUE,1,300,127,64,well_kept,normal,ground_floor,9212,3,0,2,3,TRUE,3
Sachsen,216,14,1.42,NA,976,1870,113645155,gas,FALSE,Sachsen,FALSE,1,760,22,108,refurbished,normal,maisonette,4680,6,NA,2,5,TRUE,5
Sachsen,120,4,2.18,40,369.9,1985,109910879,district_heating,FALSE,Sachsen,FALSE,4,249.9,7,56.56,fully_renovated,NA,NA,2828,2,5,NA,2,FALSE,2
Sachsen_Anhalt,33,3,2.45,40,343,1965,111832409,district_heating,FALSE,Sachsen_Anhalt,FALSE,2,310,69,60.97,well_kept,NA,NA,6844,2,2,NA,2,FALSE,2
Sachsen_Anhalt,144,1,1.19,40,NA,1992,113463079,natural_gas_heavy,FALSE,Sachsen_Anhalt,FALSE,5,540,NA,72,NA,NA,apartment,6484,3,NA,NA,3,FALSE,3
Nordrhein_Westfalen,130,12,2.87,40,NA,1928,79298369,district_heating,TRUE,Nordrhein_Westfalen,TRUE,1,398,NA,61,well_kept,normal,apartment,45699,2.5,1,NA,2,TRUE,3
Baden_Württemberg,130,7,6.55,40,680,2004,111423807,NA,TRUE,Baden_Württemberg,FALSE,6,550,NA,58,NA,normal,ground_floor,74321,2.5,NA,NA,2,TRUE,2
Nordrhein_Westfalen,150,20,3.94,40,1115,2001,115693774,district_heating,FALSE,Nordrhein_Westfalen,TRUE,6,965,6,85.82,well_kept,sophisticated,apartment,40878,3,1,3,3,FALSE,4
Nordrhein_Westfalen,110,5,3.39,40,530,NA,106844534,NA,FALSE,Nordrhein_Westfalen,TRUE,NA,420,23,73.25,first_time_use_after_refurbishment,normal,roof_storey,44625,3.5,3,NA,3,TRUE,3
Rheinland_Pfalz,95,6,4.51,40,NA,NA,113818152,gas,FALSE,Rheinland_Pfalz,TRUE,NA,630,NA,90,well_kept,NA,apartment,67146,3,1,NA,3,FALSE,4
Sachsen,100,9,0,10,300,1994,90210183,NA,FALSE,Sachsen,FALSE,5,200,20,50,refurbished,NA,roof_storey,9114,2,3,3,2,FALSE,2
Sachsen,140,12,0.73,2.4,515,NA,115199943,NA,TRUE,Sachsen,TRUE,NA,375,45,70,mint_condition,sophisticated,apartment,9111,3,2,4,3,FALSE,3
Sachsen_Anhalt,65,4,0.64,40,300,1996,107879982,gas,FALSE,Sachsen_Anhalt,TRUE,5,200,2b,30.44,refurbished,NA,apartment,6886,1,1,NA,1,FALSE,1
Bayern,180,12,3.77,NA,900,1767,115636701,NA,TRUE,Bayern,FALSE,1,720,NA,68,first_time_use,NA,apartment,90762,2,1,3,2,FALSE,3
Baden_Württemberg,130,12,5.26,40,NA,NA,107018914,gas,TRUE,Baden_Württemberg,TRUE,NA,770,26,80,fully_renovated,normal,roof_storey,76139,3,5,5,3,FALSE,3
Sachsen,140,14,1.89,2.4,420,NA,90781016,gas,FALSE,Sachsen,TRUE,NA,280,9,70.85,well_kept,NA,other,9112,2,2,NA,2,FALSE,3
Bayern,130,8,1.99,40,550,NA,112911182,pellet_heating,FALSE,Bayern,FALSE,NA,420,2,42,first_time_use,sophisticated,other,85132,1,1,1,1,FALSE,2
Nordrhein_Westfalen,150,25,5.14,10,1570,1910,113709619,gas,TRUE,Nordrhein_Westfalen,TRUE,1,1420,20,86,first_time_use_after_refurbishment,luxury,apartment,40221,3,1,4,3,FALSE,4
Sachsen_Anhalt,70,8,1.52,40,NA,1970,110775193,district_heating,FALSE,Sachsen_Anhalt,TRUE,2,301,29,57.3,refurbished,normal,apartment,6268,3,3,3,3,FALSE,2
Bayern,190,8,5.08,40,2010,2019,107822195,gas,TRUE,Bayern,TRUE,9,1680,1,91,fully_renovated,sophisticated,maisonette,81476,1.5,2,3,1,FALSE,4
Nordrhein_Westfalen,130,6,4.32,40,681.76,1962,115270549,district_heating,FALSE,Nordrhein_Westfalen,TRUE,2,498.76,3,62.19,NA,NA,apartment,44809,3,2,NA,3,FALSE,3
Sachsen,150,2,0,NA,475,1966,110684305,NA,FALSE,Sachsen,FALSE,2,325,17,67.98,NA,NA,NA,9212,3,2,NA,3,FALSE,3
Bayern,270,10,3.59,10,1170,1993,113560029,oil,FALSE,Bayern,TRUE,5,900,29,170,well_kept,normal,ground_floor,85084,4,0,NA,4,TRUE,7
Nordrhein_Westfalen,75,9,2.11,2.4,325,1937,112883893,gas,FALSE,Nordrhein_Westfalen,TRUE,1,250,18,50.67,well_kept,normal,apartment,58762,2,1,3,2,FALSE,2
Berlin,215,9,10.23,10,1125,1890,110747740,gas,TRUE,Berlin,FALSE,1,792,NA,88,well_kept,sophisticated,apartment,13127,3.5,1,2,3,FALSE,4
Sachsen,55,7,5.11,40,353,NA,111173439,NA,TRUE,Sachsen,FALSE,NA,298,4,27.91,refurbished,normal,NA,4277,1,2,NA,1,FALSE,1
Nordrhein_Westfalen,223.6,15,2.32,40,NA,2019,112484429,gas,FALSE,Nordrhein_Westfalen,TRUE,9,992.8,NA,116.8,NA,sophisticated,NA,59379,4,3,NA,4,FALSE,5
Rheinland_Pfalz,NA,13,3.46,40,NA,NA,111376320,NA,TRUE,Rheinland_Pfalz,TRUE,NA,600,9,65,NA,NA,apartment,54290,3,2,3,3,FALSE,3
Nordrhein_Westfalen,240,12,4.73,40,1000,1960,111235595,gas,FALSE,Nordrhein_Westfalen,TRUE,2,760,58,92,well_kept,normal,apartment,53721,3,4,5,3,FALSE,4
Sachsen,150,16,0,40,440,1919,110807326,gas,FALSE,Sachsen,TRUE,1,290,NA,74,fully_renovated,NA,roof_storey,9126,3,4,5,3,TRUE,3
Sachsen,140,10,0.57,40,460,1959,111875503,NA,FALSE,Sachsen,FALSE,2,320,1,65.34,well_kept,NA,apartment,9126,3,2,3,3,FALSE,3
Niedersachsen,125,0,2.85,40,774,NA,111357693,NA,FALSE,Niedersachsen,FALSE,NA,649,NA,74,NA,NA,apartment,30179,2,1,1,2,FALSE,3
Hessen,250,15,4.09,NA,NA,1983,109990089,gas,FALSE,Hessen,TRUE,4,960,NA,125,well_kept,sophisticated,apartment,65549,3,2,3,3,FALSE,6
Sachsen,150,12,5.42,40,780,NA,110278465,NA,FALSE,Sachsen,TRUE,NA,630,2,105,fully_renovated,normal,apartment,4177,3,2,NA,3,TRUE,5
Sachsen_Anhalt,150,14,2.26,40,590,1992,113543563,gas:district_heating,FALSE,Sachsen_Anhalt,TRUE,5,440,14,66.83,well_kept,NA,ground_floor,6184,2.5,NA,NA,2,FALSE,3
Sachsen_Anhalt,180,7,2.24,40,517.5,NA,111076485,NA,FALSE,Sachsen_Anhalt,FALSE,NA,337.5,4,75,NA,NA,roof_storey,39122,2,0,NA,2,FALSE,3
Nordrhein_Westfalen,200,1,2.88,40,680,1959,112095671,oil,FALSE,Nordrhein_Westfalen,TRUE,2,480,107,82,NA,normal,ground_floor,41236,3,4,6,3,FALSE,4
Nordrhein_Westfalen,165,9,3.23,10,685,1996,111109355,natural_gas_light,TRUE,Nordrhein_Westfalen,TRUE,5,520,105,65,NA,sophisticated,raised_ground_floor,45479,2,NA,NA,2,FALSE,3
Berlin,450,14,6.85,40,2830,2018,111780700,district_heating,TRUE,Berlin,TRUE,9,2380,NA,140,NA,NA,penthouse,10589,3,6,6,3,FALSE,6
Nordrhein_Westfalen,200,17,3.23,10,NA,1966,110362794,gas,TRUE,Nordrhein_Westfalen,FALSE,2,520,34,60,first_time_use_after_refurbishment,sophisticated,apartment,42287,2,2,4,2,FALSE,2
Hamburg,173,12,5.56,NA,832,1972,106978829,natural_gas_heavy,TRUE,Hamburg,TRUE,3,599,32,52.8,well_kept,NA,apartment,21077,2,NA,NA,2,FALSE,2
Sachsen,115.68,14,4.02,NA,636.24,NA,115292626,NA,TRUE,Sachsen,FALSE,NA,520.56,29,48.2,first_time_use,sophisticated,loft,4157,1.5,NA,NA,1,FALSE,2
Bayern,180,16,5.26,40,NA,1993,72090476,gas,FALSE,Bayern,TRUE,5,625,12,82,well_kept,luxury,roof_storey,63743,3,3,3,3,FALSE,4
Sachsen_Anhalt,76.6,0,2.28,40,385.6,1899,115598126,NA,FALSE,Sachsen_Anhalt,FALSE,1,309,37,60.05,refurbished,NA,apartment,39576,2,1,3,2,TRUE,2
Sachsen,100,8,2,40,329,1960,85177160,district_heating,TRUE,Sachsen,TRUE,2,229,8,43.9,well_kept,normal,apartment,9120,2,6,6,2,FALSE,2
Nordrhein_Westfalen,45,7,4.4,40,395,1911,107383704,electricity,FALSE,Nordrhein_Westfalen,TRUE,1,350,NA,22,NA,NA,apartment,40229,1,1,3,1,FALSE,1
Nordrhein_Westfalen,95,6,4.41,10,525,1965,62267211,gas,FALSE,Nordrhein_Westfalen,TRUE,2,440,28,67,mint_condition,sophisticated,apartment,44137,2,3,4,2,FALSE,3
Nordrhein_Westfalen,400,8,3.39,40,2400,1901,113288305,gas,TRUE,Nordrhein_Westfalen,TRUE,1,2000,NA,190,well_kept,sophisticated,apartment,53115,6,2,4,5,FALSE,7
Sachsen,216,27,0.56,40,648.5,1910,108869835,district_heating,FALSE,Sachsen,TRUE,1,432.5,32,83.16,well_kept,normal,maisonette,8056,3.5,3,3,3,FALSE,4
Sachsen_Anhalt,40,7,0.74,2.4,NA,1998,113379944,gas,FALSE,Sachsen_Anhalt,FALSE,5,290,5,65,well_kept,NA,apartment,39249,1,NA,NA,1,FALSE,3
Thüringen,136,14,1.85,40,490,1780,107373155,district_heating,FALSE,Thüringen,TRUE,1,354,7,68,well_kept,NA,apartment,7545,2,4,5,2,FALSE,3
Nordrhein_Westfalen,185,12,2.69,40,767,1964,113576112,gas,FALSE,Nordrhein_Westfalen,TRUE,2,515,281 a,83,NA,NA,apartment,47179,3.5,1,1,3,FALSE,4
Sachsen_Anhalt,NA,8,2.28,2.4,485,1925,114088420,NA,FALSE,Sachsen_Anhalt,FALSE,1,320,NA,54.43,well_kept,NA,ground_floor,6800,2,NA,NA,2,FALSE,2
Nordrhein_Westfalen,60,16,4.57,10,700,NA,112805268,NA,TRUE,Nordrhein_Westfalen,TRUE,NA,640,26,44,fully_renovated,sophisticated,roof_storey,40589,2,2,2,2,FALSE,2
Sachsen_Anhalt,154.07,4,0.93,40,450.17,1928,114895425,gas,FALSE,Sachsen_Anhalt,TRUE,1,296.1,20,47,modernized,NA,apartment,39114,2,2,NA,2,FALSE,2
Sachsen,150,5,1.94,40,420,1900,110366481,gas,FALSE,Sachsen,TRUE,1,270,NA,63.3,fully_renovated,normal,NA,8468,3,NA,NA,3,FALSE,3
Hamburg,160,14,3.41,40,1780,2005,113832944,gas,TRUE,Hamburg,TRUE,6,1550,34,102,well_kept,sophisticated,penthouse,22605,3,2,2,3,FALSE,5
Baden_Württemberg,250,6,4.12,40,NA,1898,106973778,district_heating,FALSE,Baden_Württemberg,FALSE,1,1550,NA,130,NA,NA,NA,68161,5,NA,NA,5,FALSE,6
Sachsen,100,6,4.02,40,375,NA,110110768,gas,TRUE,Sachsen,FALSE,NA,275,26,44.9,refurbished,normal,roof_storey,4328,2,4,NA,2,FALSE,2
Sachsen,139.66,7,4.81,40,561.8,1908,112034963,NA,FALSE,Sachsen,TRUE,1,422.14,6,63.48,NA,NA,roof_storey,4315,2,4,NA,2,FALSE,3
Nordrhein_Westfalen,75,2,3.39,40,280.48,1971,107383724,gas,FALSE,Nordrhein_Westfalen,TRUE,3,205.48,13,46.3,well_kept,NA,apartment,32049,2,2,2,2,FALSE,2
Nordrhein_Westfalen,150,15,4,40,930,2012,111313876,gas,TRUE,Nordrhein_Westfalen,TRUE,8,780,25,65,refurbished,luxury,maisonette,41472,2.5,1,3,2,FALSE,3
Sachsen,130,12,4.08,40,455,NA,108994592,NA,FALSE,Sachsen,TRUE,NA,325,3,54,fully_renovated,sophisticated,other,8523,2,NA,NA,2,FALSE,2
Sachsen_Anhalt,85.73,5,1.59,2.4,1493.81,1900,114357866,district_heating,TRUE,Sachsen_Anhalt,TRUE,1,1264.49,3 e,107.16,first_time_use_after_refurbishment,sophisticated,penthouse,39104,4,3,3,4,FALSE,5
Nordrhein_Westfalen,185,2,3.55,40,820.95,1985,115650844,gas,FALSE,Nordrhein_Westfalen,FALSE,4,634.95,17,74.7,first_time_use,NA,NA,59555,2,2,3,2,FALSE,3
Bayern,100,23,6.71,40,NA,1981,111219380,gas,TRUE,Bayern,TRUE,4,1800,98,101.38,fully_renovated,sophisticated,apartment,81673,3,1,2,3,FALSE,5
Sachsen,85,12,0.97,40,295,2000,111166824,gas,FALSE,Sachsen,TRUE,5,210,40,38,modernized,NA,apartment,9557,2,2,2,2,FALSE,1
Bayern,150,21,4.62,NA,1150,2019,113505295,pellet_heating,FALSE,Bayern,TRUE,9,950,18,69,first_time_use,sophisticated,ground_floor,85435,2,1,2,2,FALSE,3
Hessen,225,7,6.02,40,1295,1991,73665584,gas,FALSE,Hessen,FALSE,5,1070,190,103,modernized,sophisticated,penthouse,64625,3,3,NA,3,FALSE,5
Brandenburg,150,29,4,40,533,1995,109622771,gas,FALSE,Brandenburg,TRUE,5,370,4 B,69,well_kept,normal,NA,15910,2,2,2,2,TRUE,3
Thüringen,140,3,2.65,40,465,1956,111260638,gas,FALSE,Thüringen,TRUE,2,325,127,64.19,well_kept,NA,apartment,7546,3,2,4,3,TRUE,3
Bremen,NA,15,3.55,40,NA,1901,111323494,gas,TRUE,Bremen,FALSE,1,750,NA,100,well_kept,NA,NA,28717,3.5,NA,NA,3,FALSE,4
Nordrhein_Westfalen,340,7,3.69,NA,1910,2019,110669122,solar_heating:gas,FALSE,Nordrhein_Westfalen,TRUE,9,1570,NA,136.77,first_time_use,NA,roof_storey,45133,4,3,3,4,FALSE,6
Nordrhein_Westfalen,100,3,3.28,10,750,NA,113789745,gas,FALSE,Nordrhein_Westfalen,FALSE,NA,650,64,65,NA,normal,roof_storey,42115,2,NA,2,2,FALSE,3
Nordrhein_Westfalen,200,11,4.42,NA,1500,2019,111691738,environmental_thermal_energy,FALSE,Nordrhein_Westfalen,TRUE,9,1300,NA,120,first_time_use,sophisticated,maisonette,51069,3,1,2,3,FALSE,5
Nordrhein_Westfalen,200,25,2.71,40,629,NA,115468899,district_heating,TRUE,Nordrhein_Westfalen,FALSE,NA,429,10,56,fully_renovated,sophisticated,roof_storey,44649,2,5,5,2,FALSE,2
Nordrhein_Westfalen,130,13,4.55,10,500,NA,93403649,oil,TRUE,Nordrhein_Westfalen,TRUE,NA,370,NA,50,NA,NA,ground_floor,44287,2,NA,NA,2,FALSE,2
Nordrhein_Westfalen,110,11,3.33,10,490,2011,105379314,gas,FALSE,Nordrhein_Westfalen,TRUE,8,380,62a,68,mint_condition,sophisticated,ground_floor,44536,2,1,2,2,FALSE,3
Sachsen_Anhalt,100,10,2.41,40,195,NA,115615886,gas,FALSE,Sachsen_Anhalt,FALSE,NA,195,19a,39,fully_renovated,normal,roof_storey,6406,2,3,3,2,FALSE,1
Sachsen,79,5,1.53,2.4,NA,1985,110244976,district_heating,FALSE,Sachsen,TRUE,4,369,37,67,NA,NA,ground_floor,9599,3,0,NA,3,FALSE,3
Sachsen,150.57,13,3.95,NA,675.57,2018,113768362,gas,FALSE,Sachsen,FALSE,9,495,40,68.44,first_time_use_after_refurbishment,NA,apartment,4229,3,2,4,3,FALSE,3
Sachsen_Anhalt,142,7,0,2.4,434,1958,93916040,steam_district_heating,TRUE,Sachsen_Anhalt,FALSE,2,292,20,59.5,refurbished,NA,apartment,6712,3,3,3,3,FALSE,2
Sachsen_Anhalt,66,7,1.01,2.4,465,1987,47094183,gas,FALSE,Sachsen_Anhalt,TRUE,4,315,22,65.4,well_kept,normal,apartment,39326,3,1,3,3,TRUE,3
Nordrhein_Westfalen,150,8,3.71,40,653.75,1981,113557346,oil,FALSE,Nordrhein_Westfalen,TRUE,4,403.75,112,85,NA,NA,apartment,44143,3.5,2,3,3,FALSE,4
Rheinland_Pfalz,150,5,3.71,40,650,NA,115373176,NA,FALSE,Rheinland_Pfalz,TRUE,NA,500,72,53,NA,NA,other,55122,1,NA,NA,1,FALSE,2
Nordrhein_Westfalen,35,5,2.91,40,NA,NA,111454454,NA,FALSE,Nordrhein_Westfalen,FALSE,NA,620,NA,44,NA,NA,apartment,47533,2.5,1,NA,2,FALSE,2
Sachsen,250,15,2.63,10,NA,NA,107479935,NA,TRUE,Sachsen,TRUE,NA,790,NA,104,well_kept,NA,apartment,1157,3,1,1,3,TRUE,5
Hessen,280,2,3.88,40,1430,1994,115638839,gas,FALSE,Hessen,TRUE,5,1150,33,95,well_kept,normal,ground_floor,65719,3,0,3,3,TRUE,4
Nordrhein_Westfalen,105,12,2.08,40,408,1972,115702591,gas,FALSE,Nordrhein_Westfalen,TRUE,3,263,5,41,NA,NA,apartment,47169,1.5,2,3,1,FALSE,2
Baden_Württemberg,200,6,4.65,40,870,1967,113823376,NA,FALSE,Baden_Württemberg,TRUE,2,670,14,67,NA,NA,roof_storey,72555,3,3,2,3,FALSE,3
Nordrhein_Westfalen,110,4,4.55,10,608,NA,110773270,district_heating,TRUE,Nordrhein_Westfalen,TRUE,NA,443,15,29,well_kept,normal,apartment,50939,1,2,4,1,FALSE,1
Hessen,150,13,4.65,40,450,1998,112831887,gas,TRUE,Hessen,FALSE,5,300,NA,30,well_kept,normal,half_basement,63512,1,-1,NA,1,FALSE,1
Schleswig_Holstein,207,3,4.55,40,875,2005,113790324,gas,TRUE,Schleswig_Holstein,TRUE,6,668,18,84,NA,NA,apartment,24558,3,2,NA,3,FALSE,4
Schleswig_Holstein,173,8,3.72,40,951,1972,113481368,gas:electricity,FALSE,Schleswig_Holstein,FALSE,3,719,16,83.39,NA,NA,apartment,21502,3,7,NA,3,FALSE,4
Niedersachsen,150,17,1.73,2.4,550,NA,115551056,gas,FALSE,Niedersachsen,TRUE,NA,400,11a,80,refurbished,normal,roof_storey,49759,3,2,2,3,FALSE,3
Sachsen,124,23,0.16,40,403,NA,110948903,NA,FALSE,Sachsen,FALSE,NA,279,NA,62,NA,simple,other,1731,2,1,2,2,FALSE,3
Hessen,75,8,3.23,10,500,1972,68029937,gas,TRUE,Hessen,TRUE,3,425,NA,50,well_kept,normal,ground_floor,65205,2,0,3,2,FALSE,2
Sachsen_Anhalt,250,19,1.57,NA,1240,2017,92177030,gas,FALSE,Sachsen_Anhalt,FALSE,9,990,NA,126,mint_condition,sophisticated,apartment,6484,4,1,NA,4,FALSE,6
Nordrhein_Westfalen,125,20,5.01,40,1275,1957,114644953,NA,FALSE,Nordrhein_Westfalen,FALSE,2,1150,20,68.76,NA,NA,apartment,40476,3,2,5,3,FALSE,3
Sachsen_Anhalt,220,13,3.23,NA,640,NA,104854640,natural_gas_light,FALSE,Sachsen_Anhalt,TRUE,NA,420,16,69.62,refurbished,normal,NA,6110,3,2,NA,3,FALSE,3
Hessen,135,6,3.03,40,963,1925,81823238,gas,TRUE,Hessen,TRUE,1,828,5,69,refurbished,sophisticated,raised_ground_floor,61350,2,0,2,2,TRUE,3
Baden_Württemberg,260,4,5.89,40,1110,2009,94373608,NA,FALSE,Baden_Württemberg,FALSE,7,850,NA,114,well_kept,NA,apartment,78166,3,3,2,3,FALSE,5
Nordrhein_Westfalen,120,13,3.16,40,602.5,1972,109937784,electricity,FALSE,Nordrhein_Westfalen,TRUE,3,482.5,2,85,well_kept,NA,ground_floor,51647,3,NA,NA,3,FALSE,4
Bayern,165,12,0,40,735,1920,80431638,oil,FALSE,Bayern,TRUE,1,425,10,102,well_kept,normal,raised_ground_floor,95100,3,0,5,3,TRUE,5
Nordrhein_Westfalen,125,9,4.24,40,1300,2019,111269593,gas,TRUE,Nordrhein_Westfalen,TRUE,9,1125,NA,90,first_time_use,luxury,apartment,51427,3,1,2,3,FALSE,4
Thüringen,130,3,-1.82,40,555,1982,99286988,gas,FALSE,Thüringen,TRUE,4,400,2-8A,61,well_kept,NA,NA,98646,3,NA,NA,3,TRUE,3
Mecklenburg_Vorpommern,100,6,1.56,40,365,1910,114865887,gas,TRUE,Mecklenburg_Vorpommern,TRUE,1,265,NA,37.5,well_kept,NA,roof_storey,23970,2,3,3,2,FALSE,1
Baden_Württemberg,280,11,6.28,NA,1580,2019,115523619,district_heating,TRUE,Baden_Württemberg,TRUE,9,1240,1,111.7,first_time_use,sophisticated,apartment,74906,4,4,5,4,FALSE,5
Niedersachsen,150,8,4.99,40,600,1960,82925531,gas,FALSE,Niedersachsen,TRUE,2,450,15 B,77.53,fully_renovated,sophisticated,ground_floor,30890,3,0,2,3,FALSE,3
Sachsen_Anhalt,60,10,-0.18,2.4,450.5,1961,113464617,district_heating,FALSE,Sachsen_Anhalt,TRUE,2,284,1,59.1,fully_renovated,NA,apartment,6217,3,2,3,3,FALSE,2
Nordrhein_Westfalen,110,13,3.39,2.4,569,1911,61233104,gas,FALSE,Nordrhein_Westfalen,TRUE,1,459,23,56,well_kept,normal,NA,59494,2,2,2,2,TRUE,2
Nordrhein_Westfalen,265.98,14,2.99,40,1448.1,2019,113544783,gas,FALSE,Nordrhein_Westfalen,TRUE,9,1182.12,NA,98.51,first_time_use,sophisticated,apartment,53117,4,1,3,4,FALSE,4
Rheinland_Pfalz,160,5,0,40,450,1972,109319804,district_heating,FALSE,Rheinland_Pfalz,TRUE,3,290,21,43,first_time_use_after_refurbishment,normal,penthouse,66953,2,6,6,2,FALSE,2
Nordrhein_Westfalen,250,4,3.48,2.4,1330,2017,111312367,gas,FALSE,Nordrhein_Westfalen,TRUE,9,1080,NA,109,mint_condition,sophisticated,roof_storey,50226,4,2,2,4,FALSE,5
Thüringen,100,0,1.79,2.4,750,NA,92422920,NA,FALSE,Thüringen,TRUE,NA,650,20,130,well_kept,normal,other,98587,4,1,2,4,FALSE,6
Baden_Württemberg,200,4,4.05,2.4,900,NA,107297144,NA,FALSE,Baden_Württemberg,FALSE,NA,700,1,70,first_time_use_after_refurbishment,NA,apartment,73547,3,1,NA,3,FALSE,3
Sachsen,100,8,1.94,2.4,307,1935,112089726,gas,TRUE,Sachsen,TRUE,1,207,92,46.2,refurbished,normal,other,8468,2,2,3,2,FALSE,2
Sachsen,130,8,0,2.4,370,1986,105379032,natural_gas_light,FALSE,Sachsen,FALSE,4,240,31,56.41,well_kept,normal,apartment,9557,3,4,6,3,FALSE,2
Nordrhein_Westfalen,155,10,3.41,NA,470,NA,113801700,gas,FALSE,Nordrhein_Westfalen,FALSE,NA,315,0,63,well_kept,NA,apartment,45968,2,1,NA,2,FALSE,3
Sachsen_Anhalt,92,10,3.42,NA,442,1968,109002126,district_heating,TRUE,Sachsen_Anhalt,TRUE,2,264,18,57.39,first_time_use_after_refurbishment,normal,apartment,6124,3,7,9,3,FALSE,2
Sachsen,107.42,8,3.63,2.4,304.96,1979,111671233,NA,FALSE,Sachsen,TRUE,3,197.54,41,46.7,NA,NA,apartment,8527,2,3,5,2,FALSE,2
Berlin,161.65,15,8.56,40,1893.09,2017,110664680,district_heating,TRUE,Berlin,TRUE,9,1640.6,41 c,97.9,first_time_use,sophisticated,apartment,10115,3,4,6,3,FALSE,4
Nordrhein_Westfalen,170,11,3.28,2.4,565,1980,112807622,natural_gas_heavy,TRUE,Nordrhein_Westfalen,TRUE,3,395,81,49.32,NA,NA,roof_storey,45478,2,2,2,2,FALSE,2
Sachsen,90,8,0,2.4,315,1961,107029076,district_heating,FALSE,Sachsen,TRUE,2,225,18a,45.28,refurbished,normal,apartment,9130,2,4,4,2,TRUE,2
Sachsen,170,7,4.35,10,663,1996,106827626,natural_gas_light,FALSE,Sachsen,FALSE,5,493,24,75.77,refurbished,NA,apartment,4157,2,2,3,2,FALSE,3
Sachsen,0,8,5.42,NA,795,NA,110969985,NA,TRUE,Sachsen,FALSE,NA,795,NA,50,NA,NA,NA,4177,2,1,NA,2,FALSE,2
Nordrhein_Westfalen,120,14,2.71,40,NA,NA,115630713,gas,FALSE,Nordrhein_Westfalen,TRUE,NA,300,75,60,modernized,normal,apartment,44649,2.5,1,2,2,FALSE,2
Niedersachsen,195,7,3.98,2.4,855,NA,112443845,NA,FALSE,Niedersachsen,FALSE,NA,557,134,79.1,NA,NA,NA,26131,3,2,NA,3,FALSE,3
Rheinland_Pfalz,150,1,5.17,NA,NA,1970,106900870,oil,FALSE,Rheinland_Pfalz,TRUE,2,490,NA,135,well_kept,NA,apartment,56727,4,1,3,4,FALSE,6
Nordrhein_Westfalen,156,2,3.06,2.4,624,1999,111367402,gas,FALSE,Nordrhein_Westfalen,TRUE,5,390,1,57.6,NA,NA,ground_floor,45527,2,NA,NA,2,FALSE,2
Sachsen_Anhalt,42.05,23,1.3,2.4,261.47,1955,114669931,electricity,FALSE,Sachsen_Anhalt,FALSE,2,219.42,NA,36.57,well_kept,NA,NA,6862,2,NA,1,2,FALSE,1
Sachsen,53.12,7,1.72,10,NA,1984,106519443,NA,FALSE,Sachsen,TRUE,4,180.61,40,26.56,NA,NA,apartment,1169,1,4,NA,1,FALSE,1
Sachsen,132,6,0.4,40,NA,1900,100544072,gas,FALSE,Sachsen,FALSE,1,240,NA,60,NA,NA,NA,4736,2,1,NA,2,FALSE,2
Nordrhein_Westfalen,160,10,3.85,2.4,630,1976,113263820,oil,TRUE,Nordrhein_Westfalen,TRUE,3,470,31,55,well_kept,normal,ground_floor,42579,2,1,2,2,FALSE,2
Hessen,NA,8,4.77,2.4,NA,1998,115215057,oil,FALSE,Hessen,TRUE,5,750,NA,77,first_time_use_after_refurbishment,NA,apartment,63456,3,1,NA,3,FALSE,3
Rheinland_Pfalz,115,7,3.7,40,601,1972,110889753,district_heating,FALSE,Rheinland_Pfalz,FALSE,3,421,2,46,NA,NA,NA,55122,1,9,20,1,FALSE,2
Brandenburg,71.73,2,1.75,40,466.12,1961,109467788,NA,FALSE,Brandenburg,TRUE,2,306.98,44,57.38,NA,NA,other,17291,3,4,NA,3,FALSE,2
Nordrhein_Westfalen,170,6,3.17,40,620,2000,107345138,natural_gas_light,FALSE,Nordrhein_Westfalen,FALSE,5,450,51 d,62,well_kept,sophisticated,apartment,59427,2.5,0,2,2,FALSE,3
Brandenburg,120,9,8.76,40,660,2019,113852413,gas,FALSE,Brandenburg,FALSE,9,540,NA,59.98,first_time_use,sophisticated,half_basement,14469,2,0,0,2,TRUE,2
Nordrhein_Westfalen,160,5,4.29,40,734.5,1968,103278032,local_heating,FALSE,Nordrhein_Westfalen,TRUE,2,471.5,18,77,well_kept,normal,apartment,45277,3.5,3,3,3,FALSE,3
Nordrhein_Westfalen,85,15,5.03,40,NA,1954,72172274,natural_gas_light,FALSE,Nordrhein_Westfalen,TRUE,2,520,NA,49,fully_renovated,normal,apartment,40227,2,2,5,2,FALSE,2
Sachsen,48,12,3.21,40,398,1900,110908361,gas,FALSE,Sachsen,FALSE,1,290,1b,48,refurbished,sophisticated,ground_floor,4808,2,1,4,2,FALSE,2
Sachsen_Anhalt,100,10,3.13,40,440,1970,103478984,district_heating,TRUE,Sachsen_Anhalt,FALSE,2,340,23,41.66,well_kept,NA,apartment,39108,2,3,5,2,FALSE,2
Sachsen_Anhalt,152,2,1.19,40,501,NA,113323643,NA,FALSE,Sachsen_Anhalt,TRUE,NA,349,27 e,61,well_kept,normal,apartment,6484,1,0,2,1,FALSE,3
Nordrhein_Westfalen,110,12,1.69,10,439.56,1987,104053432,electricity,FALSE,Nordrhein_Westfalen,TRUE,4,329.56,105A,75.16,NA,NA,apartment,45772,3.5,2,3,3,FALSE,3
Sachsen_Anhalt,52.3,2,0,40,366.1,1955,108524265,natural_gas_light,FALSE,Sachsen_Anhalt,FALSE,2,261.5,29,52.3,modernized,normal,apartment,6712,2,3,4,2,FALSE,2
Rheinland_Pfalz,180,9,3.29,NA,NA,2001,115578682,gas,TRUE,Rheinland_Pfalz,TRUE,6,615,44,78.5,modernized,NA,apartment,55411,3,NA,NA,3,FALSE,3
Nordrhein_Westfalen,30,5,3.5,40,366,2017,114270487,gas,TRUE,Nordrhein_Westfalen,FALSE,9,290,62a,63,mint_condition,normal,half_basement,33098,1,0,3,1,FALSE,3
Sachsen,99,14,0.2,40,279,1925,114964607,gas,FALSE,Sachsen,TRUE,1,180,52,45.15,NA,normal,ground_floor,9131,2,0,NA,2,TRUE,2
Thüringen,100,6,3.8,10,490,1908,111425017,gas,FALSE,Thüringen,FALSE,1,390,NA,63,modernized,NA,apartment,99086,2,3,4,2,FALSE,3
Nordrhein_Westfalen,79,4,1.89,40,619,1946,115320752,gas,FALSE,Nordrhein_Westfalen,TRUE,1,450,29,83.37,modernized,normal,apartment,45884,3.5,2,3,3,TRUE,4
Schleswig_Holstein,114,14,4.27,NA,1037,2019,112092044,district_heating,TRUE,Schleswig_Holstein,TRUE,9,865,8,61.75,first_time_use,sophisticated,apartment,22850,2,1,2,2,FALSE,3
Nordrhein_Westfalen,109,1,3.85,40,NA,1962,111365767,gas,FALSE,Nordrhein_Westfalen,FALSE,2,393.5,53,72,NA,NA,ground_floor,58638,3,NA,4,3,FALSE,3
Niedersachsen,245,4,1.95,40,NA,2019,111351734,gas,FALSE,Niedersachsen,TRUE,9,878.48,1,110,first_time_use,sophisticated,apartment,38154,3,2,3,3,FALSE,5
Sachsen,80,12,0,2.4,240,NA,108202575,gas,TRUE,Sachsen,FALSE,NA,160,46,29.07,refurbished,normal,NA,9113,1,NA,NA,1,FALSE,1
Nordrhein_Westfalen,140,29,3.76,NA,1100,NA,111162756,gas,FALSE,Nordrhein_Westfalen,FALSE,NA,780,253-255,130,fully_renovated,NA,apartment,45147,4,3,4,4,FALSE,6
Sachsen_Anhalt,110,16,0,2.4,355,NA,96556077,gas,FALSE,Sachsen_Anhalt,TRUE,NA,245,13,49,NA,normal,other,6729,3,NA,NA,3,FALSE,2
Sachsen,31,8,3.7,40,308,1984,110622951,district_heating,FALSE,Sachsen,TRUE,4,212,37,32.74,fully_renovated,normal,apartment,4207,1,5,5,1,FALSE,1
Sachsen,100,9,1.76,40,NA,1981,114315973,district_heating,TRUE,Sachsen,TRUE,4,350,5,66,fully_renovated,NA,apartment,8056,3,1,10,3,FALSE,3
Nordrhein_Westfalen,170,4,3.67,2.4,NA,1983,111377430,gas,FALSE,Nordrhein_Westfalen,TRUE,4,404.47,105,80.12,well_kept,NA,ground_floor,42579,3,0,3,3,FALSE,3
Sachsen,150,6,0,40,440,NA,113289535,gas,TRUE,Sachsen,TRUE,NA,290,22,66.51,refurbished,normal,NA,8304,2,3,2,2,FALSE,3
Schleswig_Holstein,NA,7,3.65,10,600,1994,114776933,gas,FALSE,Schleswig_Holstein,FALSE,5,600,85,52,well_kept,NA,half_basement,22869,2,NA,NA,2,FALSE,2
Niedersachsen,78,11,5.25,2.4,757.4,2018,110639127,gas,TRUE,Niedersachsen,FALSE,9,567,8b,53,mint_condition,sophisticated,roof_storey,31303,2,2,2,2,FALSE,2
Nordrhein_Westfalen,175,14,3.94,40,815,1972,114837138,gas,FALSE,Nordrhein_Westfalen,TRUE,3,640,NA,82,refurbished,sophisticated,NA,51515,3,2,NA,3,FALSE,4
Nordrhein_Westfalen,115,5,4.44,40,672,1964,111370962,gas,FALSE,Nordrhein_Westfalen,TRUE,2,512,88,64,modernized,normal,roof_storey,44225,2,5,5,2,FALSE,3
Nordrhein_Westfalen,100,5,2.91,10,750,NA,113310918,NA,FALSE,Nordrhein_Westfalen,TRUE,NA,650,1,58,NA,NA,other,33378,2,NA,NA,2,FALSE,2
Sachsen,120,4,0,40,NA,1972,106781620,district_heating,FALSE,Sachsen,TRUE,3,360,7,71,NA,NA,NA,9130,3,7,NA,3,FALSE,3
Niedersachsen,90,7,1.6,40,425,1900,115622556,gas,FALSE,Niedersachsen,FALSE,1,335,3,60,need_of_renovation,NA,other,34346,3,3,3,3,TRUE,2
Sachsen,220,29,1.52,2.4,869,1997,113608353,gas,TRUE,Sachsen,TRUE,5,649,24,109.02,fully_renovated,sophisticated,maisonette,8527,4,NA,NA,4,FALSE,5
Mecklenburg_Vorpommern,140,23,4.11,40,680,1997,115223416,gas,TRUE,Mecklenburg_Vorpommern,TRUE,5,540,4,61.4,NA,normal,roof_storey,19058,2,3,3,2,FALSE,3
Baden_Württemberg,100,18,4.88,NA,NA,2019,111988503,NA,TRUE,Baden_Württemberg,FALSE,9,770,13,34.9,first_time_use,sophisticated,NA,76135,1,NA,NA,1,FALSE,1
Sachsen,197,13,0.39,40,579.8,1900,108995436,NA,FALSE,Sachsen,TRUE,1,382.8,NA,77,refurbished,normal,roof_storey,8393,4,3,3,4,FALSE,3
Bayern,100,11,2.54,10,450,1995,95010139,oil,TRUE,Bayern,TRUE,5,350,NA,40,well_kept,NA,half_basement,82319,1.5,NA,NA,1,FALSE,1
Nordrhein_Westfalen,NA,26,2.56,10,1140,NA,111208571,NA,TRUE,Nordrhein_Westfalen,TRUE,NA,890,NA,155,NA,NA,ground_floor,46483,4,NA,NA,4,TRUE,7
Nordrhein_Westfalen,97.08,5,3.33,40,NA,1957,110484525,district_heating,FALSE,Nordrhein_Westfalen,FALSE,2,328.6,6,53,refurbished,sophisticated,terraced_flat,47226,2,0,NA,2,FALSE,2
Nordrhein_Westfalen,190,15,4.1,2.4,NA,1976,113639996,district_heating,TRUE,Nordrhein_Westfalen,TRUE,3,690,NA,76,well_kept,sophisticated,apartment,50354,2,1,3,2,FALSE,3
Nordrhein_Westfalen,240,21,1.91,2.4,NA,2015,113771093,gas,FALSE,Nordrhein_Westfalen,FALSE,8,850,NA,120,mint_condition,luxury,apartment,58730,3,2,NA,3,FALSE,5
Sachsen,165,13,2.62,NA,949.3,NA,108674555,gas,FALSE,Sachsen,TRUE,NA,784.3,48,71.3,first_time_use,sophisticated,apartment,1217,2,NA,1,2,TRUE,3
Sachsen,78.86,3,4.08,2.4,264.27,1979,110475325,NA,FALSE,Sachsen,FALSE,3,185.41,13,35.05,NA,NA,apartment,8523,1,9,11,1,FALSE,1
Baden_Württemberg,130,10,5.32,40,620,1988,65625967,oil,TRUE,Baden_Württemberg,TRUE,4,490,NA,55,well_kept,normal,roof_storey,70794,2,2,2,2,FALSE,2
Sachsen,96,5,-0.2,40,300,1925,113257806,gas,FALSE,Sachsen,TRUE,1,204,48,43.48,NA,normal,ground_floor,9131,1,0,NA,1,FALSE,2
Sachsen,65,6,0.21,40,415,NA,111098951,natural_gas_light,FALSE,Sachsen,TRUE,NA,285,9,65,mint_condition,normal,NA,9130,3,2,4,3,FALSE,3
Thüringen,186,14,2.16,40,1286,1898,115637228,NA,TRUE,Thüringen,TRUE,1,1100,NA,105,modernized,sophisticated,raised_ground_floor,99096,2,NA,NA,2,TRUE,5
Sachsen,89,7,0,40,276,1925,101749151,gas,FALSE,Sachsen,TRUE,1,187,52,40.55,well_kept,normal,apartment,9131,1,4,NA,1,FALSE,1
Nordrhein_Westfalen,119,18,4.81,40,700,2017,107314065,environmental_thermal_energy,FALSE,Nordrhein_Westfalen,TRUE,9,581,123,42.4,mint_condition,sophisticated,other,53227,2,1,2,2,FALSE,2
Nordrhein_Westfalen,105,9,1.72,10,NA,1972,71556105,NA,FALSE,Nordrhein_Westfalen,TRUE,3,455,4,82.65,fully_renovated,normal,apartment,57271,3,4,NA,3,TRUE,4
Nordrhein_Westfalen,82,7,2.23,2.4,506.22,1952,112790049,district_heating,FALSE,Nordrhein_Westfalen,TRUE,2,370.22,5,38.97,NA,NA,ground_floor,45529,2,NA,NA,2,FALSE,1
Sachsen,164,18,4.19,NA,808.4,2018,108437228,NA,FALSE,Sachsen,TRUE,9,644.4,11,68.19,first_time_use,NA,apartment,4179,2,NA,4,2,TRUE,3
Nordrhein_Westfalen,0,11,4.12,40,475,1914,110065260,gas,TRUE,Nordrhein_Westfalen,FALSE,1,475,NA,44,well_kept,normal,roof_storey,32257,1,1,NA,1,FALSE,2
Sachsen,100,10,3.32,40,395,1998,113369000,gas,FALSE,Sachsen,TRUE,5,295,138,43,NA,normal,roof_storey,4249,2,4,NA,2,FALSE,2
Sachsen_Anhalt,43,7,2.62,40,403,1960,111499980,district_heating,FALSE,Sachsen_Anhalt,FALSE,2,360,41,59.56,well_kept,NA,NA,6842,3,3,NA,3,FALSE,2
Hessen,200,7,3.47,40,NA,1984,112335688,oil,FALSE,Hessen,TRUE,4,740,NA,140,NA,NA,roof_storey,36148,4,2,NA,4,FALSE,6
Nordrhein_Westfalen,200,8,3.28,10,NA,1905,106747498,natural_gas_light,FALSE,Nordrhein_Westfalen,TRUE,1,650,NA,117,NA,NA,apartment,58332,4,4,NA,4,FALSE,5
Nordrhein_Westfalen,120,11,1.92,NA,720,1900,113341924,oil,FALSE,Nordrhein_Westfalen,TRUE,1,480,26,81,negotiable,normal,apartment,58285,3,2,3,3,FALSE,4
Sachsen_Anhalt,150,7,0,10,430,NA,107295839,NA,FALSE,Sachsen_Anhalt,TRUE,NA,280,24,69,NA,NA,other,6712,2,NA,NA,2,FALSE,3
Bayern,100,3,3.95,40,480,NA,115653238,NA,TRUE,Bayern,FALSE,NA,380,NA,32,modernized,NA,other,97204,1,2,2,1,FALSE,1
Nordrhein_Westfalen,100,7,4.69,40,522.09,1954,107358285,gas,FALSE,Nordrhein_Westfalen,TRUE,2,372.09,16,42.8,NA,NA,ground_floor,44339,2.5,NA,NA,2,FALSE,2
Baden_Württemberg,140,15,4.61,40,550,2017,113828346,NA,FALSE,Baden_Württemberg,FALSE,9,410,NA,26,NA,NA,apartment,76185,1.5,2,NA,1,FALSE,1
Brandenburg,185,10,3.28,10,600,NA,104618932,NA,FALSE,Brandenburg,TRUE,NA,415,22,73.45,NA,normal,roof_storey,1945,3.5,3,3,3,FALSE,3
Brandenburg,60,14,-0.79,40,900,1900,113044059,oil,TRUE,Brandenburg,FALSE,1,800,NA,63,NA,NA,terraced_flat,17268,2,0,NA,2,TRUE,3
Baden_Württemberg,150,10,4.89,10,900,1912,113770083,gas,FALSE,Baden_Württemberg,TRUE,1,750,33,110,well_kept,normal,NA,73033,3.5,3,4,3,FALSE,5
Sachsen,120,10,0,40,440,1991,115508284,oil,FALSE,Sachsen,TRUE,5,320,4d,63,negotiable,normal,roof_storey,9356,2,2,2,2,TRUE,3
Berlin,291.28,11,6.87,40,1747.63,1900,115218458,NA,TRUE,Berlin,FALSE,1,1456.35,68,97.09,refurbished,NA,apartment,10437,3,2,5,3,FALSE,4
Hessen,90,14,3.38,40,487,1903,110914603,natural_gas_light,FALSE,Hessen,TRUE,1,397,15,70,refurbished,normal,apartment,37213,2,1,1,2,FALSE,3
Nordrhein_Westfalen,140,10,1.75,10,640,1998,110647367,gas,FALSE,Nordrhein_Westfalen,TRUE,5,500,13,79,well_kept,normal,roof_storey,45891,2.5,3,3,2,FALSE,3
Sachsen,54,7,1.44,2.4,199,1903,114932788,gas:natural_gas_light,FALSE,Sachsen,TRUE,1,145,NA,33.4,NA,NA,apartment,8523,1.5,NA,5,1,FALSE,1
Bayern,110,25,6.29,10,NA,1995,110224769,NA,TRUE,Bayern,TRUE,5,650,NA,39,well_kept,normal,raised_ground_floor,80997,1,1,NA,1,FALSE,1
Sachsen,61.09,8,1.37,10,NA,1983,111065651,NA,FALSE,Sachsen,TRUE,4,185.92,37,26.56,NA,NA,apartment,1169,1,3,NA,1,FALSE,1
Schleswig_Holstein,170,15,3.68,40,790,1914,115470089,gas,TRUE,Schleswig_Holstein,TRUE,1,620,15,75,well_kept,normal,apartment,25335,3,3,4,3,FALSE,3
Niedersachsen,80,10,3.57,40,NA,1500,115269343,NA,TRUE,Niedersachsen,FALSE,1,1650,NA,156,mint_condition,NA,maisonette,21335,3.5,3,NA,3,FALSE,7
Baden_Württemberg,150,11,7.22,40,1170,2005,113853712,gas,TRUE,Baden_Württemberg,TRUE,6,1020,9,76,mint_condition,sophisticated,apartment,70806,3,2,3,3,FALSE,3
Sachsen,75.43,5,1.59,10,377.13,1980,109744590,district_heating,FALSE,Sachsen,FALSE,3,245.67,1a,43.1,well_kept,normal,apartment,1796,2,8,17,2,FALSE,2
Sachsen,79,6,1.18,40,NA,1964,113293798,district_heating,FALSE,Sachsen,TRUE,2,327,9,59.45,NA,NA,apartment,9599,3,4,NA,3,FALSE,2
Niedersachsen,108,3,1.79,40,NA,1940,106881036,gas,FALSE,Niedersachsen,TRUE,1,290,153,58.02,well_kept,normal,ground_floor,26388,3,NA,2,3,FALSE,2
Sachsen_Anhalt,80,13,2.33,2.4,279,1997,108979507,NA,FALSE,Sachsen_Anhalt,FALSE,5,199,10,40,fully_renovated,NA,roof_storey,39576,1,4,4,1,FALSE,1
Sachsen,85,15,1.92,40,NA,1911,114740649,natural_gas_heavy,TRUE,Sachsen,TRUE,1,390,5a,43.9,well_kept,sophisticated,ground_floor,1157,2,1,3,2,FALSE,2
Berlin,115.75,14,8.55,2.4,618.21,1927,111377979,gas,FALSE,Berlin,TRUE,1,502.46,67,62.75,modernized,sophisticated,raised_ground_floor,12105,2.5,0,4,2,TRUE,3
Sachsen,105,9,4.92,40,404,2007,87152170,gas,FALSE,Sachsen,TRUE,7,299,10,45.68,mint_condition,NA,ground_floor,4318,2,NA,4,2,TRUE,2
Sachsen,120,11,0,40,410,1920,108608884,gas,FALSE,Sachsen,TRUE,1,290,NA,59,well_kept,NA,apartment,9119,2,2,NA,2,FALSE,2
Niedersachsen,250,3,2.81,NA,1230,1900,115469629,gas,TRUE,Niedersachsen,FALSE,1,980,63,106,NA,normal,NA,37073,3,3,4,3,FALSE,5
Sachsen,80,13,1.69,2.4,320,1994,85031395,gas,TRUE,Sachsen,FALSE,5,240,NA,35.44,fully_renovated,NA,NA,9599,2,3,4,2,FALSE,1
Niedersachsen,270,21,-1.63,40,1870,2008,115669965,district_heating,TRUE,Niedersachsen,TRUE,7,1600,6,151,mint_condition,sophisticated,maisonette,38440,5,1,3,5,FALSE,7
Niedersachsen,90,4,2.89,40,NA,1951,61816048,natural_gas_light,FALSE,Niedersachsen,TRUE,2,291.2,24d,50.2,NA,NA,apartment,37574,2,1,2,2,FALSE,2
Hessen,350,25,5.28,2.4,2445,1999,109085597,district_heating,TRUE,Hessen,TRUE,5,1995,NA,128,fully_renovated,sophisticated,maisonette,60594,4,1,NA,4,TRUE,6
Sachsen,39.13,2,3.57,40,285,1981,106358235,NA,FALSE,Sachsen,FALSE,4,205.44,63,32.61,NA,NA,NA,4205,1,4,6,1,FALSE,1
Nordrhein_Westfalen,103,4,4.39,10,NA,1973,111407421,natural_gas_heavy,FALSE,Nordrhein_Westfalen,TRUE,3,306.49,86 B,62.3,well_kept,normal,apartment,44892,2,1,4,2,FALSE,3
Nordrhein_Westfalen,314,8,3.92,2.4,668,1937,106059777,gas,FALSE,Nordrhein_Westfalen,TRUE,1,354,0.083333333,83.64,well_kept,NA,ground_floor,58762,3,0,NA,3,FALSE,4
Nordrhein_Westfalen,100,8,2.08,40,490,NA,79649315,gas,FALSE,Nordrhein_Westfalen,TRUE,NA,390,42/44,84,fully_renovated,normal,apartment,45884,3.5,2,3,3,FALSE,4
Sachsen_Anhalt,122,6,0.19,40,352,1982,113867080,district_heating,FALSE,Sachsen_Anhalt,TRUE,4,230,21,41.73,refurbished,normal,apartment,6667,2,2,5,2,FALSE,2
Sachsen,95,8,4,2.4,335,1920,104359684,gas,FALSE,Sachsen,TRUE,1,240,NA,44.5,well_kept,normal,ground_floor,8233,2,0,3,2,TRUE,2
Rheinland_Pfalz,100,12,6.15,10,NA,NA,88154782,gas,TRUE,Rheinland_Pfalz,TRUE,NA,300,47,41,mint_condition,sophisticated,roof_storey,65629,2,3,3,2,FALSE,2
Hamburg,150,16,2.5,10,1300,1983,91335077,gas,TRUE,Hamburg,TRUE,4,1000,98,90,fully_renovated,sophisticated,roof_storey,22117,3,3,NA,3,FALSE,4
Baden_Württemberg,200,15,4.2,2.4,1150,1982,115561114,NA,TRUE,Baden_Württemberg,TRUE,4,950,NA,130,first_time_use_after_refurbishment,sophisticated,ground_floor,75056,4,0,1,4,FALSE,6
Sachsen,208.27,7,1.91,40,812.27,1920,115368868,NA,FALSE,Sachsen,TRUE,1,604,29,83.31,first_time_use_after_refurbishment,NA,apartment,1159,2,2,NA,2,FALSE,4
Sachsen,0,9,5.33,NA,690,1895,92973544,gas,TRUE,Sachsen,FALSE,1,690,NA,42,NA,NA,NA,4105,1,2,NA,1,FALSE,2
Bayern,133,8,7.06,10,1669,NA,110926654,district_heating,FALSE,Bayern,TRUE,NA,1475,NA,64.51,fully_renovated,NA,apartment,80469,2.5,2,4,2,FALSE,3
Nordrhein_Westfalen,400,19,4.75,NA,NA,2017,98943560,district_heating,FALSE,Nordrhein_Westfalen,TRUE,9,2050,15,140,first_time_use,luxury,apartment,40211,4,9,17,4,FALSE,6
Bayern,NA,4,4.7,40,950,NA,115597567,oil,TRUE,Bayern,FALSE,NA,950,NA,65,refurbished,normal,roof_storey,85356,2,2,2,2,FALSE,3
Sachsen,191.86,11,4.25,40,1635.42,2019,111072296,district_heating,TRUE,Sachsen,TRUE,9,1337.22,3,116.28,first_time_use,NA,apartment,1067,3,1,NA,3,FALSE,5
Nordrhein_Westfalen,310,17,4.9,40,NA,1971,107796774,natural_gas_light,FALSE,Nordrhein_Westfalen,TRUE,3,980,8,145,fully_renovated,NA,maisonette,40472,4,4,4,4,FALSE,6
Thüringen,150,11,2.14,40,535,NA,114670143,gas,FALSE,Thüringen,TRUE,NA,385,28,76.83,fully_renovated,normal,NA,7545,3,2,4,3,FALSE,3
Nordrhein_Westfalen,121,6,3.26,40,625,1997,109854470,district_heating,FALSE,Nordrhein_Westfalen,FALSE,5,504,3,67.15,fully_renovated,normal,apartment,33739,2,1,2,2,FALSE,3
Schleswig_Holstein,124,7,4.41,10,661.34,1962,110943202,district_heating,TRUE,Schleswig_Holstein,TRUE,2,537.34,17,64.74,NA,NA,apartment,23560,3,1,NA,3,FALSE,3
Sachsen_Anhalt,80,7,3.23,2.4,190,NA,107335868,natural_gas_light,FALSE,Sachsen_Anhalt,FALSE,NA,110,1,16,refurbished,normal,NA,6110,1,1,NA,1,FALSE,1
Hessen,135,8,3.81,40,784,1971,68379771,gas,TRUE,Hessen,TRUE,3,649,41,59,well_kept,normal,apartment,61350,2,1,2,2,TRUE,2
Sachsen_Anhalt,290,6,1.3,40,NA,NA,113559941,NA,FALSE,Sachsen_Anhalt,FALSE,NA,441,NA,90,NA,NA,roof_storey,6749,3,NA,NA,3,FALSE,4
Sachsen,110,7,0,2.4,390,1997,104186029,gas,FALSE,Sachsen,TRUE,5,280,5,55.58,modernized,normal,NA,8107,3,3,NA,3,FALSE,2
Nordrhein_Westfalen,55,6,2.08,40,315,1953,113577961,electricity,FALSE,Nordrhein_Westfalen,TRUE,2,220,18,36,well_kept,normal,raised_ground_floor,45881,1.5,0,3,1,FALSE,1
Berlin,55,1,9.65,40,399.84,1900,115232156,natural_gas_heavy,FALSE,Berlin,FALSE,1,309.84,204,35,well_kept,normal,apartment,12047,1,1,NA,1,FALSE,1
Bayern,135,6,4.46,40,1825,2019,115549276,gas,TRUE,Bayern,FALSE,9,1690,NA,67.58,first_time_use,NA,apartment,81545,2,1,4,2,TRUE,3
Nordrhein_Westfalen,100,16,2.6,40,NA,1960,115563641,district_heating,FALSE,Nordrhein_Westfalen,TRUE,2,409,37,72.2,fully_renovated,normal,apartment,45896,3,5,9,3,FALSE,3
Niedersachsen,175,12,1.92,2.4,NA,1985,110283487,gas,FALSE,Niedersachsen,FALSE,4,520,NA,96,well_kept,NA,NA,26532,4,0,NA,4,FALSE,4
Nordrhein_Westfalen,120,8,4.01,40,520,NA,114420304,gas,FALSE,Nordrhein_Westfalen,TRUE,NA,400,4,78.15,NA,NA,other,32457,3,NA,NA,3,TRUE,3
Baden_Württemberg,120,7,5.23,40,1294,1987,112729381,natural_gas_light,TRUE,Baden_Württemberg,TRUE,4,1094,95a,95.09,refurbished,luxury,apartment,76549,3,1,2,3,FALSE,4
Baden_Württemberg,160,8,0.69,2.4,1290,2019,114669547,gas,FALSE,Baden_Württemberg,FALSE,9,1080,NA,79.99,NA,normal,NA,79541,3,0,NA,3,FALSE,3
Hamburg,131,14,4.92,NA,1250,2017,111021262,solar_heating:gas,TRUE,Hamburg,TRUE,9,1059,NA,78.67,NA,NA,ground_floor,22391,2.5,NA,NA,2,FALSE,3
Niedersachsen,175,11,4.82,40,NA,1962,61327791,oil,FALSE,Niedersachsen,TRUE,2,800,25,89,NA,NA,apartment,37085,3,NA,NA,3,TRUE,4
Nordrhein_Westfalen,250,17,1.61,10,1149,1966,103205452,gas,TRUE,Nordrhein_Westfalen,TRUE,2,899,41,135,fully_renovated,luxury,terraced_flat,47929,3.5,1,1,3,TRUE,6
Bayern,145,0,4.89,NA,615,2019,114215716,gas,FALSE,Bayern,FALSE,9,435,NA,51.28,first_time_use,normal,ground_floor,87727,2,NA,NA,2,FALSE,2
Nordrhein_Westfalen,350,13,4.24,NA,1875,2018,108797265,geothermal,FALSE,Nordrhein_Westfalen,TRUE,9,1400,NA,132,first_time_use,sophisticated,roof_storey,51429,4,2,NA,4,FALSE,6
Berlin,319.74,11,6.54,NA,2018.38,NA,115442980,NA,FALSE,Berlin,FALSE,NA,1698.64,51/ 52,99.92,refurbished,NA,maisonette,10435,3,5,5,3,FALSE,4
Sachsen,112,6,3.13,NA,462,1996,106822345,gas,FALSE,Sachsen,FALSE,5,350,33-35,50.88,first_time_use_after_refurbishment,NA,apartment,4425,2,NA,2,2,FALSE,2
Nordrhein_Westfalen,274.8,16,5.08,10,1470.8,2001,106767161,combined_heat_and_power_regenerative_energy,FALSE,Nordrhein_Westfalen,FALSE,6,1196,7,92,well_kept,sophisticated,ground_floor,50667,2,1,6,2,FALSE,4
Nordrhein_Westfalen,150,13,3.95,40,730,NA,111314873,gas,FALSE,Nordrhein_Westfalen,TRUE,NA,580,8,65,fully_renovated,normal,NA,45356,3,2,2,3,FALSE,3
Sachsen,70,10,3.39,40,NA,1938,75949787,NA,FALSE,Sachsen,TRUE,1,325,58,49.97,refurbished,NA,apartment,4289,2,1,1,2,FALSE,2
Berlin,100,19,10.17,40,1000,1975,111391200,district_heating,TRUE,Berlin,TRUE,3,845,36,41.58,NA,NA,apartment,10557,2,6,7,2,FALSE,2
Thüringen,90,7,0,2.4,200,1984,104739856,district_heating,FALSE,Thüringen,TRUE,4,110,14,19.38,modernized,normal,apartment,99817,1,4,5,1,FALSE,1
Baden_Württemberg,190,12,5.76,NA,NA,2019,115197065,district_heating,TRUE,Baden_Württemberg,TRUE,9,1120,88,86.02,NA,sophisticated,apartment,71522,3.5,1,4,3,FALSE,4
Niedersachsen,150,12,3.8,40,880,2014,106731734,gas,TRUE,Niedersachsen,FALSE,8,660,NA,67,NA,NA,maisonette,21435,2,NA,NA,2,FALSE,3
Hessen,740,10,5.16,10,NA,NA,53602935,NA,TRUE,Hessen,TRUE,NA,4500,NA,225,mint_condition,luxury,penthouse,60325,6,4,4,5,FALSE,7
Sachsen,175,7,5.88,40,798,1913,106995356,NA,FALSE,Sachsen,TRUE,1,623,10,70,first_time_use_after_refurbishment,sophisticated,apartment,4317,2,1,NA,2,FALSE,3
Sachsen,52,12,2.6,40,520,NA,104831577,NA,FALSE,Sachsen,FALSE,NA,365,11c,56,NA,normal,half_basement,1445,2,NA,NA,2,FALSE,2
Niedersachsen,199,27,4.21,40,898,2017,101864443,district_heating,TRUE,Niedersachsen,TRUE,9,699,5,69.96,mint_condition,luxury,ground_floor,30880,2,1,7,2,TRUE,3
Rheinland_Pfalz,255,7,3.54,NA,1335,2018,107373053,district_heating,TRUE,Rheinland_Pfalz,FALSE,9,1080,29,91.04,NA,NA,ground_floor,55131,3,NA,5,3,FALSE,4
Sachsen_Anhalt,55,11,3.92,40,530,1961,105699282,gas,FALSE,Sachsen_Anhalt,TRUE,2,440,8,58.09,first_time_use_after_refurbishment,luxury,apartment,39638,2,2,2,2,FALSE,2
Sachsen_Anhalt,70,3,4.69,40,NA,1972,109066811,district_heating,FALSE,Sachsen_Anhalt,FALSE,3,368,7,58.44,refurbished,NA,NA,6130,3,4,NA,3,FALSE,2
Hessen,600,22,3.66,5,2000,1984,106195760,oil,TRUE,Hessen,TRUE,4,1400,NA,163,fully_renovated,sophisticated,terraced_flat,61273,6,0,2,5,TRUE,7
Nordrhein_Westfalen,100,14,1.68,40,NA,1962,113825439,oil,FALSE,Nordrhein_Westfalen,TRUE,2,670,NA,105,NA,NA,apartment,58097,3,1,NA,3,FALSE,5
Bayern,300,30,4.61,40,2250,2008,112425730,gas,TRUE,Bayern,TRUE,7,1950,20,160,first_time_use,luxury,loft,82140,3,3,3,3,TRUE,7
Baden_Württemberg,165,10,5.51,40,NA,1881,115231211,gas,TRUE,Baden_Württemberg,FALSE,1,595,4A,21,well_kept,NA,apartment,70178,1,1,NA,1,FALSE,1
Sachsen,376,12,0.93,40,1539,NA,111880736,NA,TRUE,Sachsen,TRUE,NA,1163,8,178.9,NA,sophisticated,apartment,1796,4,2,3,4,FALSE,7
Sachsen_Anhalt,80,9,0.35,40,330,1996,113041651,gas,FALSE,Sachsen_Anhalt,FALSE,5,230,NA,35,NA,NA,ground_floor,6198,2,NA,4,2,FALSE,1
Niedersachsen,110,4,4.85,10,NA,1940,113584175,gas,FALSE,Niedersachsen,TRUE,1,320,29,59.45,well_kept,normal,ground_floor,26388,3,NA,2,3,FALSE,2
Brandenburg,80,2,3.17,NA,482.73,1930,110600664,district_heating,FALSE,Brandenburg,TRUE,1,322.73,12,54.7,NA,NA,apartment,15517,3,2,4,3,FALSE,2
Sachsen,460,20,2.06,40,3265,2018,112824223,district_heating,FALSE,Sachsen,TRUE,9,2805,NA,187.1,NA,normal,maisonette,1067,5.5,5,NA,5,FALSE,7
Berlin,250,10,8.74,40,1125,1990,105407548,oil,TRUE,Berlin,TRUE,4,875,NA,81,well_kept,sophisticated,apartment,14052,2,1,3,2,TRUE,4
Sachsen,130,12,4.55,40,499,1997,109393079,gas,FALSE,Sachsen,FALSE,5,369,3,55.99,refurbished,NA,apartment,4318,2,3,4,2,FALSE,2
Brandenburg,180,4,4,40,NA,NA,115522759,NA,FALSE,Brandenburg,TRUE,NA,590,NA,130,refurbished,sophisticated,roof_storey,3185,3,2,NA,3,FALSE,6
Hessen,NA,9,5.66,2.4,540,NA,107344212,NA,TRUE,Hessen,TRUE,NA,410,35,45,NA,NA,roof_storey,65929,2,NA,NA,2,FALSE,2
Nordrhein_Westfalen,408,19,5.88,NA,1850,2017,110541817,district_heating,TRUE,Nordrhein_Westfalen,TRUE,9,1442,8,127.4,mint_condition,sophisticated,ground_floor,40235,4,0,NA,4,TRUE,6
Nordrhein_Westfalen,100,9,4.57,10,674,1960,113715003,gas,FALSE,Nordrhein_Westfalen,TRUE,2,504,240,56,well_kept,normal,apartment,40470,2,2,4,2,FALSE,2
Bayern,205,7,4.24,NA,1225,2018,111065625,NA,FALSE,Bayern,TRUE,9,1020,NA,84,first_time_use,NA,apartment,82515,3,2,NA,3,FALSE,4
Sachsen,140,13,0,40,390,NA,109403835,district_heating,FALSE,Sachsen,FALSE,NA,250,44,55.16,refurbished,sophisticated,NA,9130,2,1,4,2,TRUE,2
Sachsen,150,0,0,NA,500,1997,111329827,heat_supply,TRUE,Sachsen,TRUE,5,350,18,53,well_kept,normal,apartment,8373,1,1,3,1,FALSE,2
Berlin,170,3,5.82,40,1567.7,1910,115169848,oil,FALSE,Berlin,FALSE,1,1247.7,53,145,well_kept,normal,ground_floor,14199,4.5,0,4,4,FALSE,6
Nordrhein_Westfalen,450,7,4.72,NA,3100,2017,110210726,NA,TRUE,Nordrhein_Westfalen,TRUE,9,2650,15,115,mint_condition,sophisticated,apartment,40211,3,NA,NA,3,FALSE,5
Sachsen,158.5,15,0,40,476,1985,105639505,district_heating,FALSE,Sachsen,FALSE,4,317.5,NA,70,fully_renovated,NA,roof_storey,8066,3,5,NA,3,FALSE,3
Mecklenburg_Vorpommern,180,0,1.69,2.4,630,NA,110618919,gas,TRUE,Mecklenburg_Vorpommern,FALSE,NA,450,10,63,NA,normal,other,18445,1,NA,NA,1,TRUE,3
Schleswig_Holstein,140,4,3.73,2.4,793.83,1976,112945935,gas,TRUE,Schleswig_Holstein,TRUE,3,606.83,1a,77.9,NA,NA,ground_floor,24161,3,NA,NA,3,FALSE,3
Bayern,0,12,5.88,40,650,1996,103178948,gas,TRUE,Bayern,FALSE,5,650,NA,20,NA,NA,NA,90762,1,1,NA,1,FALSE,1
Bayern,200,13,3.98,40,1410,NA,113430479,NA,TRUE,Bayern,TRUE,NA,1130,NA,88,NA,NA,apartment,86150,3,1,NA,3,FALSE,4
Baden_Württemberg,0,5,4.38,40,920,NA,115663120,NA,TRUE,Baden_Württemberg,FALSE,NA,920,NA,50,NA,NA,roof_storey,70599,2.5,2,NA,2,FALSE,2
Bayern,0,20,7.06,2.4,1250,1994,111420541,district_heating,FALSE,Bayern,TRUE,5,1250,41,29,NA,NA,NA,80336,1,1,NA,1,FALSE,1
Nordrhein_Westfalen,173,5,3.13,10,713,1998,110782366,gas,FALSE,Nordrhein_Westfalen,FALSE,5,540,9,74.38,NA,NA,apartment,45309,3,2,NA,3,FALSE,3
Bayern,350,17,7.56,40,4120,2008,54796919,gas,TRUE,Bayern,TRUE,7,3700,7,212,fully_renovated,luxury,roof_storey,81667,4,4,4,4,FALSE,7
Thüringen,65,5,2.31,40,500,1983,112883801,oil,FALSE,Thüringen,TRUE,4,355,30,70,first_time_use_after_refurbishment,normal,apartment,99974,3,2,3,3,FALSE,3
Hamburg,250,20,3.24,40,2360,1994,115336585,gas,TRUE,Hamburg,TRUE,5,1950,9a,135,NA,NA,NA,22605,3,2,NA,3,TRUE,6
Bremen,250,20,1.79,10,1250,NA,93721769,NA,FALSE,Bremen,FALSE,NA,1050,167,125,first_time_use_after_refurbishment,luxury,maisonette,27568,4,5,5,4,FALSE,6
Berlin,151,27,10.95,10,1399,NA,110091597,gas,TRUE,Berlin,FALSE,NA,1189,5,82,refurbished,NA,apartment,13353,3,2,5,3,FALSE,4
Sachsen,0,6,4.41,NA,600,NA,83176394,NA,FALSE,Sachsen,FALSE,NA,600,NA,40,NA,NA,NA,4277,1,2,NA,1,FALSE,1
Bayern,NA,4,6.25,NA,1469,NA,111420575,NA,FALSE,Bayern,FALSE,NA,1290,Xx,69,NA,NA,loft,81825,2,NA,NA,2,FALSE,3
Nordrhein_Westfalen,142,6,2.35,40,837.14,1971,112886218,gas,FALSE,Nordrhein_Westfalen,TRUE,3,597.14,3,77.05,NA,NA,ground_floor,52074,3,NA,NA,3,FALSE,3
Thüringen,140,9,2.24,40,550,1936,81109513,natural_gas_light,FALSE,Thüringen,FALSE,1,410,4,63,refurbished,normal,other,99092,3,1,3,3,FALSE,3
Nordrhein_Westfalen,180,7,5.77,NA,1175,2016,110480883,gas,TRUE,Nordrhein_Westfalen,TRUE,9,995,76,63,mint_condition,luxury,NA,40476,2,1,6,2,FALSE,3
Sachsen,100,9,2.13,40,630,NA,109409312,NA,FALSE,Sachsen,TRUE,NA,430,NA,100,NA,normal,other,8525,4,4,NA,4,FALSE,4
Sachsen_Anhalt,83,14,1.7,2.4,NA,1870,112604752,gas,FALSE,Sachsen_Anhalt,TRUE,1,495,90,108,modernized,NA,apartment,6449,3.5,1,NA,3,FALSE,5
Bayern,150,24,6.11,40,949,2016,110283342,gas,TRUE,Bayern,TRUE,9,799,4,101.23,mint_condition,sophisticated,ground_floor,91456,3,0,1,3,FALSE,5
Hessen,220,14,4.9,40,1420,NA,115618584,gas,TRUE,Hessen,TRUE,NA,1200,NA,80,mint_condition,NA,roof_storey,60320,2,2,2,2,TRUE,3
Sachsen,118,6,0.19,40,NA,1928,113616296,NA,FALSE,Sachsen,FALSE,1,357,122,51,well_kept,normal,apartment,9127,2,2,4,2,FALSE,2
Nordrhein_Westfalen,110,13,3.08,40,450,1964,113643034,oil,TRUE,Nordrhein_Westfalen,FALSE,2,340,15,28,first_time_use_after_refurbishment,NA,ground_floor,42285,1,NA,NA,1,FALSE,1
Berlin,50,7,6.08,40,549,1997,113322564,district_heating,TRUE,Berlin,FALSE,5,449,76D,47,well_kept,normal,apartment,12559,1,2,4,1,FALSE,2
Brandenburg,94,16,8.14,40,944.24,NA,93850096,gas,TRUE,Brandenburg,TRUE,NA,660.24,62,94.32,fully_renovated,normal,apartment,16727,2,1,3,2,FALSE,4
Hessen,200,11,2.9,40,600,1979,115550998,gas,FALSE,Hessen,TRUE,3,400,NA,74.32,well_kept,NA,ground_floor,34587,4,NA,1,4,FALSE,3
Mecklenburg_Vorpommern,70,7,2,10,450,1980,99066610,district_heating,FALSE,Mecklenburg_Vorpommern,FALSE,3,310,3,64.3,well_kept,normal,apartment,18437,3,4,4,3,FALSE,3
Sachsen,150,10,4.76,40,599,1930,107012680,gas,FALSE,Sachsen,FALSE,1,449,25,68.08,well_kept,normal,apartment,4159,2,3,5,2,FALSE,3
Sachsen,71,10,1.37,10,525,1982,109001851,district_heating,FALSE,Sachsen,TRUE,4,340,5,64.27,fully_renovated,normal,apartment,1169,3,4,5,3,FALSE,3
Nordrhein_Westfalen,175,9,5.03,10,902.3,1940,110658241,district_heating,FALSE,Nordrhein_Westfalen,FALSE,1,669.3,42,72.75,well_kept,NA,apartment,40215,2,3,4,2,FALSE,3
Sachsen,119,8,4.08,2.4,614,NA,105446995,gas,FALSE,Sachsen,TRUE,NA,400,NA,95.48,NA,normal,apartment,8523,4,1,NA,4,FALSE,4
Nordrhein_Westfalen,135,10,4.37,2.4,950,1985,111783106,gas,FALSE,Nordrhein_Westfalen,FALSE,4,730,114,75.01,well_kept,NA,apartment,50859,2,1,NA,2,FALSE,3
Sachsen,55.32,11,3.22,40,471.24,1991,115359448,NA,FALSE,Sachsen,FALSE,5,366.13,75,55.32,refurbished,NA,apartment,4329,2,4,NA,2,FALSE,2
Sachsen,160,9,1.79,40,477.68,NA,68839390,gas,FALSE,Sachsen,FALSE,NA,317.68,15,79.42,fully_renovated,normal,apartment,2826,3,1,2,3,FALSE,3
Baden_Württemberg,300,19,6.22,40,1890,2014,114744585,gas,TRUE,Baden_Württemberg,TRUE,8,1590,77,130,mint_condition,sophisticated,penthouse,74081,4,2,2,4,FALSE,6
Berlin,209.65,16,10.4,NA,1289.65,2018,106922848,district_heating,TRUE,Berlin,TRUE,9,1080,21,59.9,first_time_use,luxury,terraced_flat,10963,2,11,14,2,TRUE,2
Sachsen,136,14,4.16,10,921,2019,109933562,NA,FALSE,Sachsen,TRUE,9,785,57,68.22,first_time_use,sophisticated,apartment,4157,3,4,NA,3,FALSE,3
Sachsen,74,18,2.04,40,498,1910,86643119,gas,FALSE,Sachsen,TRUE,1,350,7,74,refurbished,normal,roof_storey,9131,3,5,5,3,TRUE,3
Sachsen_Anhalt,70,9,0.34,2.4,420,NA,115524580,NA,TRUE,Sachsen_Anhalt,FALSE,NA,260,22,37.65,NA,NA,ground_floor,6246,1,NA,NA,1,TRUE,1
Brandenburg,60,11,0,40,365,1984,104611263,gas,FALSE,Brandenburg,TRUE,4,245,38,54,well_kept,simple,apartment,16928,2,3,3,2,TRUE,2
Rheinland_Pfalz,230,12,3.89,40,1120,2013,115601545,gas,TRUE,Rheinland_Pfalz,TRUE,8,890,NA,90,mint_condition,luxury,apartment,67122,3,2,3,3,FALSE,4
Sachsen,160,11,1.37,40,470,1900,113809296,gas,FALSE,Sachsen,TRUE,1,310,53,64,fully_renovated,NA,raised_ground_floor,1662,2,0,NA,2,TRUE,3
Mecklenburg_Vorpommern,120,12,1.42,40,450,NA,110546448,natural_gas_heavy,FALSE,Mecklenburg_Vorpommern,TRUE,NA,330,35,48,negotiable,normal,roof_storey,23966,2,3,3,2,FALSE,2
Sachsen,236,19,3.26,NA,1340.53,2018,114669390,district_heating,FALSE,Sachsen,TRUE,9,1104.53,9b,98.18,first_time_use,NA,apartment,4179,4,3,4,4,FALSE,4
Thüringen,180,7,0,40,565,1990,112896091,steam_district_heating,FALSE,Thüringen,TRUE,4,385,2,70.44,first_time_use_after_refurbishment,NA,roof_storey,99097,3,4,5,3,FALSE,3
Hessen,120,0,3.29,40,520,1971,113866313,gas,TRUE,Hessen,FALSE,3,400,26,40,fully_renovated,normal,half_basement,35447,2,NA,NA,2,FALSE,1
Bayern,160,5,5.31,40,720,1965,111362949,gas,TRUE,Bayern,TRUE,2,547,17,62,well_kept,normal,NA,86152,2,4,4,2,FALSE,3
Nordrhein_Westfalen,114,2,4.74,40,580,1951,115284222,gas,FALSE,Nordrhein_Westfalen,TRUE,2,419,17,53.03,NA,NA,apartment,44369,2,1,NA,2,FALSE,2
Mecklenburg_Vorpommern,180,15,1.54,40,788,1994,115133149,gas,TRUE,Mecklenburg_Vorpommern,TRUE,5,608,8,78,NA,NA,NA,23970,3,1,3,3,FALSE,3
Sachsen,59,3,0.95,2.4,NA,NA,112444431,district_heating,FALSE,Sachsen,TRUE,NA,287,1,54.06,refurbished,NA,apartment,2977,2,2,NA,2,FALSE,2
Sachsen,180,13,0,5,645,1900,110491406,gas,FALSE,Sachsen,TRUE,1,465,14,93,fully_renovated,normal,NA,8393,4,1,4,4,TRUE,4
Bayern,140,1,3.07,10,530,2013,90517211,pellet_heating,FALSE,Bayern,TRUE,8,365,2,58,well_kept,sophisticated,apartment,94357,2,2,2,2,FALSE,2
Nordrhein_Westfalen,130,8,2.49,40,470,1950,115060298,gas,FALSE,Nordrhein_Westfalen,TRUE,1,340,13,55,well_kept,normal,apartment,47803,2,2,3,2,TRUE,2
Niedersachsen,260,11,3.94,2.4,1250,1996,115701301,NA,TRUE,Niedersachsen,FALSE,5,990,25,116,modernized,sophisticated,maisonette,21218,4,NA,3,4,FALSE,5
Hessen,230,12,4.55,40,1520,2019,112906097,gas,FALSE,Hessen,FALSE,9,1290,NA,104.07,first_time_use,NA,ground_floor,64347,3,NA,4,3,FALSE,5
Berlin,170,15,6.65,40,989,1990,115690229,gas,TRUE,Berlin,FALSE,4,749,4a,69.75,well_kept,normal,apartment,13629,2,4,6,2,FALSE,3
Nordrhein_Westfalen,250,17,3.23,40,995,NA,111395990,NA,FALSE,Nordrhein_Westfalen,TRUE,NA,745,151,135,NA,normal,maisonette,47805,4,3,3,4,TRUE,6
Bayern,NA,4,2.84,10,990,2019,113331897,gas,FALSE,Bayern,TRUE,9,990,22,96.93,first_time_use,sophisticated,maisonette,84028,3,2,2,3,FALSE,4
Nordrhein_Westfalen,140,6,3.28,10,430,NA,93671322,NA,FALSE,Nordrhein_Westfalen,FALSE,NA,250,1,33,NA,normal,NA,42109,1,5,5,1,FALSE,1
Bayern,116,12,4.82,10,976,2017,111313048,gas,TRUE,Bayern,TRUE,9,960,13,46,mint_condition,sophisticated,roof_storey,85435,1.5,2,2,1,FALSE,2
Rheinland_Pfalz,45,13,1.39,40,540,NA,115015860,NA,TRUE,Rheinland_Pfalz,FALSE,NA,495,8,74,NA,NA,NA,56812,1.5,3,5,1,FALSE,3
Nordrhein_Westfalen,150,6,3.03,10,520,NA,112107235,oil,FALSE,Nordrhein_Westfalen,TRUE,NA,370,NA,60,well_kept,normal,roof_storey,45475,3.5,2,2,3,FALSE,2
Thüringen,163.56,8,2,2.4,471.92,1995,110880332,NA,FALSE,Thüringen,TRUE,5,308.36,NA,53.45,NA,NA,apartment,99974,2,NA,3,2,FALSE,2
Sachsen,150,10,1.6,2.4,600,NA,115388461,gas,FALSE,Sachsen,TRUE,NA,450,7,87,first_time_use_after_refurbishment,sophisticated,apartment,8397,3,1,2,3,FALSE,4
Sachsen,135,9,1.27,NA,360,1900,115649673,gas,FALSE,Sachsen,FALSE,1,225,NA,45,refurbished,normal,roof_storey,1705,1,4,NA,1,FALSE,2
Sachsen_Anhalt,50,3,3,40,405,1962,113344242,NA,FALSE,Sachsen_Anhalt,FALSE,2,310,1,46.2,NA,NA,other,6844,2,2,NA,2,FALSE,2
Rheinland_Pfalz,200,7,4.68,2.4,589,NA,114650993,gas,TRUE,Rheinland_Pfalz,TRUE,NA,389,41,60,well_kept,normal,apartment,55583,2,1,4,2,FALSE,2
Rheinland_Pfalz,170,17,4.21,40,NA,1964,111266986,gas,TRUE,Rheinland_Pfalz,FALSE,2,450,NA,75,well_kept,simple,roof_storey,76726,2,NA,NA,2,FALSE,3
Nordrhein_Westfalen,195,17,2.09,10,940,NA,58665597,oil,FALSE,Nordrhein_Westfalen,TRUE,NA,585,2,99,well_kept,normal,apartment,42859,3,3,3,3,TRUE,4
Rheinland_Pfalz,100,6,4.59,40,NA,1910,110338458,gas,FALSE,Rheinland_Pfalz,TRUE,1,500,NA,90,modernized,NA,apartment,56727,4,2,NA,4,FALSE,4
Sachsen,130,21,1.3,40,510,1933,67586598,gas,FALSE,Sachsen,TRUE,1,380,19d,58,fully_renovated,normal,NA,1705,2,2,3,2,TRUE,2
Sachsen_Anhalt,62,10,1.64,2.4,460,1955,109003061,district_heating,FALSE,Sachsen_Anhalt,TRUE,2,280.5,33,65.22,refurbished,NA,ground_floor,6217,3,NA,3,3,FALSE,3
Nordrhein_Westfalen,130,1,2.11,40,710,1899,113854901,gas,FALSE,Nordrhein_Westfalen,TRUE,1,580,5,100,well_kept,NA,apartment,44651,3.5,2,4,3,FALSE,4
Sachsen,86,10,-0.2,40,265,1894,110922296,gas,FALSE,Sachsen,TRUE,1,179,32,35.85,well_kept,NA,ground_floor,9131,1,NA,NA,1,FALSE,1
Nordrhein_Westfalen,115,10,3.33,10,570,1958,107317072,district_heating,FALSE,Nordrhein_Westfalen,TRUE,2,380,28,66,well_kept,NA,apartment,47226,3,3,3,3,FALSE,3
Nordrhein_Westfalen,245,12,3.85,40,931,1929,115522815,gas,FALSE,Nordrhein_Westfalen,TRUE,1,689,23,98,first_time_use_after_refurbishment,sophisticated,apartment,42699,3,NA,2,3,FALSE,4
Sachsen,252,17,3.58,NA,1573.61,2018,105151535,district_heating,FALSE,Sachsen,TRUE,9,1321.61,11B,104.89,first_time_use,luxury,roof_storey,4179,4,4,4,4,FALSE,5
Baden_Württemberg,75,0,5.16,2.4,595,1904,109686815,gas,TRUE,Baden_Württemberg,TRUE,1,520,46,34,fully_renovated,sophisticated,other,69120,1,3,4,1,FALSE,1
Sachsen,147,8,3.62,40,NA,1900,115460103,gas,FALSE,Sachsen,FALSE,1,337,285,61.43,well_kept,normal,apartment,4159,2,1,4,2,FALSE,3
Sachsen,190,7,0.77,2.4,510,NA,72424119,NA,FALSE,Sachsen,TRUE,NA,320,NA,66,refurbished,normal,apartment,9456,3,1,NA,3,TRUE,3
Bayern,70,6,7.06,40,390,NA,107427368,gas,TRUE,Bayern,FALSE,NA,320,NA,44,well_kept,NA,apartment,94032,1,NA,3,1,FALSE,2
Sachsen,140,7,0,40,465,1920,107378315,gas,FALSE,Sachsen,FALSE,1,325,27,70.75,well_kept,NA,other,9131,3,3,NA,3,TRUE,3
Baden_Württemberg,60,8,7.44,40,530,1975,111417850,gas,TRUE,Baden_Württemberg,TRUE,3,470,115,25,fully_renovated,normal,apartment,70190,1,1,4,1,FALSE,1
Nordrhein_Westfalen,120,8,2.48,40,530,1942,114102482,gas,FALSE,Nordrhein_Westfalen,FALSE,1,410,4,72,well_kept,NA,roof_storey,45770,3.5,3,3,3,FALSE,3
Hessen,320,12,NA,40,1736,2010,113684717,district_heating,TRUE,Hessen,TRUE,7,1416,10,117.97,well_kept,NA,apartment,60438,4,1,NA,4,FALSE,5
Sachsen,48,11,4.06,40,524,1984,113498231,district_heating,FALSE,Sachsen,TRUE,4,380,12,69,fully_renovated,NA,apartment,4207,2,4,5,2,FALSE,3
Sachsen_Anhalt,88,8,3.35,NA,443,1967,109002399,district_heating,FALSE,Sachsen_Anhalt,FALSE,2,251,1,54.47,refurbished,normal,apartment,6124,3,5,5,3,FALSE,2
Nordrhein_Westfalen,150,14,4.25,40,780,NA,111181701,NA,FALSE,Nordrhein_Westfalen,FALSE,NA,630,15,75,well_kept,normal,apartment,45147,3,1,3,3,FALSE,3
Sachsen_Anhalt,137.48,8,3.23,10,443,1900,71641543,gas,FALSE,Sachsen_Anhalt,TRUE,1,305.52,3,50.92,refurbished,normal,apartment,39108,2,2,3,2,FALSE,2
Nordrhein_Westfalen,100,14,3.44,40,1199,NA,99644451,gas,FALSE,Nordrhein_Westfalen,TRUE,NA,999,53,80,negotiable,sophisticated,apartment,44141,3,2,3,3,FALSE,3
Nordrhein_Westfalen,150,18,2.64,10,775,NA,111401006,NA,FALSE,Nordrhein_Westfalen,TRUE,NA,625,101,97,NA,NA,apartment,44289,4,2,2,4,TRUE,4
Nordrhein_Westfalen,228,1,3.33,10,708,1999,100521078,district_heating,FALSE,Nordrhein_Westfalen,TRUE,5,480,111,63.62,well_kept,sophisticated,penthouse,47053,2,4,4,2,FALSE,3
Nordrhein_Westfalen,140,9,3.23,NA,490,NA,106618972,gas,FALSE,Nordrhein_Westfalen,TRUE,NA,350,69,62,need_of_renovation,normal,apartment,54852,2,2,5,2,FALSE,3
Sachsen_Anhalt,60,2,3.06,40,329,1983,113112819,district_heating,FALSE,Sachsen_Anhalt,TRUE,4,199,22,43.83,NA,NA,NA,29410,1.5,6,3,1,FALSE,2
Niedersachsen,150,6,2.82,40,700,1969,109635029,gas,FALSE,Niedersachsen,TRUE,2,550,NA,95.71,fully_renovated,normal,apartment,26721,3,1,3,3,FALSE,4
Sachsen,280,26,5.34,10,1750,NA,113194386,NA,TRUE,Sachsen,TRUE,NA,1470,39,140,mint_condition,sophisticated,roof_storey,4229,4,3,3,4,FALSE,6
Thüringen,160,15,2.18,NA,550,1900,111240127,gas,TRUE,Thüringen,TRUE,1,390,22,76.2,mint_condition,sophisticated,apartment,7548,3,2,3,3,FALSE,3
Bayern,40,10,3.7,40,NA,NA,70005579,gas,TRUE,Bayern,TRUE,NA,490,76,70,well_kept,normal,apartment,95028,2,3,4,2,FALSE,3
Mecklenburg_Vorpommern,143,3,0.78,40,NA,1972,114864742,district_heating,FALSE,Mecklenburg_Vorpommern,FALSE,3,307,1,76.02,NA,NA,apartment,17036,4,4,NA,4,FALSE,3
Nordrhein_Westfalen,225,15,4.18,40,850,1971,110792762,gas,FALSE,Nordrhein_Westfalen,TRUE,3,625,13,77,well_kept,normal,apartment,40629,4,2,2,4,FALSE,3
Bayern,250,6,4.52,NA,1640,2020,113697885,heat_supply,FALSE,Bayern,TRUE,9,1390,NA,94,first_time_use,sophisticated,ground_floor,85464,4,NA,NA,4,TRUE,4
Sachsen,135,6,0.19,40,405,NA,112943421,NA,FALSE,Sachsen,FALSE,NA,270,34,54.3,NA,NA,NA,9661,3,NA,NA,3,FALSE,2
Sachsen,70,8,-0.23,2.4,416,1981,109000952,district_heating,FALSE,Sachsen,TRUE,4,208,160,56.3,first_time_use_after_refurbishment,normal,apartment,8529,3,6,6,3,FALSE,2
Brandenburg,192.24,6,2.46,40,624.88,NA,112713576,district_heating,FALSE,Brandenburg,TRUE,NA,432.64,11,84.5,modernized,normal,ground_floor,3130,4,1,2,4,FALSE,4
Brandenburg,210.46,14,5.25,40,1009.46,2019,114422566,district_heating,TRUE,Brandenburg,FALSE,9,799,18,75.16,first_time_use,NA,apartment,12529,3,NA,NA,3,FALSE,3
Niedersachsen,160,8,4.03,NA,NA,2018,110728362,gas,FALSE,Niedersachsen,FALSE,9,770,NA,78.98,first_time_use,NA,ground_floor,49134,2,NA,NA,2,FALSE,3
Hessen,200,9,3.88,10,895,1977,97612315,gas,TRUE,Hessen,TRUE,3,695,11,61,NA,NA,ground_floor,65189,2,0,2,2,FALSE,3
Nordrhein_Westfalen,370,10,3.33,40,1350,2016,106754225,NA,FALSE,Nordrhein_Westfalen,TRUE,9,980,28,115,mint_condition,sophisticated,apartment,42279,4,1,2,4,FALSE,5
Sachsen_Anhalt,50,5,0.41,NA,470,1900,34550230,gas,FALSE,Sachsen_Anhalt,FALSE,1,320,24,68,refurbished,normal,apartment,6712,3,3,4,3,FALSE,3
Sachsen,133.1,8,3.91,40,556.6,NA,113594907,NA,FALSE,Sachsen,TRUE,NA,423.5,5,60.5,first_time_use_after_refurbishment,NA,apartment,4442,3,NA,4,3,FALSE,2
Bayern,100,6,4.74,NA,646,2019,111374178,gas,FALSE,Bayern,FALSE,9,546,NA,62,NA,sophisticated,roof_storey,84088,2,NA,NA,2,FALSE,3
Bayern,102,7,3.34,10,728.9,1950,111124654,gas,FALSE,Bayern,TRUE,1,590.9,11,72.95,NA,NA,ground_floor,86609,4,NA,NA,4,FALSE,3
Mecklenburg_Vorpommern,150,6,3.74,NA,750,2020,110024384,district_heating,FALSE,Mecklenburg_Vorpommern,FALSE,9,600,NA,67.87,NA,NA,NA,18273,3,NA,NA,3,FALSE,3
Thüringen,140,10,2.78,40,435,1976,107109478,district_heating,FALSE,Thüringen,TRUE,3,295,43,68,refurbished,NA,apartment,7549,3,5,5,3,FALSE,3
Mecklenburg_Vorpommern,150,21,1.66,40,NA,NA,110008561,gas,FALSE,Mecklenburg_Vorpommern,FALSE,NA,1020.5,NA,157,refurbished,NA,apartment,18356,7,NA,3,5,TRUE,7
Schleswig_Holstein,50,7,3.45,40,320,NA,104113790,electricity,TRUE,Schleswig_Holstein,FALSE,NA,260,14,28.22,NA,NA,apartment,24601,1,1,NA,1,FALSE,1
Sachsen,169,9,1.16,40,NA,1994,110969916,gas,FALSE,Sachsen,TRUE,5,590,NA,57.2,NA,normal,apartment,1324,2,1,NA,2,TRUE,2
Nordrhein_Westfalen,189,13,2.72,10,NA,1979,111136829,natural_gas_heavy,FALSE,Nordrhein_Westfalen,TRUE,3,547,29,88.9,well_kept,normal,apartment,41199,3,2,6,3,FALSE,4
Hessen,210,12,5.39,40,1015.8,1966,115658829,natural_gas_light,TRUE,Hessen,TRUE,2,805.8,42,52,well_kept,NA,maisonette,60316,2,5,5,2,FALSE,2
Nordrhein_Westfalen,NA,10,1.98,10,NA,1895,110911832,gas,FALSE,Nordrhein_Westfalen,TRUE,1,440,3,80,need_of_renovation,normal,apartment,42853,2,1,2,2,FALSE,3
Sachsen,33,8,2.7,40,314,1979,113899365,district_heating,TRUE,Sachsen,TRUE,3,245,10,32.61,well_kept,NA,apartment,4205,1,5,5,1,FALSE,1
Sachsen,100,9,1.05,2.4,365,1907,109666995,gas,FALSE,Sachsen,FALSE,1,265,87,59.1,NA,NA,NA,8525,2,NA,3,2,FALSE,2
Nordrhein_Westfalen,190,5,4.34,NA,NA,2018,111314817,district_heating,FALSE,Nordrhein_Westfalen,TRUE,9,725,5,60,first_time_use,sophisticated,ground_floor,45131,2,NA,4,2,TRUE,2
Baden_Württemberg,130,8,4.23,10,860,NA,115493911,gas,TRUE,Baden_Württemberg,FALSE,NA,730,NA,77,well_kept,sophisticated,raised_ground_floor,72639,2,1,3,2,TRUE,3
Nordrhein_Westfalen,112,8,4.62,40,NA,1983,104869322,gas,FALSE,Nordrhein_Westfalen,TRUE,4,397.93,1,81.56,well_kept,normal,NA,44227,3,3,3,3,FALSE,4
Mecklenburg_Vorpommern,185,10,3.7,40,559,1983,106659384,district_heating,FALSE,Mecklenburg_Vorpommern,TRUE,4,374,1,68.01,NA,NA,apartment,19063,3,2,NA,3,FALSE,3
Sachsen_Anhalt,70,4,3.85,40,NA,1976,105188763,district_heating,FALSE,Sachsen_Anhalt,TRUE,3,285.57,19,60.76,refurbished,NA,apartment,6128,3,3,NA,3,FALSE,2
Rheinland_Pfalz,100,6,5.83,10,430,1980,109965058,natural_gas_light,TRUE,Rheinland_Pfalz,FALSE,3,330,1,36,fully_renovated,normal,ground_floor,56077,2,NA,NA,2,FALSE,1
Sachsen_Anhalt,123,8,3.77,2.4,415,1965,108988794,district_heating,FALSE,Sachsen_Anhalt,FALSE,2,292,108,48.52,modernized,NA,apartment,6118,2,4,5,2,FALSE,2
Baden_Württemberg,150,1,6.14,2.4,800,NA,111384654,NA,FALSE,Baden_Württemberg,TRUE,NA,650,NA,95,NA,NA,apartment,89129,3,NA,NA,3,FALSE,4
Nordrhein_Westfalen,250,19,4.1,40,950,1970,113577345,district_heating,FALSE,Nordrhein_Westfalen,TRUE,2,700,29,76,modernized,normal,apartment,40667,2.5,1,8,2,FALSE,3
Baden_Württemberg,195,9,4.11,NA,1125,1905,110564655,natural_gas_light,TRUE,Baden_Württemberg,TRUE,1,930,19,127,well_kept,NA,apartment,89522,4.5,1,3,4,TRUE,6
Nordrhein_Westfalen,140,11,3.51,40,662,1965,106996028,NA,FALSE,Nordrhein_Westfalen,TRUE,2,402,2,68,NA,NA,apartment,59192,3,1,3,3,FALSE,3
Niedersachsen,140,10,3.75,2.4,930,NA,111944483,solar_heating:gas,TRUE,Niedersachsen,FALSE,NA,740,9,69.02,first_time_use,sophisticated,terraced_flat,21255,2,0,3,2,FALSE,3
Nordrhein_Westfalen,356,10,3.98,2.4,1766,2016,96696155,district_heating,TRUE,Nordrhein_Westfalen,TRUE,9,1410,19,110.36,mint_condition,NA,apartment,40211,4,6,7,4,FALSE,5
Sachsen,200,10,1.75,40,750,1900,112605558,NA,TRUE,Sachsen,TRUE,1,550,153b,67.08,refurbished,normal,NA,1279,2,1,NA,2,FALSE,3
Schleswig_Holstein,100,10,3.45,NA,975,1900,107181486,NA,TRUE,Schleswig_Holstein,TRUE,1,750,59,100,modernized,sophisticated,apartment,25335,3,1,2,3,FALSE,4
Sachsen,141,5,3.51,40,491,1980,114891189,district_heating,FALSE,Sachsen,TRUE,3,350,37,63.57,well_kept,NA,apartment,4509,3,4,4,3,FALSE,3
Baden_Württemberg,130,9,3.66,2.4,1020,2001,107364554,oil,TRUE,Baden_Württemberg,TRUE,6,890,1,80,well_kept,sophisticated,roof_storey,88069,3,2,2,3,FALSE,3
Nordrhein_Westfalen,100,7,2.4,40,430,NA,114567758,NA,FALSE,Nordrhein_Westfalen,FALSE,NA,330,36,58.55,NA,NA,apartment,45884,2,3,NA,2,FALSE,2
Hessen,50,7,5.39,40,740,NA,114829064,NA,TRUE,Hessen,FALSE,NA,690,31,15,modernized,sophisticated,apartment,60385,1,NA,NA,1,FALSE,1
Hessen,300,13,5.15,NA,2750,2000,111050942,gas,TRUE,Hessen,TRUE,5,2450,NA,100,mint_condition,NA,apartment,60323,3,NA,2,3,TRUE,4
Hessen,119,6,3.79,40,661.61,1950,112885882,gas,FALSE,Hessen,TRUE,1,542.61,12,60.29,NA,NA,apartment,34128,4,1,NA,4,FALSE,2
Sachsen,190,14,0.53,40,650,NA,111160881,gas,TRUE,Sachsen,TRUE,NA,460,6,91,refurbished,normal,raised_ground_floor,8056,3,1,3,3,FALSE,4
Nordrhein_Westfalen,150,12,4.07,40,1150,1935,110583072,gas,FALSE,Nordrhein_Westfalen,TRUE,1,1000,NA,100,need_of_renovation,normal,other,51107,4.5,NA,NA,4,TRUE,4
Brandenburg,131.25,10,3.23,40,976,1900,106931862,pellet_heating,FALSE,Brandenburg,FALSE,1,713.5,3,104.93,refurbished,sophisticated,NA,14943,3,2,3,3,TRUE,5
Sachsen,338,53,5.57,40,1588,NA,108994576,NA,FALSE,Sachsen,TRUE,NA,1250,10,125,first_time_use_after_refurbishment,luxury,maisonette,4109,4,4,4,4,FALSE,6
Nordrhein_Westfalen,95,13,3.3,40,540.81,1902,113149378,natural_gas_light,FALSE,Nordrhein_Westfalen,TRUE,1,445.81,19,81.8,well_kept,normal,roof_storey,44579,3,2,2,3,TRUE,4
Sachsen,120,6,4.76,40,450,NA,106777543,gas,TRUE,Sachsen,FALSE,NA,330,2,57,refurbished,normal,NA,4179,2,3,NA,2,FALSE,2
Nordrhein_Westfalen,150,0,2.93,NA,730,2019,111316144,geothermal,FALSE,Nordrhein_Westfalen,FALSE,9,730,5,86,first_time_use,normal,roof_storey,59379,3.5,1,1,3,FALSE,4
Rheinland_Pfalz,230,13,5.76,40,780,1997,113807702,gas,FALSE,Rheinland_Pfalz,TRUE,5,550,17A,89.5,well_kept,NA,apartment,56410,3,1,NA,3,FALSE,4
Sachsen,140,7,4.19,40,545,1900,111559775,NA,FALSE,Sachsen,FALSE,1,405,2,62.3,well_kept,NA,apartment,4277,2,1,4,2,TRUE,3
Niedersachsen,100,7,4.7,40,564,1963,115125531,gas,FALSE,Niedersachsen,FALSE,2,380,NA,84,modernized,normal,apartment,29345,4,3,3,4,FALSE,4
Nordrhein_Westfalen,210,10,3.3,NA,605,1967,115402588,gas,TRUE,Nordrhein_Westfalen,TRUE,2,395,44-46,60,well_kept,normal,roof_storey,41065,3,4,4,3,FALSE,2
Sachsen_Anhalt,NA,2,1.73,NA,750,2018,105116354,environmental_thermal_energy,FALSE,Sachsen_Anhalt,FALSE,9,750,4a,100,first_time_use,sophisticated,raised_ground_floor,6749,4,2,3,4,FALSE,4
Brandenburg,200,13,7.32,10,1700,1994,110357819,gas,TRUE,Brandenburg,TRUE,5,1500,48,134.8,negotiable,normal,apartment,14548,4,0,1,4,TRUE,6
Sachsen,220,9,0.21,40,660,1912,109702309,gas,FALSE,Sachsen,TRUE,1,420,NA,95.97,modernized,NA,NA,9130,3,2,5,3,FALSE,4
Nordrhein_Westfalen,117,5,3.28,2.4,NA,1968,113712324,NA,FALSE,Nordrhein_Westfalen,TRUE,2,250,123,51.59,NA,NA,apartment,58840,2,2,4,2,FALSE,2
Niedersachsen,250,1,5.32,NA,1887,NA,113640097,district_heating,FALSE,Niedersachsen,FALSE,NA,1578,24,138,first_time_use,luxury,apartment,31134,4,1,5,4,FALSE,6
Nordrhein_Westfalen,114,9,3.49,40,642,1974,114629122,district_heating,TRUE,Nordrhein_Westfalen,TRUE,3,420,3,60.04,fully_renovated,NA,apartment,45468,2,15,20,2,FALSE,2
Nordrhein_Westfalen,124,4,3.06,40,638.79,1965,111323685,gas:electricity,FALSE,Nordrhein_Westfalen,TRUE,2,466.79,16,62,NA,NA,apartment,45529,2,4,NA,2,FALSE,3
Sachsen,40,8,2.93,2.4,295,1995,115699717,NA,TRUE,Sachsen,TRUE,5,195,11,34.96,NA,NA,apartment,8209,1,1,NA,1,FALSE,1
Sachsen_Anhalt,150,6,3.01,40,497,1973,113619527,district_heating,FALSE,Sachsen_Anhalt,FALSE,3,347,31,59.73,NA,NA,apartment,6128,3,4,5,3,FALSE,2
Niedersachsen,100,10,4.48,40,NA,1994,83918496,gas,TRUE,Niedersachsen,FALSE,5,455,9a,74,well_kept,normal,apartment,27299,3,1,2,3,FALSE,3
Bayern,150,22,4.74,40,1175,2019,113634946,pellet_heating,TRUE,Bayern,TRUE,9,1025,1d,96.1,first_time_use,luxury,ground_floor,94034,3,0,2,3,FALSE,4
Baden_Württemberg,150,6,4.44,40,940,1925,111328061,gas,TRUE,Baden_Württemberg,FALSE,1,790,NA,72.5,modernized,NA,ground_floor,69214,2,1,3,2,FALSE,3
Hessen,280,15,4.15,10,930,1955,115351229,oil,TRUE,Hessen,FALSE,2,650,NA,90,well_kept,sophisticated,ground_floor,65428,3,NA,2,3,FALSE,4
Nordrhein_Westfalen,99,5,4.62,40,826,1964,113053046,oil:electricity,TRUE,Nordrhein_Westfalen,TRUE,2,693,7,65,NA,NA,apartment,40789,3,3,NA,3,FALSE,3
Brandenburg,90,6,7.32,40,NA,1995,106849851,gas,FALSE,Brandenburg,TRUE,5,600,NA,66.67,NA,NA,apartment,15745,2.5,1,NA,2,FALSE,3
Sachsen,110,14,1.89,40,494,1937,80587006,natural_gas_heavy,FALSE,Sachsen,TRUE,1,384,49,64,fully_renovated,NA,roof_storey,9112,2,NA,4,2,FALSE,3
Rheinland_Pfalz,0,5,4.08,40,830,1970,98021558,gas,FALSE,Rheinland_Pfalz,TRUE,2,830,NA,18,NA,NA,ground_floor,55122,1,NA,NA,1,TRUE,1
Hessen,220,3,3.95,40,1320,NA,114339080,oil,TRUE,Hessen,TRUE,NA,1100,5,84.5,well_kept,normal,roof_storey,65812,3.5,2,3,3,FALSE,4
Brandenburg,120,7,5.23,NA,697,NA,115689821,gas,FALSE,Brandenburg,TRUE,NA,577,42309,48.11,mint_condition,normal,NA,14565,1,1,2,1,FALSE,2
Sachsen,121,12,0.9,2.4,440,1930,114877790,gas,FALSE,Sachsen,TRUE,1,319,18,60.34,well_kept,NA,NA,9112,2,2,4,2,TRUE,2
Niedersachsen,220,12,2.91,NA,1570,1900,105867320,gas,TRUE,Niedersachsen,TRUE,1,1450,0,120,NA,NA,roof_storey,30175,3.5,4,4,3,FALSE,5
Sachsen,233,20,3.26,NA,1254.23,2018,115673564,NA,FALSE,Sachsen,TRUE,9,1021.23,11,97.26,first_time_use,NA,apartment,4179,4,3,4,4,FALSE,4
Sachsen,238.57,13,5.04,NA,1362.79,2018,106023677,district_heating,TRUE,Sachsen,FALSE,9,1124.22,122,101.52,first_time_use,luxury,raised_ground_floor,4277,4,NA,NA,4,FALSE,5
Sachsen,110,13,0.54,40,335,1900,110487748,natural_gas_light,FALSE,Sachsen,TRUE,1,225,28,48,well_kept,NA,raised_ground_floor,9116,2,0,4,2,FALSE,2
Bayern,NA,8,5.73,NA,NA,2019,111369305,NA,FALSE,Bayern,TRUE,9,2050,NA,103,NA,NA,maisonette,85757,3,NA,NA,3,FALSE,5
Hessen,0,28,6.14,2.4,1600,1949,105155348,gas,FALSE,Hessen,FALSE,1,1600,0,76,NA,NA,NA,60326,2,NA,NA,2,FALSE,3
Nordrhein_Westfalen,120,9,1.75,40,500,NA,107373661,NA,FALSE,Nordrhein_Westfalen,TRUE,NA,380,363,80,NA,NA,apartment,45891,2.5,2,NA,2,FALSE,3
Sachsen,139,13,1.83,40,NA,2000,114195836,district_heating,TRUE,Sachsen,TRUE,5,500,NA,56,first_time_use,sophisticated,ground_floor,1127,1.5,NA,NA,1,TRUE,2
Sachsen_Anhalt,65,5,1.26,40,415,1968,111472211,NA,FALSE,Sachsen_Anhalt,TRUE,2,300,32,51,well_kept,normal,apartment,39261,2,5,2,2,FALSE,2
Niedersachsen,175,11,4.02,2.4,625,1999,113832186,gas,TRUE,Niedersachsen,FALSE,5,450,7,74,well_kept,normal,roof_storey,27356,3,2,2,3,FALSE,3
Schleswig_Holstein,140,11,5.15,40,473,1963,111249295,NA,TRUE,Schleswig_Holstein,TRUE,2,333,NA,52.78,well_kept,normal,apartment,23701,2,2,3,2,FALSE,2
Schleswig_Holstein,120,10,3.58,40,1175,2019,113017922,gas,TRUE,Schleswig_Holstein,TRUE,9,995,87a,83.52,first_time_use,luxury,apartment,25421,3,1,2,3,FALSE,4
Sachsen,70,5,2.11,40,260,2017,105771411,natural_gas_light,FALSE,Sachsen,TRUE,9,190,8,35,refurbished,NA,apartment,2708,1,1,4,1,TRUE,1
Nordrhein_Westfalen,120,5,1.61,40,NA,NA,106482942,gas,FALSE,Nordrhein_Westfalen,TRUE,NA,350,45717,64,NA,simple,ground_floor,52222,2,1,2,2,FALSE,3
Sachsen,175,10,3.88,40,595,1900,110234175,NA,FALSE,Sachsen,FALSE,1,420,20,78.4,NA,normal,roof_storey,4347,3,4,4,3,FALSE,3
Sachsen_Anhalt,51,7,1.02,2.4,NA,1977,113649778,gas,FALSE,Sachsen_Anhalt,TRUE,3,346,35,56.56,NA,NA,NA,6618,3,2,NA,3,FALSE,2
Sachsen,290,24,0,40,1340,2015,114042755,district_heating,FALSE,Sachsen,TRUE,8,1050,11,146,first_time_use_after_refurbishment,sophisticated,maisonette,9117,4,NA,3,4,FALSE,6
Nordrhein_Westfalen,220,4,3.1,40,660,1994,114107256,district_heating,FALSE,Nordrhein_Westfalen,TRUE,5,458,129,83.74,mint_condition,normal,roof_storey,45326,3,3,3,3,TRUE,4
Nordrhein_Westfalen,90,7,2.79,40,450,1953,113057165,gas,FALSE,Nordrhein_Westfalen,TRUE,2,360,21,51.17,need_of_renovation,NA,apartment,45468,2,NA,3,2,FALSE,2
Niedersachsen,73,2,2,2.4,339,1996,75933112,gas,FALSE,Niedersachsen,TRUE,5,266,8,44.35,well_kept,NA,apartment,49751,2,2,NA,2,FALSE,2
Nordrhein_Westfalen,92.7,27,4.81,NA,545,1985,107607514,district_heating,TRUE,Nordrhein_Westfalen,FALSE,4,452.3,105 + 107,16,first_time_use_after_refurbishment,luxury,apartment,40225,1,1,6,1,FALSE,1
Baden_Württemberg,120,5,5.41,40,NA,1994,106895409,steam_district_heating,FALSE,Baden_Württemberg,TRUE,5,340,NA,39,well_kept,NA,other,75175,1,1,NA,1,FALSE,1
Baden_Württemberg,150,8,5.53,40,750,2019,112185067,geothermal,TRUE,Baden_Württemberg,FALSE,9,600,NA,80,first_time_use,sophisticated,NA,89604,3,2,1,3,FALSE,3
Sachsen,230,18,4.41,40,1319,NA,79243084,NA,FALSE,Sachsen,FALSE,NA,1089,22,112.51,mint_condition,sophisticated,terraced_flat,4229,4,0,5,4,FALSE,5
Hessen,300,15,1.77,10,1800,1986,115489162,gas,TRUE,Hessen,TRUE,4,1500,20,120.89,fully_renovated,sophisticated,apartment,65193,4,2,4,4,FALSE,5
Sachsen,208,12,0.55,40,698,1998,110996122,district_heating,FALSE,Sachsen,TRUE,5,490,NA,75.73,well_kept,normal,apartment,9111,3,4,6,3,TRUE,3
Sachsen,140,14,0,2.4,500,1954,90842234,gas,FALSE,Sachsen,TRUE,2,360,3,65,well_kept,normal,apartment,1683,3,3,NA,3,FALSE,3
Nordrhein_Westfalen,140,4,3.3,40,735,1978,115087406,gas,FALSE,Nordrhein_Westfalen,TRUE,3,519,26a,81,NA,NA,apartment,44319,3,3,NA,3,FALSE,4
Thüringen,84,2,5.2,40,542.01,1954,110515323,NA,FALSE,Thüringen,TRUE,2,394.01,12,63.55,NA,NA,NA,98527,3,0,NA,3,FALSE,3
Berlin,204,10,11.22,40,1299,1959,106347457,gas,TRUE,Berlin,FALSE,2,1013,11,68.06,first_time_use_after_refurbishment,NA,apartment,10551,3,NA,5,3,FALSE,3
Schleswig_Holstein,180,7,4.26,40,1030,1908,111422738,gas,TRUE,Schleswig_Holstein,FALSE,1,850,NA,101.16,well_kept,NA,other,23843,3,0,NA,3,FALSE,5
Thüringen,100,8,-0.53,NA,378,NA,111742258,natural_gas_light,FALSE,Thüringen,TRUE,NA,278,57,46.39,fully_renovated,NA,ground_floor,99817,2,NA,NA,2,FALSE,2
Nordrhein_Westfalen,160,7,3.28,10,450,1968,70159913,oil,TRUE,Nordrhein_Westfalen,TRUE,2,290,NA,45.1,refurbished,normal,apartment,42107,2,2,4,2,FALSE,2
Mecklenburg_Vorpommern,80,6,2.08,10,525,1996,88151092,gas,FALSE,Mecklenburg_Vorpommern,TRUE,5,365,15,66.44,well_kept,normal,ground_floor,18507,4,0,3,4,FALSE,3
Niedersachsen,200,19,1.44,NA,1099,2018,106919987,district_heating,TRUE,Niedersachsen,TRUE,9,899,4,79.64,first_time_use,luxury,terraced_flat,38114,2,0,4,2,TRUE,3
Niedersachsen,150,15,5.63,10,900,NA,107324645,NA,TRUE,Niedersachsen,FALSE,NA,750,209b,82,NA,NA,ground_floor,26133,3,0,3,3,TRUE,4
Baden_Württemberg,80,1,5.02,40,380,NA,115475275,oil,TRUE,Baden_Württemberg,FALSE,NA,300,35,32,NA,NA,roof_storey,76646,1,3,3,1,FALSE,1
Rheinland_Pfalz,115,1,5.08,10,495,1937,80415003,gas,FALSE,Rheinland_Pfalz,TRUE,1,380,NA,61,modernized,normal,apartment,56626,2,1,3,2,FALSE,3
Sachsen,65,2,1.85,2.4,390,1998,105003824,NA,FALSE,Sachsen,FALSE,5,290,95,48.98,NA,NA,NA,2977,2,3,NA,2,FALSE,2
Hessen,140,1,3.12,2.4,890,2018,106682854,gas,FALSE,Hessen,FALSE,9,750,NA,79,first_time_use,NA,ground_floor,36251,3,NA,4,3,FALSE,3
Sachsen,226,18,5.59,40,1504,2018,111313318,district_heating,FALSE,Sachsen,TRUE,9,1278,17,98.33,first_time_use_after_refurbishment,sophisticated,apartment,4109,3,3,4,3,TRUE,4
Sachsen,120,10,1.92,40,440,1911,115541605,NA,FALSE,Sachsen,FALSE,1,320,NA,54.09,NA,NA,apartment,2625,2,3,NA,2,FALSE,2
Bayern,0,17,7.06,NA,1100,1984,111359326,district_heating,FALSE,Bayern,FALSE,4,1100,544,28,NA,NA,NA,80337,1,3,NA,1,FALSE,1
Nordrhein_Westfalen,180,10,1.82,NA,NA,1966,103999534,gas,TRUE,Nordrhein_Westfalen,FALSE,2,370,19,80,well_kept,NA,roof_storey,48691,2.5,2,2,2,FALSE,3
Sachsen,70,12,4.76,40,345,1910,107341618,gas,FALSE,Sachsen,FALSE,1,275,7,50,refurbished,normal,roof_storey,4159,2,5,NA,2,TRUE,2
Niedersachsen,65,5,2.84,NA,569,1973,110281634,oil,FALSE,Niedersachsen,TRUE,3,434,NA,51.04,well_kept,normal,apartment,21335,1,0,2,1,FALSE,2
Nordrhein_Westfalen,80,2,2.24,40,433.12,1931,113128180,gas,FALSE,Nordrhein_Westfalen,TRUE,1,310.12,25,47.71,NA,NA,apartment,45899,2,2,NA,2,FALSE,2
Nordrhein_Westfalen,140,17,3.03,2.4,760,1970,77880027,natural_gas_heavy,TRUE,Nordrhein_Westfalen,TRUE,2,620,7,80,mint_condition,sophisticated,apartment,58313,3,3,4,3,FALSE,3
Thüringen,150,8,2.85,40,950,1573,109587223,geothermal,TRUE,Thüringen,TRUE,1,800,NA,115,refurbished,sophisticated,apartment,37339,3,1,2,3,FALSE,5
Berlin,700,40,7.04,40,2500,1998,113669780,gas,TRUE,Berlin,TRUE,5,1720,99,220,refurbished,sophisticated,roof_storey,12347,4,NA,5,4,TRUE,7
Hessen,100,0,4.81,10,520,NA,108849306,NA,TRUE,Hessen,FALSE,NA,420,NA,20,NA,normal,apartment,64283,1,2,10,1,FALSE,1
Bayern,400,8,3.95,40,1800,NA,114953704,NA,TRUE,Bayern,TRUE,NA,1400,16,90,modernized,sophisticated,NA,93053,4.5,4,NA,4,FALSE,4
Nordrhein_Westfalen,120,7,3.25,40,420,1965,115344931,district_heating,FALSE,Nordrhein_Westfalen,TRUE,2,300,34,45,fully_renovated,normal,ground_floor,47055,1.5,1,3,1,TRUE,2
Niedersachsen,100,8,4.2,40,675,NA,111376366,natural_gas_light,TRUE,Niedersachsen,FALSE,NA,575,7,36,first_time_use_after_refurbishment,luxury,apartment,30173,1,3,3,1,TRUE,1
Thüringen,55,2,1.75,40,389,1962,109732748,NA,FALSE,Thüringen,FALSE,2,264.75,14,49.96,NA,NA,other,99734,2,2,NA,2,FALSE,2
Thüringen,130,8,1.82,40,NA,NA,113050640,gas,TRUE,Thüringen,TRUE,NA,345,NA,64,well_kept,normal,ground_floor,96515,2,NA,NA,2,FALSE,3
Bayern,130.88,11,6.67,40,843.88,2014,110731461,district_heating,TRUE,Bayern,TRUE,8,713,NA,43.35,mint_condition,sophisticated,apartment,90402,2,2,NA,2,FALSE,2
Baden_Württemberg,250,13,5.84,40,1200,NA,113950021,NA,TRUE,Baden_Württemberg,FALSE,NA,950,NA,125,mint_condition,sophisticated,other,73054,3,NA,NA,3,FALSE,6
Mecklenburg_Vorpommern,234,11,-0.76,40,1074,1999,113148969,NA,FALSE,Mecklenburg_Vorpommern,FALSE,5,840,NA,117.4,NA,NA,NA,17424,3,NA,NA,3,FALSE,5
Nordrhein_Westfalen,114,1,4.52,40,594,1972,109465358,combined_heat_and_power_fossil_fuels,FALSE,Nordrhein_Westfalen,TRUE,3,480,43,66,well_kept,normal,apartment,45127,2.5,2,5,2,FALSE,3
Sachsen_Anhalt,54.45,5,1.32,NA,317.18,1984,114283779,district_heating,FALSE,Sachsen_Anhalt,TRUE,4,211.04,7,41.3,negotiable,normal,apartment,6124,2,2,5,2,FALSE,2
Sachsen,170,15,0,40,NA,1900,107337989,NA,FALSE,Sachsen,TRUE,1,420,42,82,well_kept,normal,apartment,9131,3,3,5,3,FALSE,4
Nordrhein_Westfalen,80,1,3.33,40,NA,1996,109543437,NA,FALSE,Nordrhein_Westfalen,FALSE,5,481,NA,75,NA,normal,NA,48683,2.5,0,NA,2,FALSE,3
Brandenburg,116.46,12,-0.83,40,371.66,1986,114892364,district_heating,FALSE,Brandenburg,TRUE,4,255.2,2,46.4,refurbished,normal,ground_floor,3044,2,1,6,2,FALSE,2
Nordrhein_Westfalen,130,5,3.66,2.4,660,1994,115495036,gas,FALSE,Nordrhein_Westfalen,FALSE,5,530,NA,60,well_kept,NA,apartment,50226,2,1,2,2,FALSE,2
Sachsen,65,6,1.79,2.4,445,1968,98917170,district_heating,FALSE,Sachsen,TRUE,2,310,34,51.18,well_kept,normal,NA,1917,2,0,3,2,FALSE,2
Bayern,195,13,5.7,40,885,1992,114934933,natural_gas_light,FALSE,Bayern,FALSE,5,690,53,92,well_kept,sophisticated,apartment,91301,3,2,3,3,FALSE,4
Sachsen,80,7,4.04,40,NA,1930,115190313,NA,FALSE,Sachsen,TRUE,1,484,18,69.06,NA,NA,apartment,4129,3,2,4,3,FALSE,3
Hessen,165,8,4.55,2.4,520,NA,95612085,NA,TRUE,Hessen,FALSE,NA,355,NA,87,well_kept,normal,apartment,36129,3,1,3,3,FALSE,4
Schleswig_Holstein,NA,11,3.08,40,NA,NA,110669570,oil,TRUE,Schleswig_Holstein,TRUE,NA,675,45717,75,NA,sophisticated,apartment,23909,3,9,10,3,FALSE,3
Brandenburg,60,2,3.25,40,NA,1968,111015014,district_heating,FALSE,Brandenburg,FALSE,2,289.5,38,57.9,NA,NA,NA,3222,3,5,NA,3,FALSE,2
Sachsen_Anhalt,91,2,0,40,329,1937,103489469,NA,FALSE,Sachsen_Anhalt,FALSE,1,238,75,36,refurbished,NA,apartment,38820,1,2,NA,1,FALSE,1
Nordrhein_Westfalen,160,12,5.16,40,750,NA,115586028,NA,TRUE,Nordrhein_Westfalen,TRUE,NA,530,308,62,well_kept,sophisticated,apartment,44801,3.5,2,2,3,TRUE,3
Bayern,85,9,2.23,NA,NA,1989,115618396,gas,FALSE,Bayern,FALSE,4,769,10a,74.54,well_kept,simple,maisonette,91054,2,1,2,2,FALSE,3
Niedersachsen,210,8,3.87,40,735,NA,113222929,NA,FALSE,Niedersachsen,FALSE,NA,495,NA,89.5,NA,NA,apartment,31592,4,NA,NA,4,FALSE,4
Nordrhein_Westfalen,120,11,3.3,2.4,550,NA,110909156,gas,FALSE,Nordrhein_Westfalen,FALSE,NA,430,NA,43,fully_renovated,NA,loft,52064,1,1,1,1,FALSE,2
Nordrhein_Westfalen,149,11,4.92,40,699,1954,98779138,natural_gas_light,FALSE,Nordrhein_Westfalen,TRUE,2,550,4,72.68,modernized,NA,apartment,32427,4,2,3,4,TRUE,3
Berlin,154,0,8.22,2.4,604,NA,107322178,NA,TRUE,Berlin,TRUE,NA,450,26,40,NA,NA,other,13125,1.5,2,2,1,FALSE,1
Hessen,200,17,1.79,NA,900,NA,110455792,oil,TRUE,Hessen,TRUE,NA,700,4,100,fully_renovated,luxury,half_basement,34537,3,NA,NA,3,FALSE,4
Sachsen,240,13,5.26,40,1260,1890,106889089,district_heating,TRUE,Sachsen,TRUE,1,1020,1,102,modernized,luxury,apartment,4105,4,3,4,4,FALSE,5
Sachsen_Anhalt,60,9,0.41,40,340,1920,68915286,gas,FALSE,Sachsen_Anhalt,FALSE,1,220,5,58,well_kept,normal,apartment,6712,2.5,2,NA,2,TRUE,2
Rheinland_Pfalz,200,1,4.06,NA,1160,2018,108326919,gas,FALSE,Rheinland_Pfalz,FALSE,9,960,NA,116,first_time_use,NA,maisonette,55288,4,NA,NA,4,FALSE,5
Schleswig_Holstein,NA,8,4.8,40,NA,1965,111240112,gas,TRUE,Schleswig_Holstein,FALSE,2,320,NA,43,well_kept,NA,roof_storey,25746,1.5,NA,NA,1,FALSE,2
Nordrhein_Westfalen,162,12,3.23,40,662,1960,86633326,gas,FALSE,Nordrhein_Westfalen,FALSE,2,419,NA,77.6,well_kept,normal,apartment,42283,3,6,NA,3,FALSE,3
Sachsen,125,12,1.48,40,620,1900,83591300,gas,TRUE,Sachsen,TRUE,1,495,NA,60,fully_renovated,sophisticated,maisonette,1189,2,0,2,2,TRUE,2
Sachsen_Anhalt,92,23,2.99,2.4,412,1982,111476678,district_heating,FALSE,Sachsen_Anhalt,TRUE,4,225,NA,50,fully_renovated,NA,apartment,39130,2,3,4,2,FALSE,2
Niedersachsen,150,15,3.85,2.4,710,1976,115025616,gas,TRUE,Niedersachsen,TRUE,3,510,NA,73,well_kept,NA,ground_floor,28857,3,NA,NA,3,TRUE,3
Sachsen,135,8,4.26,40,610,NA,111349106,NA,FALSE,Sachsen,TRUE,NA,455,28,60.53,well_kept,normal,raised_ground_floor,4129,2,0,NA,2,TRUE,2
Sachsen,160,6,0.55,40,430,1905,113848521,gas,FALSE,Sachsen,TRUE,1,270,13  3.OG,64,well_kept,NA,NA,9113,2,3,NA,2,FALSE,3
Sachsen,130,4,2.84,2.4,460,NA,111148501,gas,FALSE,Sachsen,TRUE,NA,330,16,60.85,modernized,NA,NA,4758,3,1,2,3,TRUE,2
Bayern,0,32,3.98,40,1200,NA,112729846,NA,TRUE,Bayern,TRUE,NA,1200,15,90,first_time_use_after_refurbishment,luxury,apartment,86153,3,0,4,3,FALSE,4
Sachsen,140,20,1.89,NA,920,NA,106386632,environmental_thermal_energy,FALSE,Sachsen,FALSE,NA,780,NA,120,first_time_use,sophisticated,NA,9366,4,NA,2,4,TRUE,5
Nordrhein_Westfalen,100,1,3.37,40,360,1960,103026811,gas,FALSE,Nordrhein_Westfalen,FALSE,2,260,NA,27,well_kept,normal,apartment,42327,1,2,NA,1,FALSE,1
Rheinland_Pfalz,100,9,4.04,40,520,NA,115556814,gas,TRUE,Rheinland_Pfalz,FALSE,NA,420,21,25,modernized,NA,ground_floor,55118,1,0,0,1,FALSE,1
Bayern,180,2,5.98,40,1080,2019,113308268,district_heating,FALSE,Bayern,TRUE,9,900,16,75.93,first_time_use,sophisticated,apartment,86356,3,2,4,3,FALSE,3
Nordrhein_Westfalen,170,10,4.54,40,1770,1957,115528509,gas,FALSE,Nordrhein_Westfalen,TRUE,2,1500,10,100.35,modernized,sophisticated,apartment,50933,4,1,3,4,FALSE,4
Brandenburg,78.01,2,1.72,40,450.07,1966,115424429,district_heating,FALSE,Brandenburg,TRUE,2,324.05,20,60,modernized,normal,apartment,15890,3,3,4,3,FALSE,2
Sachsen_Anhalt,45,4,2.34,2.4,350,2008,104692962,district_heating,TRUE,Sachsen_Anhalt,FALSE,7,260,53,30.89,refurbished,normal,apartment,6114,1,1,2,1,FALSE,1
Sachsen,70,5,1.92,100,240,1911,89407447,gas,FALSE,Sachsen,TRUE,1,170,24,32.49,well_kept,normal,roof_storey,9126,1.5,4,4,1,FALSE,1
Hamburg,148,10,3.74,40,726,1968,110468555,natural_gas_light,FALSE,Hamburg,TRUE,2,480,NA,45.77,mint_condition,sophisticated,apartment,22399,1,1,NA,1,FALSE,2
Nordrhein_Westfalen,120,4,4.29,40,NA,1960,106856570,district_heating,FALSE,Nordrhein_Westfalen,TRUE,2,526,13,72.07,NA,NA,apartment,44791,3,2,4,3,FALSE,3
Hessen,180,13,4.12,10,1170,NA,95214447,NA,FALSE,Hessen,FALSE,NA,990,19,113.38,NA,normal,apartment,65203,4,NA,NA,4,FALSE,5
Brandenburg,112.51,3,-0.95,40,260.8,1977,111455085,NA,FALSE,Brandenburg,FALSE,3,148.29,36,30.97,NA,NA,NA,3048,1,0,NA,1,FALSE,1
Sachsen,111.56,12,0.38,NA,335,1977,107007632,natural_gas_heavy,FALSE,Sachsen,TRUE,3,223.44,73,46.8,NA,NA,NA,9618,2,1,NA,2,FALSE,2
Sachsen,130,13,1.92,40,360,NA,107756748,NA,TRUE,Sachsen,FALSE,NA,230,21,57.73,NA,NA,NA,1855,2,2,3,2,FALSE,2
Sachsen,135,15,6.76,40,535,1903,109340834,gas,FALSE,Sachsen,TRUE,1,400,31,58.11,well_kept,normal,apartment,4229,2,2,4,2,TRUE,2
Bayern,170,9,3.18,40,560,1975,110240358,oil,TRUE,Bayern,TRUE,3,390,NA,80,NA,NA,roof_storey,94508,4,2,NA,4,TRUE,3
Nordrhein_Westfalen,159,7,2.95,40,543.44,1954,113780668,district_heating,FALSE,Nordrhein_Westfalen,TRUE,2,384.44,76,62.51,first_time_use_after_refurbishment,sophisticated,apartment,46045,2.5,2,4,2,FALSE,3
Sachsen,130,14,0.84,40,595,NA,113607493,NA,TRUE,Sachsen,TRUE,NA,465,9,71,NA,normal,ground_floor,1833,3,1,3,3,FALSE,3
Rheinland_Pfalz,200,10,3.65,NA,920,1973,111424500,oil,FALSE,Rheinland_Pfalz,FALSE,3,720,NA,90.73,well_kept,NA,ground_floor,67433,3,NA,NA,3,FALSE,4
Nordrhein_Westfalen,220,6,3.95,40,970,1988,112777212,gas,FALSE,Nordrhein_Westfalen,TRUE,4,680,NA,88,well_kept,normal,apartment,53604,3,1,2,3,FALSE,4
Sachsen,80,7,-0.21,40,230,1952,107825688,oil,FALSE,Sachsen,FALSE,2,150,33,37,well_kept,normal,roof_storey,9623,2,2,2,2,FALSE,1
Baden_Württemberg,102,4,6.56,40,852,2020,113574581,solar_heating,TRUE,Baden_Württemberg,TRUE,9,750,17,53.72,first_time_use,NA,apartment,78532,2,4,5,2,FALSE,2
Sachsen,60,2,0,2.4,421,1906,79771174,gas,FALSE,Sachsen,FALSE,1,291,6,42.5,NA,NA,apartment,9337,2,4,4,2,FALSE,2
Niedersachsen,170,10,3.64,NA,NA,2019,115561612,district_heating,FALSE,Niedersachsen,TRUE,9,880,NA,83.79,NA,NA,apartment,28832,3,NA,NA,3,FALSE,4
Berlin,91.74,9,10.09,NA,1406.68,NA,107340460,NA,TRUE,Berlin,FALSE,NA,1253.78,37/38,61.16,first_time_use,sophisticated,apartment,10243,2,8,11,2,FALSE,3
Sachsen,130,10,0,2.4,380,1963,91124828,oil,FALSE,Sachsen,TRUE,2,250,11,64.8,well_kept,normal,NA,4720,3,2,NA,3,TRUE,3
Nordrhein_Westfalen,90,1,2.21,40,399.13,1985,115592957,gas,FALSE,Nordrhein_Westfalen,TRUE,4,319.13,42,55.5,well_kept,NA,apartment,42899,2,2,3,2,FALSE,2
Nordrhein_Westfalen,200,0,4.26,2.4,920,NA,113761770,oil,FALSE,Nordrhein_Westfalen,TRUE,NA,720,NA,80,well_kept,normal,apartment,40589,3,1,2,3,FALSE,3
Nordrhein_Westfalen,50,1,6.49,10,NA,1956,73718243,gas,FALSE,Nordrhein_Westfalen,FALSE,2,450,NA,42,well_kept,normal,apartment,48145,1.5,1,3,1,TRUE,2
Berlin,186.96,8,8.86,40,822.97,1997,107378502,district_heating,TRUE,Berlin,TRUE,5,636.01,22,68.75,well_kept,NA,apartment,13125,3,3,NA,3,FALSE,3
Sachsen_Anhalt,70,5,3.06,40,449,1969,112578178,district_heating,FALSE,Sachsen_Anhalt,TRUE,2,289,9,58.97,refurbished,normal,apartment,29410,3,4,4,3,FALSE,2
Niedersachsen,100,8,2.08,40,420,NA,108774959,gas,FALSE,Niedersachsen,FALSE,NA,320,41579,80,NA,NA,apartment,37412,3,2,2,3,FALSE,3
Nordrhein_Westfalen,250,11,4.55,10,1100,1994,103505132,district_heating,FALSE,Nordrhein_Westfalen,FALSE,5,850,0.208333333,86.42,fully_renovated,normal,apartment,52062,2,1,2,2,FALSE,4
Nordrhein_Westfalen,145,12,NA,NA,1330,NA,88504105,district_heating,FALSE,Nordrhein_Westfalen,TRUE,NA,1040,11a,130,modernized,sophisticated,apartment,44139,3,1,2,3,FALSE,6
Baden_Württemberg,20,6,4.65,10,415,1902,115556941,electricity,FALSE,Baden_Württemberg,FALSE,1,395,NA,24,NA,NA,apartment,72622,1,NA,NA,1,FALSE,1
Sachsen,180,15,6.1,40,817,NA,110767064,gas,TRUE,Sachsen,FALSE,NA,637,27,91,modernized,normal,maisonette,4105,3,3,3,3,FALSE,4
Niedersachsen,50,0,5.29,NA,370,NA,111354342,NA,TRUE,Niedersachsen,TRUE,NA,320,3,38,NA,NA,other,30826,1,NA,NA,1,FALSE,1
Bayern,195,8,4.2,40,895,1880,115470186,gas,TRUE,Bayern,TRUE,1,680,NA,63.3,NA,sophisticated,NA,97230,2,1,2,2,FALSE,3
Nordrhein_Westfalen,231,11,2.24,10,1421,1685,115619129,district_heating,FALSE,Nordrhein_Westfalen,FALSE,1,1190,2,170,fully_renovated,sophisticated,apartment,58135,3,NA,3,3,TRUE,7
Niedersachsen,150,7,3.94,NA,950,2019,113577580,gas,TRUE,Niedersachsen,FALSE,9,800,1,98,first_time_use,sophisticated,apartment,31311,3,1,2,3,TRUE,4
Baden_Württemberg,108,7,5.23,40,1080,1987,112729444,natural_gas_light,TRUE,Baden_Württemberg,TRUE,4,900,95a,85.67,refurbished,luxury,roof_storey,76549,3,2,2,3,FALSE,4
Sachsen_Anhalt,83,2,2.69,40,583,1929,115563555,gas,FALSE,Sachsen_Anhalt,TRUE,1,417,3,69.48,NA,NA,NA,6130,3,1,NA,3,FALSE,3
Baden_Württemberg,157,7,5.37,40,571,1958,115358387,oil,FALSE,Baden_Württemberg,TRUE,2,414,67,69,NA,NA,NA,72275,3,1,2,3,FALSE,3
Berlin,80,13,6.22,10,1300,1958,108177922,gas,TRUE,Berlin,TRUE,2,1150,18,49.39,NA,NA,apartment,10115,2,3,4,2,FALSE,2
Sachsen,240,13,5.53,NA,1386,2018,109856022,district_heating,FALSE,Sachsen,TRUE,9,1146,62d,109.17,first_time_use,luxury,NA,4229,4,2,NA,4,FALSE,5
Nordrhein_Westfalen,130,18,3.06,40,NA,1988,111403967,natural_gas_heavy,TRUE,Nordrhein_Westfalen,FALSE,4,295.72,9,57,fully_renovated,sophisticated,apartment,42651,2,3,5,2,FALSE,2
Brandenburg,100,11,3.33,40,470,NA,105169616,gas,FALSE,Brandenburg,TRUE,NA,330,NA,60,well_kept,normal,roof_storey,1968,2,2,2,2,TRUE,2
Brandenburg,250,27,4.48,10,1230,1910,106003996,gas,TRUE,Brandenburg,FALSE,1,980,NA,100,first_time_use,luxury,roof_storey,14480,3,2,2,3,FALSE,4
Sachsen,130,9,0.59,2.4,390,NA,111637959,gas,FALSE,Sachsen,FALSE,NA,260,1,51,well_kept,NA,raised_ground_floor,8412,2,NA,NA,2,FALSE,2
Hessen,353,10,2.77,2.4,1853,1971,107063867,oil,TRUE,Hessen,TRUE,3,1500,45,100,fully_renovated,sophisticated,terraced_flat,65191,2.5,2,3,2,FALSE,4
Nordrhein_Westfalen,173,10,2.54,40,541,1971,109002288,oil,FALSE,Nordrhein_Westfalen,TRUE,3,240,11,36.66,fully_renovated,normal,apartment,42369,1,4,NA,1,FALSE,1
Sachsen,74.45,8,3.79,40,435.25,1976,111193859,NA,FALSE,Sachsen,FALSE,3,297.8,12,57.27,refurbished,NA,ground_floor,4349,3,0,5,3,FALSE,2
Mecklenburg_Vorpommern,195,7,0.45,NA,1127,2019,113669303,solar_heating:gas,FALSE,Mecklenburg_Vorpommern,FALSE,9,932,NA,89,NA,NA,NA,18435,3,1,2,3,FALSE,4
Sachsen,54.32,11,3.42,40,439.99,1988,114892873,NA,FALSE,Sachsen,FALSE,4,336.78,8,54.32,refurbished,NA,apartment,4329,2,6,NA,2,FALSE,2
Sachsen,220,30,0.58,40,700,NA,113182004,gas,TRUE,Sachsen,TRUE,NA,480,6,95.7,negotiable,sophisticated,other,9116,4,NA,3,4,TRUE,4
Sachsen_Anhalt,150,15,5.77,40,497,1973,109691586,district_heating,FALSE,Sachsen_Anhalt,FALSE,3,347,30,59.73,modernized,NA,apartment,6128,3,5,5,3,FALSE,2
Sachsen,80,10,1.28,40,384.38,1987,113678478,district_heating,FALSE,Sachsen,TRUE,4,219.38,297c,65.88,modernized,NA,roof_storey,1705,3,5,6,3,FALSE,3
Hessen,190,22,5.28,NA,2140,NA,111407431,NA,TRUE,Hessen,TRUE,NA,1950,NA,91,fully_renovated,luxury,apartment,60385,3.5,2,5,3,FALSE,4
Nordrhein_Westfalen,134,13,4.76,40,NA,1953,111303749,district_heating,FALSE,Nordrhein_Westfalen,TRUE,2,489,9,70,well_kept,normal,apartment,45892,3,1,3,3,TRUE,3
Berlin,155,19,7.78,40,1766,1914,115176177,natural_gas_light,TRUE,Berlin,FALSE,1,1500,NA,111,NA,NA,roof_storey,10245,3,5,5,3,FALSE,5
Bayern,180,15,4.86,40,918,1980,109472422,gas,FALSE,Bayern,TRUE,3,738,4,73,modernized,NA,raised_ground_floor,93051,2,NA,NA,2,FALSE,3
Sachsen_Anhalt,118.8,8,2.1,40,486,1900,109242975,gas,FALSE,Sachsen_Anhalt,FALSE,1,367.2,5,54,well_kept,NA,apartment,6114,2,2,4,2,FALSE,2
Hessen,120,5,2.91,40,NA,2018,111256009,district_heating,TRUE,Hessen,TRUE,9,805,16,64,mint_condition,NA,apartment,35037,2,1,4,2,FALSE,3
Sachsen_Anhalt,77,11,-0.16,40,NA,NA,112882533,NA,FALSE,Sachsen_Anhalt,TRUE,NA,324,2,54,fully_renovated,NA,ground_floor,6886,2,NA,2,2,FALSE,2
Sachsen,168.7,7,0,40,418.7,NA,111625669,gas,FALSE,Sachsen,FALSE,NA,250,19,67.48,well_kept,NA,roof_storey,9131,2,NA,4,2,TRUE,3
Sachsen,55,6,4.55,10,340,1990,84395792,district_heating,FALSE,Sachsen,TRUE,4,220,45809,54,NA,normal,NA,8236,3,5,5,3,FALSE,2
Bayern,160,24,5.92,2.4,1050,1972,115552251,oil,TRUE,Bayern,TRUE,3,890,NA,120,modernized,sophisticated,ground_floor,86871,3,0,2,3,TRUE,5
Baden_Württemberg,200,10,4.69,10,1050,2010,110430953,gas,TRUE,Baden_Württemberg,TRUE,7,850,NA,85,well_kept,normal,apartment,73770,3,1,3,3,FALSE,4
Niedersachsen,160,13,4.35,2.4,1120,1990,110637286,gas,TRUE,Niedersachsen,TRUE,4,960,27,92,well_kept,NA,apartment,21680,4,1,2,4,FALSE,4
Bremen,290,14,3.26,2.4,1040,1974,113577100,oil,FALSE,Bremen,TRUE,3,750,8,97.83,modernized,normal,apartment,27570,3,NA,4,3,FALSE,4
Sachsen,171,12,1.19,NA,542,NA,112349843,gas,FALSE,Sachsen,TRUE,NA,371,.,74,NA,NA,apartment,8412,3,2,NA,3,FALSE,3
Brandenburg,162.75,16,-0.83,40,503.06,1988,112322457,district_heating,FALSE,Brandenburg,TRUE,4,340.31,35,73.98,refurbished,normal,apartment,3044,4,4,5,4,FALSE,3
Sachsen_Anhalt,180,5,1.62,40,705,1960,115274405,gas,FALSE,Sachsen_Anhalt,TRUE,2,705,42a,126,NA,NA,apartment,6749,6,1,4,5,FALSE,6
Baden_Württemberg,0,8,8.89,40,1095,NA,107332215,NA,FALSE,Baden_Württemberg,FALSE,NA,1095,NA,53,NA,NA,apartment,70180,1,NA,NA,1,FALSE,2
Sachsen_Anhalt,94,6,1.19,2.4,330.15,1995,47335676,gas,FALSE,Sachsen_Anhalt,TRUE,5,236.15,41275,55.96,mint_condition,NA,roof_storey,39418,2,4,4,2,FALSE,2
Sachsen,67.5,15,0,2.4,430,NA,107704747,NA,TRUE,Sachsen,TRUE,NA,295,5,58.44,refurbished,NA,raised_ground_floor,9112,2,NA,NA,2,TRUE,2
Nordrhein_Westfalen,120,9,3.51,40,565,1976,110772748,district_heating:local_heating,TRUE,Nordrhein_Westfalen,TRUE,3,350,NA,77.43,refurbished,NA,apartment,59192,3,5,NA,3,FALSE,3
Nordrhein_Westfalen,164,23,4.11,40,654,1970,110281190,gas,FALSE,Nordrhein_Westfalen,TRUE,2,490,NA,52,first_time_use_after_refurbishment,normal,roof_storey,40880,2,2,2,2,TRUE,2
Sachsen_Anhalt,65,2,0,NA,362,NA,111755896,NA,FALSE,Sachsen_Anhalt,TRUE,NA,237,4,49.48,NA,NA,apartment,6712,2,4,NA,2,FALSE,2
Sachsen,330,18,0.5,40,1160,1925,111311365,gas,TRUE,Sachsen,TRUE,1,790,308,116.74,well_kept,NA,maisonette,9127,4,2,NA,4,TRUE,5
Nordrhein_Westfalen,100.5,1,3.85,2.4,538,NA,111390867,NA,FALSE,Nordrhein_Westfalen,FALSE,NA,370.5,NA,67,NA,NA,apartment,58638,3,NA,NA,3,FALSE,3
Nordrhein_Westfalen,170,11,2.9,40,920,1918,106172812,gas,TRUE,Nordrhein_Westfalen,TRUE,1,750,NA,87,well_kept,NA,apartment,42697,3,1,NA,3,FALSE,4
Rheinland_Pfalz,190,13,1.79,5,690,1992,67325647,NA,TRUE,Rheinland_Pfalz,TRUE,5,500,11,85,NA,sophisticated,roof_storey,55765,3,2,2,3,FALSE,4
Sachsen_Anhalt,131,9,3.39,40,NA,NA,110492973,NA,FALSE,Sachsen_Anhalt,FALSE,NA,432,32,54,well_kept,NA,apartment,39112,1,4,NA,1,FALSE,2
Sachsen,140,14,1.79,2.4,490,NA,98962855,NA,TRUE,Sachsen,TRUE,NA,350,4,70,refurbished,normal,apartment,4838,2,3,5,2,FALSE,3
Niedersachsen,170,8,0,40,870,1962,113820425,district_heating,FALSE,Niedersachsen,TRUE,2,630,10,63,refurbished,sophisticated,apartment,38448,3,NA,NA,3,FALSE,3
Sachsen,84.44,15,0.37,NA,456.7,1983,111518277,district_heating,FALSE,Sachsen,TRUE,4,299.08,33 b,56.29,first_time_use_after_refurbishment,normal,NA,9353,3,4,6,3,FALSE,2
Nordrhein_Westfalen,100,8,2.94,NA,NA,1951,106593919,gas,FALSE,Nordrhein_Westfalen,TRUE,2,650,NA,69,first_time_use_after_refurbishment,NA,maisonette,33611,2,2,3,2,FALSE,3
Sachsen,100,32,3.87,40,520,1900,111987352,gas,FALSE,Sachsen,FALSE,1,420,NA,50,well_kept,normal,raised_ground_floor,4159,2,0,4,2,FALSE,2
Sachsen,140,19,0,2.4,890,NA,105852336,environmental_thermal_energy,FALSE,Sachsen,FALSE,NA,750,NA,100,first_time_use,sophisticated,NA,9123,4,NA,1,4,TRUE,4
Sachsen,67,5,3.21,40,337,NA,112301343,gas,FALSE,Sachsen,TRUE,NA,270,16,67,refurbished,normal,apartment,4808,2,NA,3,2,FALSE,3
Brandenburg,155,8,1.75,40,640,1969,110610023,district_heating,FALSE,Brandenburg,TRUE,2,475,35,72.98,first_time_use_after_refurbishment,NA,apartment,17291,3,3,NA,3,FALSE,3
Niedersachsen,130,11,3.76,40,830,1927,115306096,gas,FALSE,Niedersachsen,TRUE,1,700,35,103,first_time_use_after_refurbishment,normal,raised_ground_floor,27472,4,0,3,4,FALSE,5
Bayern,120,0,1.67,1,570,1992,99299177,oil,FALSE,Bayern,FALSE,5,450,NA,70,refurbished,normal,apartment,84337,2,1,2,2,TRUE,3
Hessen,150,13,3.13,40,900,1939,105689662,NA,FALSE,Hessen,TRUE,1,750,24,106,modernized,normal,ground_floor,34132,5,NA,NA,5,FALSE,5
Nordrhein_Westfalen,70,10,3.28,10,475,NA,107322097,gas,FALSE,Nordrhein_Westfalen,FALSE,NA,355,21,60,well_kept,normal,roof_storey,52351,3,2,2,3,FALSE,2
Nordrhein_Westfalen,165,12,2.38,40,660,1971,115575707,gas,FALSE,Nordrhein_Westfalen,FALSE,3,415,197,71,first_time_use_after_refurbishment,NA,apartment,47259,3,4,4,3,TRUE,3
Nordrhein_Westfalen,130,13,3.12,10,510,NA,112831966,gas,FALSE,Nordrhein_Westfalen,TRUE,NA,380,24,57,well_kept,normal,apartment,45355,2,1,1,2,TRUE,2
Rheinland_Pfalz,130,20,3.45,40,1025,1990,111239581,gas,TRUE,Rheinland_Pfalz,TRUE,4,875,1,80,well_kept,sophisticated,maisonette,55270,3,0,1,3,TRUE,3
Bayern,80,12,5.13,40,1070,1971,115574304,oil,TRUE,Bayern,TRUE,3,925,45,54,modernized,sophisticated,terraced_flat,80639,2,3,3,2,FALSE,2
Rheinland_Pfalz,NA,7,5.08,40,470,NA,115568878,NA,FALSE,Rheinland_Pfalz,FALSE,NA,370,NA,28,NA,NA,ground_floor,67146,2,NA,NA,2,FALSE,1
Hessen,288,5,4.27,10,1639.99,2012,115133850,NA,TRUE,Hessen,FALSE,8,1221.99,8B,107.23,mint_condition,sophisticated,apartment,64295,4,NA,NA,4,FALSE,5
Nordrhein_Westfalen,140,15,2.44,40,510,1950,112372558,gas,FALSE,Nordrhein_Westfalen,TRUE,1,370,70,62,well_kept,normal,roof_storey,46047,3,2,2,3,FALSE,3
Mecklenburg_Vorpommern,280,26,2.9,NA,790,2018,101143652,environmental_thermal_energy,FALSE,Mecklenburg_Vorpommern,TRUE,9,510,23a,60,first_time_use,sophisticated,apartment,18546,2,1,4,2,FALSE,2
Bayern,250,15,5.41,2.4,2500,1958,107376684,gas,TRUE,Bayern,TRUE,2,2250,NA,106,well_kept,NA,ground_floor,82031,3,0,NA,3,TRUE,5
Niedersachsen,200,5,4.83,2.4,1254.31,2019,113175394,gas,FALSE,Niedersachsen,TRUE,9,1054.31,25,100.41,first_time_use,sophisticated,apartment,49088,3,1,2,3,FALSE,4
Nordrhein_Westfalen,105,7,2.66,40,480,1942,113324723,gas,FALSE,Nordrhein_Westfalen,FALSE,1,375,22,62,well_kept,NA,apartment,45768,3,1,3,3,FALSE,3
Thüringen,125,5,5,40,465,1980,106972613,district_heating,FALSE,Thüringen,TRUE,3,340,12,56.81,first_time_use_after_refurbishment,normal,apartment,99867,2,2,5,2,FALSE,2
Sachsen,NA,11,1.67,10,470,1900,91333110,NA,FALSE,Sachsen,FALSE,1,360,21a,68.04,NA,NA,apartment,2827,2,1,NA,2,FALSE,3
Hessen,380,11,6.01,NA,1620,2016,112571186,district_heating,TRUE,Hessen,TRUE,9,1240,7,96,mint_condition,sophisticated,apartment,63067,3,1,4,3,FALSE,4
Saarland,160,9,2.08,2.4,800,1970,91423218,environmental_thermal_energy,TRUE,Saarland,FALSE,2,640,45,116,refurbished,sophisticated,apartment,66352,3.5,2,2,3,FALSE,5
Sachsen,133,5,1.75,40,466,1920,103182593,NA,FALSE,Sachsen,FALSE,1,333,NA,66.25,NA,NA,NA,2625,3,NA,NA,3,FALSE,3
Sachsen,250,31,2.2,NA,1170,2019,115459929,gas,FALSE,Sachsen,TRUE,9,920,16,115,mint_condition,sophisticated,apartment,8527,4,2,3,4,TRUE,5
Nordrhein_Westfalen,130,10,1.82,2.4,685,1986,70746531,district_heating,FALSE,Nordrhein_Westfalen,TRUE,4,475,9,78,modernized,normal,apartment,45711,3.5,3,4,3,FALSE,3
Baden_Württemberg,325,12,5.99,NA,2185,2019,109940749,gas,FALSE,Baden_Württemberg,FALSE,9,1860,NA,108.73,NA,NA,apartment,73614,3,NA,4,3,FALSE,5
Sachsen,77,3,0.58,2.4,479.79,1996,112592611,NA,FALSE,Sachsen,FALSE,5,362.79,7,61.7,NA,NA,NA,2977,2,4,NA,2,FALSE,3
Sachsen,150,7,0.74,10,490,1995,114465455,district_heating,FALSE,Sachsen,TRUE,5,340,20,63,well_kept,NA,apartment,1587,2,5,7,2,FALSE,3
Saarland,220,12,1.69,2.4,820,1996,102602041,natural_gas_light,TRUE,Saarland,FALSE,5,600,32,115,well_kept,sophisticated,maisonette,66346,4,1,3,4,FALSE,5
Bayern,120,8,4.85,10,1270,2020,115365302,NA,TRUE,Bayern,TRUE,9,1150,8,104,first_time_use,sophisticated,apartment,94032,3,NA,NA,3,FALSE,5
Schleswig_Holstein,60,9,3.45,40,NA,NA,66928456,gas,TRUE,Schleswig_Holstein,TRUE,NA,460,5,78,modernized,normal,apartment,24768,2.5,1,3,2,FALSE,3
Mecklenburg_Vorpommern,144.2,6,2.8,NA,432.6,1974,114443032,district_heating,FALSE,Mecklenburg_Vorpommern,FALSE,3,288.4,31,57.68,refurbished,NA,apartment,19061,2.5,4,NA,2,FALSE,2
Bayern,250,13,5.9,40,1250,1985,115643284,natural_gas_heavy,TRUE,Bayern,TRUE,4,1000,NA,30,first_time_use_after_refurbishment,sophisticated,apartment,80807,1,3,NA,1,FALSE,1
Sachsen_Anhalt,52.05,6,0.19,40,400.79,1930,115060694,gas,FALSE,Sachsen_Anhalt,TRUE,1,244.64,2,52.05,well_kept,normal,ground_floor,6667,3,NA,3,3,FALSE,2
Sachsen_Anhalt,85,20,3.7,40,574,NA,105277443,NA,FALSE,Sachsen_Anhalt,FALSE,NA,413,3,68.78,refurbished,NA,other,6122,4,4,5,4,FALSE,3
Sachsen_Anhalt,146,12,1.96,NA,NA,1996,83975256,gas,FALSE,Sachsen_Anhalt,FALSE,5,282.55,NA,56.51,NA,NA,NA,39606,2,NA,3,2,FALSE,2
Sachsen_Anhalt,165,8,1.87,40,547.8,1894,107870028,gas,FALSE,Sachsen_Anhalt,FALSE,1,382.8,10,66,well_kept,NA,apartment,39104,2,2,4,2,FALSE,3
Baden_Württemberg,80,9,5.39,40,1580,NA,115616520,electricity,TRUE,Baden_Württemberg,TRUE,NA,1500,1,90,NA,normal,apartment,70197,3.5,3,1,3,FALSE,4
Baden_Württemberg,90,9,4.72,40,550,NA,111317342,NA,TRUE,Baden_Württemberg,FALSE,NA,460,1,43,NA,NA,NA,72631,2,NA,NA,2,FALSE,2
Nordrhein_Westfalen,80,10,2.81,40,425,NA,115440942,gas,FALSE,Nordrhein_Westfalen,FALSE,NA,280,11,48.5,well_kept,normal,ground_floor,42857,2,0,3,2,FALSE,2
Sachsen,130,10,0.53,2.4,450,1910,115540988,gas,FALSE,Sachsen,FALSE,1,320,2,59.5,well_kept,normal,roof_storey,9113,3,NA,NA,3,FALSE,2
Nordrhein_Westfalen,100.96,7,3.2,40,479.76,1956,111415581,district_heating,FALSE,Nordrhein_Westfalen,TRUE,2,354.8,36,53.5,well_kept,normal,apartment,45144,2,2,NA,2,FALSE,2
Sachsen,301,36,6.85,40,1183,1905,106597091,geothermal:solar_heating,FALSE,Sachsen,TRUE,1,882,8 4,103.74,first_time_use_after_refurbishment,sophisticated,apartment,4177,4,1,4,4,FALSE,5
Hamburg,130,12,6.14,40,1110,2008,111303204,gas,TRUE,Hamburg,TRUE,7,900,215,72,mint_condition,normal,apartment,22047,2.5,2,5,2,FALSE,3
Berlin,115,1,8.57,40,545,1912,107048866,district_heating,FALSE,Berlin,FALSE,1,430,57,36.08,NA,NA,NA,10711,1,3,NA,1,FALSE,1
Sachsen,33,4,1.3,2.4,200,1976,103210497,district_heating,FALSE,Sachsen,TRUE,3,134,0.125,24.6,NA,normal,NA,1705,1,3,NA,1,FALSE,1
Sachsen,90,4,2.56,2.4,335,1997,82889459,natural_gas_light,FALSE,Sachsen,TRUE,5,245,24,42,NA,sophisticated,NA,8529,2,2,2,2,FALSE,2
Bayern,180,11,4.95,NA,571.6,1910,112603789,gas,FALSE,Bayern,FALSE,1,391.6,NA,106,well_kept,normal,roof_storey,95176,3,NA,2,3,FALSE,5
Bayern,236,7,7.22,40,1830,1988,111039698,gas,FALSE,Bayern,TRUE,4,1399,17,87.59,modernized,sophisticated,NA,81539,3,5,5,3,FALSE,4
Brandenburg,55,5,8.8,NA,NA,1996,113849211,NA,FALSE,Brandenburg,TRUE,5,373,-,36.22,well_kept,NA,roof_storey,14469,1,NA,1,1,FALSE,1
Thüringen,30,1,0.72,2.4,455,1870,99891935,gas,FALSE,Thüringen,FALSE,1,285,7,77.95,refurbished,normal,apartment,6571,3,1,1,3,FALSE,3
Nordrhein_Westfalen,220,12,3.33,10,600,1989,54971058,gas,FALSE,Nordrhein_Westfalen,FALSE,4,380,2,69.35,well_kept,normal,apartment,47169,2,1,1,2,FALSE,3
Baden_Württemberg,300,12,4.13,40,1270,1971,113349233,district_heating,FALSE,Baden_Württemberg,TRUE,3,970,NA,103,first_time_use_after_refurbishment,sophisticated,apartment,68309,5,2,3,5,FALSE,5
Nordrhein_Westfalen,50,12,5.08,40,740,NA,111417664,NA,TRUE,Nordrhein_Westfalen,FALSE,NA,690,5,17,modernized,sophisticated,apartment,50667,1,1,5,1,FALSE,1
Nordrhein_Westfalen,40,14,3.39,40,780,1920,93638384,NA,FALSE,Nordrhein_Westfalen,TRUE,1,620,85,120,modernized,normal,roof_storey,59065,4,3,3,4,TRUE,5
Hessen,167.5,3,1.52,40,740,1964,113595027,gas,FALSE,Hessen,TRUE,2,432.5,4,81.33,NA,NA,ground_floor,35037,4,1,NA,4,FALSE,4
Bayern,350,26,4.89,2.4,7150,2009,112533018,NA,TRUE,Bayern,TRUE,7,6800,NA,143,mint_condition,luxury,apartment,80538,4,2,3,4,TRUE,6
Rheinland_Pfalz,120,6,4.23,40,NA,1945,110623329,gas,TRUE,Rheinland_Pfalz,TRUE,1,680,NA,75,modernized,normal,ground_floor,67227,2.5,0,NA,2,FALSE,3
Baden_Württemberg,150,17,5.8,40,1850,1902,115660958,gas,TRUE,Baden_Württemberg,TRUE,1,1500,70,106,well_kept,normal,apartment,79104,3,1,1,3,FALSE,5
Sachsen,90,6,2.04,40,320,1977,97014261,district_heating,FALSE,Sachsen,TRUE,3,230,271,41,fully_renovated,normal,ground_floor,9119,2,1,6,2,FALSE,2
Sachsen_Anhalt,150,15,2.78,40,499,1906,115364304,natural_gas_light,FALSE,Sachsen_Anhalt,TRUE,1,349,2,68.19,fully_renovated,normal,apartment,6110,3,2,3,3,FALSE,3
Schleswig_Holstein,93,8,4.35,10,906,1995,88058895,district_heating,TRUE,Schleswig_Holstein,TRUE,5,750,10,75.62,first_time_use_after_refurbishment,normal,apartment,22869,2,3,3,2,FALSE,3
Bayern,220,10,5.21,10,1015.79,1980,110519806,NA,FALSE,Bayern,FALSE,3,795.79,5,85.02,well_kept,NA,NA,90489,3,4,NA,3,FALSE,4
Baden_Württemberg,220,30,4.51,2.4,NA,2019,115591901,environmental_thermal_energy,TRUE,Baden_Württemberg,TRUE,9,1040,NA,86.57,first_time_use,sophisticated,ground_floor,88250,3,NA,NA,3,TRUE,4
Sachsen_Anhalt,143.14,7,3.85,10,442.42,1979,107350618,district_heating,FALSE,Sachsen_Anhalt,FALSE,3,299.28,9,65.06,NA,NA,apartment,39128,4,2,NA,4,FALSE,3
Saarland,110,9,2.34,40,NA,1952,114318484,gas,FALSE,Saarland,TRUE,2,370,NA,50,NA,NA,apartment,66113,2,NA,NA,2,FALSE,2
Sachsen,110,6,1.16,2.4,570,NA,87185785,district_heating,FALSE,Sachsen,FALSE,NA,350,8,95.61,well_kept,normal,NA,9456,4,5,5,4,FALSE,4
Niedersachsen,160,1,5.17,40,NA,1968,107323807,gas,TRUE,Niedersachsen,TRUE,2,640,NA,76,first_time_use_after_refurbishment,sophisticated,ground_floor,31787,3,0,2,3,TRUE,3
Thüringen,137.07,14,2.15,40,465,1954,114640764,NA,FALSE,Thüringen,TRUE,2,327.93,45,64.3,refurbished,normal,apartment,7318,3,2,2,3,FALSE,3
Sachsen,161,5,0.39,2.4,459.5,1900,89630863,gas,FALSE,Sachsen,TRUE,1,298.5,NA,65,refurbished,normal,roof_storey,8393,3,3,3,3,TRUE,3
Nordrhein_Westfalen,255,12,2.39,40,642.23,1910,115353976,gas,FALSE,Nordrhein_Westfalen,FALSE,1,387.23,28,88.61,modernized,NA,roof_storey,45899,4.5,NA,NA,4,FALSE,4
Hamburg,50,17,4.32,40,990,NA,115675584,NA,TRUE,Hamburg,FALSE,NA,940,67,19,modernized,sophisticated,apartment,20144,1,4,NA,1,FALSE,1
Sachsen,121,10,2.44,40,628,1962,109834495,district_heating,FALSE,Sachsen,FALSE,2,507,NA,63.4,refurbished,normal,NA,1189,2,2,NA,2,TRUE,3
Berlin,150,0,9.26,40,1200,1910,115691712,NA,TRUE,Berlin,TRUE,1,1050,3,53,modernized,normal,roof_storey,12047,2,5,5,2,FALSE,2
Mecklenburg_Vorpommern,173,4,2.53,NA,1073,2017,110166459,pellet_heating,FALSE,Mecklenburg_Vorpommern,TRUE,9,900,82a/b,69.04,first_time_use,normal,roof_storey,18147,2,3,3,2,FALSE,3
Nordrhein_Westfalen,120,3,3.77,40,NA,1968,111412297,NA,FALSE,Nordrhein_Westfalen,FALSE,2,450,NA,73,NA,NA,roof_storey,42929,3,3,3,3,FALSE,3
Hessen,81.5,4,2.52,40,309.29,1994,111202426,district_heating,FALSE,Hessen,FALSE,5,227.79,57,55.52,mint_condition,NA,apartment,34125,2,1,NA,2,FALSE,2
Rheinland_Pfalz,160,17,3.71,40,960,2017,101967877,gas,TRUE,Rheinland_Pfalz,TRUE,9,800,NA,82,first_time_use,sophisticated,roof_storey,55232,3,3,3,3,FALSE,4
Bayern,130,8,5.84,10,1410,NA,90875343,NA,TRUE,Bayern,TRUE,NA,1280,NA,62,NA,NA,apartment,81541,2,5,5,2,TRUE,3
Bayern,140,0,7.38,40,1290,NA,107372218,gas,TRUE,Bayern,TRUE,NA,1150,3,65,first_time_use_after_refurbishment,luxury,apartment,81479,2,1,2,2,FALSE,3
Sachsen,80,4,1.1,2.4,NA,1986,115640582,district_heating,FALSE,Sachsen,TRUE,4,325,8,65,modernized,NA,NA,1809,3,0,NA,3,FALSE,3
Brandenburg,237.69,4,4.23,40,693.94,1975,111423383,district_heating,FALSE,Brandenburg,TRUE,3,456.25,21,73,need_of_renovation,NA,apartment,14473,3,1,NA,3,FALSE,3
Berlin,90,9,7.59,40,899,1933,113058948,gas,TRUE,Berlin,FALSE,1,764,10,46.34,NA,NA,apartment,13407,2,NA,4,2,FALSE,2
Nordrhein_Westfalen,70,6,1.71,40,460,NA,106053095,oil,FALSE,Nordrhein_Westfalen,FALSE,NA,340,69,56,NA,normal,NA,45883,2,2,3,2,FALSE,2
Sachsen,170,2,1.72,40,667,1898,113703800,natural_gas_light,FALSE,Sachsen,FALSE,1,497,NA,99.45,NA,NA,NA,2763,4,1,NA,4,FALSE,4
Sachsen,77,14,3.52,40,454,1986,112163245,district_heating,FALSE,Sachsen,TRUE,4,335,2,59.4,fully_renovated,NA,apartment,4157,3,2,4,3,FALSE,2
Sachsen,62,3,0,2.4,NA,NA,107339598,district_heating,FALSE,Sachsen,TRUE,NA,330,26,54.42,refurbished,NA,apartment,2977,2,4,NA,2,FALSE,2
Sachsen,133,8,4.05,40,540,NA,105853324,district_heating,FALSE,Sachsen,TRUE,NA,417,12,43.9,NA,NA,apartment,4277,1,1,4,1,FALSE,2
Sachsen,32,11,3.07,2.4,288,1984,110375572,district_heating,FALSE,Sachsen,TRUE,4,220,52,32.61,well_kept,NA,apartment,4205,1,2,5,1,FALSE,1
Sachsen,161.2,15,4.6,40,460.2,NA,110411192,NA,FALSE,Sachsen,FALSE,NA,299,NA,14,first_time_use_after_refurbishment,sophisticated,other,1069,1,NA,NA,1,FALSE,1
Mecklenburg_Vorpommern,440,22,1.67,40,2036,2017,99265240,NA,TRUE,Mecklenburg_Vorpommern,FALSE,9,1596,16,199.5,mint_condition,sophisticated,roof_storey,23966,6,NA,NA,5,FALSE,7
Sachsen,95,6,0.74,40,475,1900,112723843,natural_gas_heavy,FALSE,Sachsen,TRUE,1,380,25,83.49,refurbished,normal,apartment,1589,3,2,4,3,FALSE,4
Nordrhein_Westfalen,250,11,3.16,40,NA,1974,111153490,natural_gas_heavy,FALSE,Nordrhein_Westfalen,FALSE,3,565,40,82,NA,NA,apartment,42697,2,1,4,2,FALSE,4
Schleswig_Holstein,185,28,3.08,NA,964,2016,106543242,gas,FALSE,Schleswig_Holstein,FALSE,9,779,1 d,92,NA,NA,NA,24963,3,NA,NA,3,TRUE,4
Thüringen,160,12,-0.16,40,590,1887,110259861,gas,FALSE,Thüringen,TRUE,1,430,NA,77,NA,NA,ground_floor,99817,2,NA,3,2,FALSE,3
Sachsen,130,10,0.33,40,425,1995,113761542,NA,FALSE,Sachsen,TRUE,5,295,101,54.86,well_kept,normal,ground_floor,9117,2,2,3,2,TRUE,2
Thüringen,50,16,2.7,40,357,NA,113436951,gas,FALSE,Thüringen,TRUE,NA,307,29,74.9,well_kept,normal,apartment,7546,4,3,4,4,TRUE,3
Thüringen,72.5,8,0.35,40,420.5,1975,111875734,NA,FALSE,Thüringen,FALSE,3,295,102,52.79,modernized,NA,other,99734,3,2,NA,3,FALSE,2
Nordrhein_Westfalen,72.07,14,2.17,40,397,NA,113705698,district_heating,FALSE,Nordrhein_Westfalen,TRUE,NA,281.5,156,51,well_kept,normal,roof_storey,46045,2,3,3,2,FALSE,2
Sachsen,105,4,0.19,40,315,NA,110638186,gas,FALSE,Sachsen,FALSE,NA,210,15,41.87,NA,NA,apartment,8371,2,NA,NA,2,FALSE,2
Saarland,240,7,2.46,2.4,1180,2006,115653123,district_heating,FALSE,Saarland,FALSE,7,880,32,110,mint_condition,sophisticated,roof_storey,66740,4,4,4,4,FALSE,5
Nordrhein_Westfalen,183.1,18,3.01,40,583.4,1957,65444463,gas,FALSE,Nordrhein_Westfalen,TRUE,2,400.3,24a,70.85,well_kept,normal,apartment,47137,3,1,4,3,TRUE,3
Hessen,240,9,3.73,2.4,1140,2019,115180797,gas,FALSE,Hessen,TRUE,9,900,20,87,first_time_use,luxury,terraced_flat,65510,3,1,5,3,TRUE,4
Hessen,NA,13,3.48,40,690,1998,111341051,gas,FALSE,Hessen,FALSE,5,520,20,54,first_time_use_after_refurbishment,sophisticated,raised_ground_floor,65520,2,NA,NA,2,FALSE,2
Mecklenburg_Vorpommern,70,7,0,40,461.32,1961,106988310,district_heating,FALSE,Mecklenburg_Vorpommern,TRUE,2,321.32,4,60.06,modernized,NA,apartment,23968,3,3,5,3,FALSE,2
Nordrhein_Westfalen,200,11,2.97,40,720,1976,113725145,oil,TRUE,Nordrhein_Westfalen,FALSE,3,520,NA,80,modernized,sophisticated,apartment,58644,3,2,3,3,FALSE,3
Mecklenburg_Vorpommern,190,8,3.7,40,580,1916,100752662,gas,FALSE,Mecklenburg_Vorpommern,TRUE,1,390,1,66.22,modernized,normal,ground_floor,19370,3,0,2,3,TRUE,3
Bayern,48,7,5.71,40,1154,1890,113800286,NA,TRUE,Bayern,TRUE,1,1050,38 VGB,41,modernized,sophisticated,apartment,81667,2,4,5,2,FALSE,2
Niedersachsen,200,11,3.47,NA,920,2019,115563177,geothermal,FALSE,Niedersachsen,FALSE,9,720,22,82,first_time_use,sophisticated,ground_floor,31535,2,1,NA,2,FALSE,4
Sachsen,114,12,0,40,364,1930,107936620,district_heating,FALSE,Sachsen,TRUE,1,250,35,47.3,refurbished,sophisticated,raised_ground_floor,9127,2,0,2,2,FALSE,2
Sachsen,153,9,0.21,40,731,NA,113155911,NA,FALSE,Sachsen,TRUE,NA,578,1,76.75,refurbished,normal,NA,9130,3,2,NA,3,FALSE,3
Nordrhein_Westfalen,300,12,5.08,2.4,1600,1972,102559335,district_heating,TRUE,Nordrhein_Westfalen,TRUE,3,1300,79,102,fully_renovated,sophisticated,apartment,50668,3,13,14,3,FALSE,5
Baden_Württemberg,120,8,3.8,40,520,1986,111414819,NA,TRUE,Baden_Württemberg,TRUE,4,400,NA,38,well_kept,NA,apartment,74564,1,NA,NA,1,FALSE,1
Niedersachsen,50,8,3.45,40,NA,2006,105168282,gas,FALSE,Niedersachsen,FALSE,7,249,2a,37,NA,normal,NA,38678,2,0,NA,2,FALSE,1
Berlin,115,7,9.13,10,1095,1900,66012954,gas,TRUE,Berlin,TRUE,1,980,16,93,fully_renovated,normal,apartment,13357,2,3,4,2,FALSE,4
Sachsen,110,16,0.53,40,430,1926,110806347,gas,TRUE,Sachsen,TRUE,1,320,NA,64,modernized,NA,NA,9116,2,2,5,2,TRUE,3
Berlin,228.79,5,6.83,40,1710.1,1992,112590971,district_heating,TRUE,Berlin,FALSE,5,1387.36,21,95.68,well_kept,sophisticated,apartment,10719,2,3,8,2,FALSE,4
Hessen,210,15,1.52,40,1410,2006,113328492,gas,TRUE,Hessen,FALSE,7,1200,35,110,well_kept,sophisticated,terraced_flat,35037,3.5,0,NA,3,FALSE,5
Sachsen,305,21,5.38,40,1450,1900,111891429,gas,FALSE,Sachsen,TRUE,1,1145,6a,127.16,first_time_use,sophisticated,maisonette,4177,3,NA,NA,3,FALSE,6
Nordrhein_Westfalen,120,8,3.28,10,700,NA,115521258,gas,FALSE,Nordrhein_Westfalen,TRUE,NA,505,397,96,well_kept,normal,apartment,47179,4,2,3,4,FALSE,4
Sachsen,60,5,2.44,40,411,NA,109409300,NA,FALSE,Sachsen,FALSE,NA,281,NA,70.19,NA,NA,roof_storey,8236,2,3,NA,2,FALSE,3
Hessen,NA,10,3.66,40,1025,NA,111182737,NA,FALSE,Hessen,FALSE,NA,850,13,83,NA,NA,ground_floor,64372,3,NA,NA,3,FALSE,4
Berlin,225,8,6.73,40,1215,1932,111328308,gas,FALSE,Berlin,FALSE,1,990,NA,90,first_time_use_after_refurbishment,NA,apartment,12527,3,2,3,3,FALSE,4
Sachsen,94,8,1.01,2.4,314,1980,115169909,district_heating,FALSE,Sachsen,FALSE,3,220,46,36.5,fully_renovated,NA,apartment,9599,1,2,10,1,FALSE,1
Sachsen,270,9,4.35,40,1420,1903,111490028,gas,TRUE,Sachsen,FALSE,1,1150,43,118.06,fully_renovated,NA,apartment,4155,4,2,4,4,TRUE,5
Sachsen_Anhalt,85.29,3,1.92,2.4,NA,1972,94289645,NA,FALSE,Sachsen_Anhalt,TRUE,3,267.24,NA,56.86,NA,NA,NA,6130,3,4,NA,3,FALSE,2
Baden_Württemberg,NA,0,5.83,40,NA,2016,115658208,NA,TRUE,Baden_Württemberg,TRUE,9,990,NA,105,NA,NA,NA,74229,3,NA,NA,3,FALSE,5
Nordrhein_Westfalen,175,7,3.08,5,NA,1915,106367219,gas,FALSE,Nordrhein_Westfalen,TRUE,1,580,NA,83,well_kept,normal,roof_storey,51515,3,2,NA,3,FALSE,4
Nordrhein_Westfalen,137,6,3.09,40,NA,1964,115657464,gas,FALSE,Nordrhein_Westfalen,FALSE,2,469,38,78.91,NA,NA,apartment,58638,4,2,4,4,FALSE,3
Nordrhein_Westfalen,120,9,2.92,40,518,NA,115208997,gas,TRUE,Nordrhein_Westfalen,FALSE,NA,398,82,50,fully_renovated,sophisticated,roof_storey,42277,2,2,2,2,FALSE,2
Sachsen_Anhalt,119,7,0.38,40,390,1983,114289085,district_heating,FALSE,Sachsen_Anhalt,TRUE,4,271,4,56.27,refurbished,NA,apartment,38820,2,2,6,2,FALSE,2
Berlin,300,22,9.2,10,1190,2016,107322422,district_heating,TRUE,Berlin,TRUE,9,890,1,83,mint_condition,sophisticated,apartment,13127,3,2,3,3,TRUE,4
Sachsen,211,33,1.95,40,901,1996,114183480,natural_gas_heavy,FALSE,Sachsen,TRUE,5,650,56,88.17,well_kept,normal,roof_storey,1640,3,NA,3,3,TRUE,4
Rheinland_Pfalz,260,16,2.91,40,970,1996,72567204,oil,FALSE,Rheinland_Pfalz,TRUE,5,660,2,101.25,fully_renovated,sophisticated,apartment,56130,3,1,2,3,FALSE,5
Sachsen_Anhalt,86,13,2.9,40,548,NA,111376860,gas,FALSE,Sachsen_Anhalt,FALSE,NA,398,108,66.2,well_kept,normal,apartment,6110,3,3,5,3,FALSE,3
Nordrhein_Westfalen,195,5,3.33,40,615,NA,104990043,district_heating,FALSE,Nordrhein_Westfalen,TRUE,NA,420,158,70.5,modernized,normal,apartment,46117,3,1,3,3,FALSE,3
Sachsen,145,11,5.1,40,695,1888,113614306,NA,FALSE,Sachsen,TRUE,1,550,25,64.05,first_time_use,luxury,roof_storey,4299,2,3,4,2,FALSE,3
Nordrhein_Westfalen,90,4,1.4,40,410,1939,113666394,gas,FALSE,Nordrhein_Westfalen,TRUE,1,320,NA,48,refurbished,normal,roof_storey,58097,2,2,2,2,TRUE,2
Schleswig_Holstein,200,12,5.43,40,1140,1986,110771764,gas,TRUE,Schleswig_Holstein,FALSE,4,900,NA,95.73,NA,NA,NA,25469,3,2,NA,3,FALSE,4
Sachsen,112,11,0,2.4,347,1910,108927543,natural_gas_heavy,FALSE,Sachsen,TRUE,1,235,2,50.75,well_kept,normal,apartment,9113,2,3,4,2,FALSE,2
Thüringen,NA,8,2.7,40,850,1959,113344551,district_heating,FALSE,Thüringen,TRUE,2,670,NA,90,first_time_use_after_refurbishment,sophisticated,apartment,7546,5,1,4,5,FALSE,4
Niedersachsen,150,9,5.06,40,860,1981,44336643,natural_gas_light,TRUE,Niedersachsen,TRUE,4,710,56,71,fully_renovated,luxury,apartment,30916,2,2,3,2,FALSE,3
Nordrhein_Westfalen,120,5,3.32,NA,695,1994,111366877,gas,FALSE,Nordrhein_Westfalen,TRUE,5,575,45907,56,fully_renovated,normal,apartment,52070,2,2,3,2,FALSE,2
Sachsen,91.67,3,0,2.4,337.17,1970,105037554,local_heating,FALSE,Sachsen,FALSE,2,245.5,13,49.1,NA,NA,apartment,1612,2,3,NA,2,FALSE,2
Bremen,110,10,4.6,10,760,NA,111394022,NA,TRUE,Bremen,FALSE,NA,650,NA,69,NA,NA,NA,28215,3,NA,NA,3,FALSE,3
Sachsen,100,12,-0.4,40,325,1910,110977314,gas,FALSE,Sachsen,TRUE,1,225,4,50,well_kept,sophisticated,other,9355,2,1,2,2,TRUE,2
Nordrhein_Westfalen,80,8,3.68,40,1006,NA,114043726,oil,FALSE,Nordrhein_Westfalen,TRUE,NA,876,286,73,first_time_use_after_refurbishment,sophisticated,ground_floor,42579,2,NA,3,2,FALSE,3
Sachsen_Anhalt,121.99,9,1.4,NA,384.43,1974,114132649,district_heating,FALSE,Sachsen_Anhalt,TRUE,3,262.44,3,48.6,NA,NA,apartment,39126,2,10,NA,2,FALSE,2
Sachsen,150,3,0.59,40,400,1983,109166615,district_heating,FALSE,Sachsen,TRUE,4,250,15,65.3,first_time_use_after_refurbishment,sophisticated,apartment,8412,2,1,5,2,FALSE,3
Sachsen,80,16,1.03,2.4,360,1902,112509587,gas,FALSE,Sachsen,TRUE,1,280,7,50.21,fully_renovated,normal,raised_ground_floor,8525,2,NA,NA,2,TRUE,2
Nordrhein_Westfalen,120,13,5.45,40,1170,NA,104550302,gas,FALSE,Nordrhein_Westfalen,TRUE,NA,1050,NA,84,first_time_use_after_refurbishment,normal,roof_storey,50823,3,5,5,3,FALSE,4
Bayern,45,6,5.79,40,NA,1994,115639857,oil,TRUE,Bayern,TRUE,5,395,NA,37.08,mint_condition,NA,ground_floor,82431,1.5,NA,NA,1,TRUE,1
Sachsen_Anhalt,55,1,1.82,40,435,1990,110859664,gas,TRUE,Sachsen_Anhalt,TRUE,4,325,6,59,refurbished,sophisticated,roof_storey,39576,2,3,3,2,TRUE,2
Sachsen,145,11,0.41,2.4,440,1963,110948553,oil,FALSE,Sachsen,TRUE,2,295,11,64.8,well_kept,normal,apartment,4720,3,2,3,3,FALSE,3
Nordrhein_Westfalen,135,9,2.85,40,640.85,1958,115450744,district_heating:electricity,FALSE,Nordrhein_Westfalen,TRUE,2,421.85,17,64.9,NA,NA,apartment,45701,3,1,NA,3,FALSE,3
Hessen,320,16,6.12,2.4,NA,1962,109941651,oil,FALSE,Hessen,TRUE,2,1150,3,93,NA,NA,apartment,60314,3,2,4,3,FALSE,4
Nordrhein_Westfalen,153,1,2.68,40,844.66,1957,115450178,oil,FALSE,Nordrhein_Westfalen,TRUE,2,647.66,4,98.13,NA,NA,ground_floor,45899,4.5,NA,NA,4,FALSE,4
Brandenburg,55,9,4.84,40,416.43,1900,110858922,oil,FALSE,Brandenburg,TRUE,1,316.43,NA,41,well_kept,NA,NA,14776,2,3,NA,2,FALSE,2
Sachsen,104.6,9,0,10,313.8,1996,105265723,NA,TRUE,Sachsen,TRUE,5,209.2,47,46.49,well_kept,normal,NA,9113,1,3,4,1,FALSE,2
Nordrhein_Westfalen,150,7,3.9,2.4,590,1998,109506746,gas,FALSE,Nordrhein_Westfalen,TRUE,5,480,10,53,well_kept,normal,apartment,53332,2,2,2,2,FALSE,2
Nordrhein_Westfalen,200,12,3.96,40,1100,2018,110276310,electricity,TRUE,Nordrhein_Westfalen,FALSE,9,850,79,138,mint_condition,luxury,roof_storey,52525,3,3,3,3,FALSE,6
Nordrhein_Westfalen,119,8,4.23,40,547,1962,106934838,gas:electricity,FALSE,Nordrhein_Westfalen,TRUE,2,399,24,56.94,NA,NA,apartment,47279,2,1,NA,2,FALSE,2
Bremen,290,13,2.72,2.4,880,1955,113994817,gas,FALSE,Bremen,FALSE,2,590,68,105,modernized,NA,apartment,27570,5,4,4,5,FALSE,5
Schleswig_Holstein,200,21,5.43,10,823,1964,104044017,oil,TRUE,Schleswig_Holstein,TRUE,2,623,NA,70,well_kept,NA,apartment,22880,2.5,2,NA,2,FALSE,3
Berlin,90,7,10.75,10,890,1910,107335223,district_heating,TRUE,Berlin,TRUE,1,800,75,49,first_time_use_after_refurbishment,sophisticated,apartment,13351,2,0,NA,2,FALSE,2
Niedersachsen,290,25,6.61,NA,1320,NA,110978109,gas,TRUE,Niedersachsen,TRUE,NA,1030,127,113,modernized,sophisticated,apartment,49076,4,3,5,4,FALSE,5
Thüringen,50.09,11,2.31,40,360.65,1965,111172861,gas,FALSE,Thüringen,TRUE,2,260.47,21,50.09,refurbished,NA,apartment,7552,2,1,NA,2,FALSE,2
Berlin,445.15,12,8.26,40,1688.94,1995,111391755,district_heating,TRUE,Berlin,FALSE,5,1243.79,3D,120.44,fully_renovated,NA,roof_storey,13437,5,NA,NA,5,FALSE,5
Sachsen,120,6,0.76,40,395,1958,114881543,natural_gas_light,TRUE,Sachsen,FALSE,2,275,NA,53.93,well_kept,NA,apartment,9126,2,4,4,2,FALSE,2
Sachsen,215,9,1.61,NA,899,1900,110802425,NA,TRUE,Sachsen,TRUE,1,684,8,87.9,NA,normal,NA,1665,3,1,NA,3,FALSE,4
Sachsen,89,7,2.25,40,732,1958,113359518,district_heating,FALSE,Sachsen,TRUE,2,580,9,74.77,NA,NA,apartment,1309,3,1,NA,3,FALSE,3
Hessen,250,13,1.4,40,NA,1971,112827387,gas,FALSE,Hessen,TRUE,3,670,NA,100,well_kept,NA,NA,34132,3,2,NA,3,TRUE,4
Berlin,100.05,7,11.54,40,478.74,1977,107067726,district_heating,FALSE,Berlin,FALSE,3,311.99,7,43.88,NA,NA,apartment,12057,1,NA,NA,1,FALSE,2
Sachsen,128,9,0,40,398,1971,104158521,steam_district_heating,FALSE,Sachsen,FALSE,3,270,34b,59.17,well_kept,NA,apartment,9130,3,5,5,3,FALSE,2
Sachsen,150,12,2,40,449,1960,90800764,steam_district_heating,FALSE,Sachsen,TRUE,2,299,18,67.92,well_kept,normal,apartment,9120,4,3,6,4,TRUE,3
Sachsen,254.74,10,5.5,40,1999,2018,106596808,district_heating,TRUE,Sachsen,TRUE,9,1744.26,83,130,first_time_use,sophisticated,penthouse,4275,3,8,NA,3,TRUE,6
Niedersachsen,70,1,3.17,10,NA,1960,56474005,oil,FALSE,Niedersachsen,TRUE,2,350,7,61,well_kept,normal,roof_storey,31141,3,3,3,3,FALSE,3
Nordrhein_Westfalen,175,7,3.41,10,535,1910,113779939,natural_gas_light,FALSE,Nordrhein_Westfalen,FALSE,1,360,NA,76,well_kept,NA,roof_storey,45968,2.5,3,4,2,FALSE,3
Nordrhein_Westfalen,153.48,8,3.7,40,517.05,2017,114229688,gas,FALSE,Nordrhein_Westfalen,TRUE,9,363.57,14,61.39,mint_condition,NA,apartment,41515,2,3,3,2,FALSE,3
Baden_Württemberg,100,15,5.83,2.4,670,NA,108136637,district_heating,TRUE,Baden_Württemberg,TRUE,NA,570,18,31,mint_condition,sophisticated,NA,71672,1,1,2,1,TRUE,1
Sachsen,57,9,3.57,40,389,NA,106248466,district_heating,FALSE,Sachsen,TRUE,NA,263,50,57.13,refurbished,normal,NA,4552,3,2,NA,3,FALSE,2
Sachsen,84,7,3.52,2.4,462,1900,114572792,NA,FALSE,Sachsen,FALSE,1,378,6,42,first_time_use_after_refurbishment,sophisticated,NA,4668,3,NA,NA,3,FALSE,2
Nordrhein_Westfalen,165,6,3.09,40,500,NA,115457278,oil,TRUE,Nordrhein_Westfalen,TRUE,NA,335,16,52,well_kept,normal,roof_storey,58636,2,4,4,2,FALSE,2
Bayern,260,23,7.42,40,NA,2019,115249275,electricity,FALSE,Bayern,TRUE,9,1235,0.375,130,first_time_use,sophisticated,ground_floor,96103,3,1,3,3,FALSE,6
Sachsen,119,8,1.9,40,526,1996,113650828,gas,FALSE,Sachsen,TRUE,5,407,9a,53.2,NA,NA,NA,1109,2,2,4,2,TRUE,2
Niedersachsen,450,33,4.62,40,1950,2005,114830231,gas,TRUE,Niedersachsen,TRUE,6,1500,65,292,NA,NA,penthouse,31134,6,NA,NA,5,FALSE,7
Nordrhein_Westfalen,143,4,3.28,40,640,1960,113861119,gas,FALSE,Nordrhein_Westfalen,TRUE,2,497,6,74.17,NA,NA,apartment,44149,4.5,1,2,4,FALSE,3
Bayern,150,0,3.98,NA,1010,2019,113811899,gas,TRUE,Bayern,TRUE,9,860,NA,75,first_time_use,sophisticated,roof_storey,82407,3,2,2,3,FALSE,3
Bayern,100,7,3.08,40,590,1955,109619769,natural_gas_heavy,FALSE,Bayern,TRUE,2,420,37,60.6,refurbished,normal,ground_floor,96450,3,0,1,3,TRUE,2
Sachsen,170.1,6,1.89,40,510.3,NA,95198020,gas,FALSE,Sachsen,TRUE,NA,340.2,51,85.05,NA,normal,roof_storey,2826,4,4,4,4,FALSE,4
Sachsen,140,6,0.44,40,870,NA,115694982,environmental_thermal_energy,FALSE,Sachsen,FALSE,NA,730,NA,100,first_time_use,sophisticated,NA,9116,4,NA,2,4,FALSE,4
Nordrhein_Westfalen,190,17,3.77,2.4,940,1970,110775928,oil,FALSE,Nordrhein_Westfalen,FALSE,2,750,23,118,modernized,NA,ground_floor,32805,4,NA,NA,4,FALSE,5
Sachsen,267.5,5,0.71,40,963,NA,105766634,NA,FALSE,Sachsen,FALSE,NA,695.5,4,107,refurbished,sophisticated,apartment,2826,3,1,4,3,TRUE,5
Sachsen_Anhalt,90,10,1.82,2.4,320,1994,73093913,gas,FALSE,Sachsen_Anhalt,FALSE,5,230,10,41,well_kept,normal,roof_storey,39167,1,2,2,1,FALSE,2
Mecklenburg_Vorpommern,150,12,1.85,10,615,NA,109728968,liquid_gas,FALSE,Mecklenburg_Vorpommern,TRUE,NA,465,8,96.95,refurbished,normal,roof_storey,17192,3,3,3,3,FALSE,4
Nordrhein_Westfalen,110,1,3.7,NA,680,NA,109716459,gas,FALSE,Nordrhein_Westfalen,FALSE,NA,570,NA,62,NA,normal,apartment,52062,2,NA,NA,2,FALSE,3
Sachsen,NA,5,0.59,NA,NA,1928,107793590,NA,FALSE,Sachsen,TRUE,1,265,NA,60,NA,NA,NA,8412,2,1,NA,2,FALSE,2
Sachsen,164,6,0,2.4,558,1986,107375102,district_heating,FALSE,Sachsen,TRUE,4,394,81,82,well_kept,normal,apartment,9661,4,2,4,4,FALSE,4
Nordrhein_Westfalen,150,9,1.75,2.4,690,1989,91468475,oil,FALSE,Nordrhein_Westfalen,TRUE,4,500,3,78,fully_renovated,sophisticated,NA,49504,3,0,2,3,FALSE,3
Nordrhein_Westfalen,100,2,3.05,40,606,1959,113403343,natural_gas_light,FALSE,Nordrhein_Westfalen,TRUE,2,423,32,62.03,well_kept,normal,roof_storey,47804,2,3,3,2,FALSE,3
Sachsen_Anhalt,31,5,0.93,10,529.08,1979,110300539,district_heating,FALSE,Sachsen_Anhalt,TRUE,3,344.08,56,64.92,NA,NA,roof_storey,39218,4,1,NA,4,FALSE,3
Nordrhein_Westfalen,110,11,3.85,40,560,1959,111398046,gas,FALSE,Nordrhein_Westfalen,TRUE,2,450,NA,68,well_kept,NA,apartment,32049,3,NA,NA,3,FALSE,3
Nordrhein_Westfalen,80,11,3.45,NA,520,NA,107027476,NA,FALSE,Nordrhein_Westfalen,FALSE,NA,385,52,53,NA,NA,NA,58089,2,4,NA,2,FALSE,2
Baden_Württemberg,170,6,3.53,40,870,NA,106194003,gas,TRUE,Baden_Württemberg,FALSE,NA,700,NA,57,well_kept,NA,apartment,88212,2,3,4,2,FALSE,2
Sachsen,110,11,1.26,40,370,1994,111227610,oil,FALSE,Sachsen,TRUE,5,260,4,45,well_kept,normal,roof_storey,1689,1,2,2,1,FALSE,2
Bayern,120,7,4.28,40,NA,1984,115305137,gas,TRUE,Bayern,FALSE,4,855,NA,45,fully_renovated,sophisticated,apartment,90765,1,1,NA,1,FALSE,2
Sachsen,105,10,-0.65,2.4,0,1973,94258021,gas,FALSE,Sachsen,TRUE,3,210,NA,49.8,NA,NA,apartment,9430,2,1,1,2,TRUE,2
Bayern,190,8,2.64,10,990,1974,111342385,oil,FALSE,Bayern,FALSE,3,800,NA,94,well_kept,normal,ground_floor,83373,3,0,1,3,TRUE,4
Sachsen,182,8,3.81,40,813.8,1915,115691357,gas,FALSE,Sachsen,TRUE,1,631.8,22,81,NA,NA,apartment,4299,3,3,NA,3,FALSE,4
Sachsen_Anhalt,50,6,3.23,2.4,360,1975,110256260,district_heating,FALSE,Sachsen_Anhalt,TRUE,3,248,6,49.65,refurbished,normal,NA,29410,2,5,5,2,FALSE,2
Brandenburg,78.59,5,2.08,40,282.83,1961,103404562,district_heating,FALSE,Brandenburg,TRUE,2,204.25,25,40.93,modernized,normal,raised_ground_floor,3130,2,1,4,2,FALSE,1
Sachsen,140,7,-0.4,40,425,1920,111311383,NA,FALSE,Sachsen,FALSE,1,285,8,71.61,well_kept,NA,apartment,9131,3,NA,NA,3,TRUE,3
Thüringen,115,10,3.19,40,405,1978,112686426,district_heating,FALSE,Thüringen,TRUE,3,290,25,50.7,mint_condition,NA,apartment,99867,3,4,5,3,FALSE,2
Bayern,180,13,3.67,10,1280,1997,113312103,electricity,TRUE,Bayern,TRUE,5,1100,6,80,well_kept,sophisticated,penthouse,85560,2,2,2,2,FALSE,3
Sachsen_Anhalt,132.72,10,2.65,40,448.72,1958,106468049,gas,FALSE,Sachsen_Anhalt,FALSE,2,316,27,63.2,modernized,NA,other,39120,3,1,4,3,FALSE,3
Sachsen,140,12,4.92,10,NA,NA,79789743,NA,FALSE,Sachsen,FALSE,NA,300,65,60.6,refurbished,NA,roof_storey,4318,2,4,4,2,FALSE,2
Rheinland_Pfalz,140,4,4.69,40,740,NA,107324292,NA,FALSE,Rheinland_Pfalz,TRUE,NA,600,NA,71.3,mint_condition,sophisticated,apartment,56566,3,1,2,3,TRUE,3
Niedersachsen,100,3,1.79,40,410,1956,43817190,NA,FALSE,Niedersachsen,TRUE,2,310,35,56.46,well_kept,NA,roof_storey,49808,2,3,3,2,FALSE,2
Sachsen,83.55,14,1.32,40,508,1985,109002949,district_heating,TRUE,Sachsen,TRUE,4,334.2,42,64.27,fully_renovated,NA,apartment,1169,3,4,5,3,FALSE,3
Mecklenburg_Vorpommern,62,8,1.67,2.4,388,1995,111367205,district_heating,TRUE,Mecklenburg_Vorpommern,TRUE,5,271,4,48.38,NA,NA,ground_floor,23936,2,0,3,2,FALSE,2
Sachsen,178,11,3.52,40,534,1978,113716097,steam_district_heating,FALSE,Sachsen,FALSE,3,356,29,59.31,modernized,NA,apartment,4157,2,5,6,2,FALSE,2
Sachsen_Anhalt,72,3,0,2.4,380,1978,49807470,natural_gas_light,FALSE,Sachsen_Anhalt,TRUE,3,232.76,5,58.19,well_kept,normal,apartment,39167,3,2,2,3,FALSE,2
Berlin,210,10,8.7,40,1200,2016,94643275,district_heating,TRUE,Berlin,TRUE,9,990,37,59.54,mint_condition,sophisticated,apartment,10117,2,1,7,2,FALSE,2
Sachsen,60,12,2.99,40,440,1965,115365418,district_heating,FALSE,Sachsen,TRUE,2,320,16,46.13,refurbished,normal,apartment,4249,2,2,4,2,FALSE,2
Mecklenburg_Vorpommern,NA,9,NA,40,368,1967,107637554,gas,FALSE,Mecklenburg_Vorpommern,TRUE,2,250,NA,58,refurbished,normal,apartment,18279,3,1,3,3,FALSE,2
Sachsen,62,6,2.33,NA,449,1896,74506369,natural_gas_light,FALSE,Sachsen,TRUE,1,350,6,55,refurbished,sophisticated,apartment,2826,2,3,5,2,FALSE,2
Sachsen,90,1,1.81,2.4,490,1895,109925390,NA,FALSE,Sachsen,FALSE,1,310,21,62.77,NA,NA,apartment,9648,3,3,NA,3,FALSE,3
Sachsen,195,16,0,40,NA,NA,105404418,NA,FALSE,Sachsen,TRUE,NA,444,28,80.68,well_kept,NA,ground_floor,4680,3,NA,3,3,FALSE,3
Niedersachsen,250,9,3.61,2.4,1140,1980,115631382,oil,TRUE,Niedersachsen,TRUE,3,860,NA,147,well_kept,NA,ground_floor,27383,5,NA,NA,5,FALSE,6
Sachsen,168,9,3.88,2.4,NA,1925,113281918,gas,FALSE,Sachsen,FALSE,1,504,1,67.21,first_time_use_after_refurbishment,NA,apartment,4347,3,3,NA,3,FALSE,3
Sachsen,140,16,6.17,40,690,1900,101273012,district_heating,FALSE,Sachsen,TRUE,1,550,38,66.7,refurbished,normal,apartment,4107,3,3,5,3,FALSE,3
Nordrhein_Westfalen,195,15,3.08,2.4,NA,2000,114465566,gas,FALSE,Nordrhein_Westfalen,FALSE,5,995,NA,117.4,well_kept,NA,NA,45134,2.5,NA,NA,2,FALSE,5
Bayern,250,11,4.2,40,1250,NA,113631755,NA,TRUE,Bayern,TRUE,NA,1000,NA,70,well_kept,normal,ground_floor,85356,2,NA,NA,2,FALSE,3
Hessen,200,11,1.61,40,2100,1993,103528224,gas,TRUE,Hessen,FALSE,5,1900,NA,125,mint_condition,luxury,NA,65193,2,1,NA,2,FALSE,6
Niedersachsen,160,14,-1.26,40,730,1972,115571929,NA,FALSE,Niedersachsen,FALSE,3,550,NA,85,well_kept,normal,apartment,38444,2,5,6,2,FALSE,4
Niedersachsen,130,11,5.32,NA,880,1968,113726611,gas,FALSE,Niedersachsen,TRUE,2,750,52/54,104,first_time_use,NA,apartment,31134,3,2,3,3,FALSE,5
Nordrhein_Westfalen,120,6,3.51,40,565,1976,110772797,district_heating:local_heating,TRUE,Nordrhein_Westfalen,TRUE,3,350,NA,71.84,well_kept,NA,apartment,59192,3,7,NA,3,FALSE,3
Hessen,60,8,3.74,40,310,1992,113862111,gas,TRUE,Hessen,FALSE,5,250,NA,23.4,well_kept,normal,NA,65527,1,0,2,1,TRUE,1
Hamburg,160,7,4.58,40,1169,2018,115403779,district_heating,TRUE,Hamburg,TRUE,9,940,24,72.47,first_time_use,sophisticated,ground_floor,22145,2.5,NA,3,2,TRUE,3
Nordrhein_Westfalen,249,13,2.22,10,1095.8,2018,103021329,district_heating,TRUE,Nordrhein_Westfalen,FALSE,9,846.8,163,58,first_time_use,sophisticated,other,47167,2,0,4,2,FALSE,2
Hamburg,510,9,4.93,40,3010,1900,113592463,district_heating,TRUE,Hamburg,TRUE,1,2500,70,165,mint_condition,luxury,apartment,22301,4,NA,NA,4,TRUE,7
Hessen,230,18,4.4,40,2380,NA,106721547,district_heating,FALSE,Hessen,TRUE,NA,2150,NA,185,first_time_use,sophisticated,penthouse,63067,5,3,3,5,FALSE,7
Sachsen,105,9,0.19,40,324,1966,112205076,NA,FALSE,Sachsen,FALSE,2,219,154,46.28,well_kept,NA,ground_floor,9127,2,0,4,2,FALSE,2
Bayern,200,17,2.82,40,1050,1928,107069051,gas,FALSE,Bayern,FALSE,1,850,NA,100,fully_renovated,sophisticated,apartment,84048,3,2,3,3,FALSE,4
Sachsen,70,13,0.63,40,NA,1910,114142038,gas,TRUE,Sachsen,TRUE,1,265,2,64,well_kept,NA,other,9130,2.5,NA,3,2,TRUE,3
Hessen,350,13,3.88,40,2330,2018,114668029,gas,FALSE,Hessen,FALSE,9,1980,NA,140,NA,luxury,maisonette,65719,4,NA,NA,4,FALSE,6
Thüringen,80,6,2.14,40,430,1913,49539176,electricity,TRUE,Thüringen,FALSE,1,350,12,70,fully_renovated,normal,roof_storey,99510,2,5,5,2,FALSE,3
Berlin,50,16,10.17,NA,690,NA,111417811,NA,TRUE,Berlin,FALSE,NA,640,8,11,modernized,sophisticated,apartment,10557,1,5,6,1,FALSE,1
Sachsen,95,9,0.76,40,334,NA,97575489,NA,TRUE,Sachsen,TRUE,NA,239,39,47,fully_renovated,NA,apartment,9126,2,1,4,2,FALSE,2
Nordrhein_Westfalen,230,23,2.45,10,854,1995,111310714,gas,FALSE,Nordrhein_Westfalen,TRUE,5,624,7,78,fully_renovated,sophisticated,NA,57234,3,1,3,3,FALSE,3
Nordrhein_Westfalen,101,6,2.91,2.4,NA,1900,114842300,gas,FALSE,Nordrhein_Westfalen,FALSE,1,440,140,67,fully_renovated,NA,apartment,58453,2.5,2,2,2,TRUE,3
Sachsen,55,3,1.76,40,433,1984,110201281,district_heating,FALSE,Sachsen,FALSE,4,318,44,68.78,refurbished,normal,apartment,2625,3,5,6,3,FALSE,3
Sachsen,123,7,-0.41,40,343,1989,106097659,district_heating,FALSE,Sachsen,FALSE,4,220,NA,55,well_kept,NA,apartment,9123,3,4,6,3,FALSE,2
Sachsen,189.41,12,3.2,NA,837.78,1877,115298519,NA,FALSE,Sachsen,TRUE,1,648.37,16,72.85,refurbished,normal,NA,4157,3,1,NA,3,FALSE,3
Niedersachsen,180,25,3.03,40,2030,1959,113109136,gas,TRUE,Niedersachsen,TRUE,2,1790,59,150,fully_renovated,sophisticated,apartment,38667,3,2,4,3,FALSE,6
Rheinland_Pfalz,200,8,2.99,10,890,1992,48058968,gas,FALSE,Rheinland_Pfalz,TRUE,5,640,28,85,modernized,sophisticated,apartment,55232,3,2,NA,3,FALSE,4
Baden_Württemberg,0,17,8.01,40,2300,1992,111316547,NA,FALSE,Baden_Württemberg,FALSE,5,2300,NA,124,NA,NA,apartment,70199,3,NA,NA,3,FALSE,6
Sachsen,110,9,4.62,40,480,1997,110415735,gas,FALSE,Sachsen,FALSE,5,370,48G,54.36,fully_renovated,normal,apartment,4288,2,1,NA,2,FALSE,2
Nordrhein_Westfalen,90,7,3.23,2.4,559.6,NA,107372114,NA,FALSE,Nordrhein_Westfalen,TRUE,NA,409.6,2,64,NA,normal,other,58452,2.5,2,4,2,FALSE,3
Sachsen,160,7,0,40,520,1925,106871078,steam_district_heating,FALSE,Sachsen,FALSE,1,360,20,63.53,NA,NA,roof_storey,8056,2,0,0,2,FALSE,3
Bremen,206,13,2.82,40,1183,2017,113543954,heat_supply,TRUE,Bremen,TRUE,9,890,30,82.56,first_time_use,NA,NA,27568,3,1,4,3,FALSE,4
Saarland,100,8,3.17,2.4,NA,NA,110680407,NA,TRUE,Saarland,FALSE,NA,950,NA,150,NA,NA,apartment,66386,3,NA,2,3,FALSE,6
Sachsen,48,9,3.85,40,524,1979,113499105,district_heating,FALSE,Sachsen,TRUE,3,379,8,68.98,fully_renovated,NA,apartment,4207,2,5,5,2,FALSE,3
Sachsen,120,10,0,2.4,432,1996,106364491,gas,FALSE,Sachsen,TRUE,5,312,3 c,53.81,fully_renovated,sophisticated,apartment,9599,2,1,3,2,FALSE,2
Nordrhein_Westfalen,226,7,3.45,2.4,730,1990,105424343,NA,FALSE,Nordrhein_Westfalen,TRUE,4,504,5,84,well_kept,normal,roof_storey,45739,3,3,3,3,FALSE,4
Bayern,79,1,7.22,40,1432,1940,111083809,NA,TRUE,Bayern,TRUE,1,1290,70,60.08,NA,NA,ground_floor,81549,2,NA,NA,2,FALSE,2
Baden_Württemberg,250,8,4.65,NA,1000,NA,111403570,NA,TRUE,Baden_Württemberg,TRUE,NA,750,XX,74,NA,NA,ground_floor,76185,3,0,3,3,TRUE,3
Berlin,205.74,27,5.91,2.4,1783.08,1915,115694712,geothermal,TRUE,Berlin,FALSE,1,1577.34,6,68.58,refurbished,sophisticated,NA,10115,2,2,4,2,FALSE,3
Sachsen_Anhalt,131.56,8,1.69,40,490.36,1900,104734361,NA,TRUE,Sachsen_Anhalt,FALSE,1,358.8,45875,59.8,well_kept,NA,apartment,39112,2,3,4,2,FALSE,2
Sachsen,80,9,0.53,40,375,1930,111368376,NA,FALSE,Sachsen,FALSE,1,295,30,19.64,refurbished,NA,NA,8056,1,NA,NA,1,FALSE,1
Brandenburg,90,8,0.2,40,346.63,1986,115561701,gas,FALSE,Brandenburg,TRUE,4,196.63,10,60.5,refurbished,normal,apartment,3205,3,1,4,3,FALSE,2
Bremen,91,0,2.68,2.4,489,NA,114161716,NA,FALSE,Bremen,FALSE,NA,332,21,59.35,NA,NA,NA,27578,3,3,NA,3,FALSE,2
Sachsen,140,9,0.71,NA,440,1900,111151920,gas,FALSE,Sachsen,TRUE,1,300,87,73.8,NA,NA,apartment,2826,3,3,NA,3,FALSE,3
Niedersachsen,NA,6,0.64,40,NA,NA,108708689,NA,FALSE,Niedersachsen,FALSE,NA,875,NA,160,NA,NA,apartment,49393,5,NA,1,5,FALSE,7
Niedersachsen,135,5,4.2,NA,657.6,2017,104497514,local_heating,TRUE,Niedersachsen,FALSE,9,522.6,NA,39,first_time_use,sophisticated,ground_floor,26127,1,0,3,1,FALSE,1
Nordrhein_Westfalen,206,2,5.14,40,1096,2017,106840818,district_heating,FALSE,Nordrhein_Westfalen,TRUE,9,890,1f,64.4,mint_condition,sophisticated,apartment,40235,2,4,5,2,FALSE,3
Sachsen,280,13,3.58,NA,1375,2018,111820468,gas,FALSE,Sachsen,TRUE,9,1095,13,115.35,first_time_use,sophisticated,apartment,4179,4,NA,5,4,FALSE,5
Brandenburg,292,13,-0.46,40,750,1998,112734651,NA,FALSE,Brandenburg,FALSE,5,438,11b,85.06,well_kept,normal,NA,3050,4,4,4,4,FALSE,4
Saarland,100,26,3.45,40,NA,2005,105002334,gas,FALSE,Saarland,FALSE,6,1150,NA,190,well_kept,NA,maisonette,66450,3,1,1,3,FALSE,7
Rheinland_Pfalz,200,23,5.23,2.4,750,1970,113825674,NA,FALSE,Rheinland_Pfalz,FALSE,2,550,1,124,NA,normal,other,56294,3,1,1,3,TRUE,6
Bayern,250,20,NA,NA,2150,1907,90610999,combined_heat_and_power_fossil_fuels,TRUE,Bayern,TRUE,1,1900,11,90,fully_renovated,luxury,roof_storey,81245,3,2,2,3,FALSE,4
Baden_Württemberg,130,6,6.33,2.4,NA,1997,105624149,gas,FALSE,Baden_Württemberg,TRUE,5,430,NA,44,mint_condition,NA,apartment,75015,2,NA,NA,2,FALSE,2
Sachsen_Anhalt,172.5,10,3.42,NA,510,1990,111359297,NA,TRUE,Sachsen_Anhalt,FALSE,4,337.5,1,66,refurbished,normal,apartment,6124,4,1,5,4,FALSE,3
Niedersachsen,170,4,5.24,40,NA,1968,112407182,gas,FALSE,Niedersachsen,FALSE,2,397,NA,69,NA,simple,NA,26384,3,2,NA,3,FALSE,3
Nordrhein_Westfalen,103.5,3,3.17,40,NA,1905,104654806,NA,FALSE,Nordrhein_Westfalen,FALSE,1,399,25,69,NA,NA,ground_floor,45307,2,1,2,2,FALSE,3
Nordrhein_Westfalen,59,1,4.27,40,NA,1974,111385935,gas,FALSE,Nordrhein_Westfalen,TRUE,3,237,5,39,fully_renovated,NA,apartment,47249,1,NA,NA,1,FALSE,1
Rheinland_Pfalz,130,7,2.65,10,780,1950,115239490,natural_gas_light,TRUE,Rheinland_Pfalz,TRUE,1,650,73,100,NA,NA,roof_storey,54595,2,NA,NA,2,FALSE,4
Baden_Württemberg,160,31,6.1,40,NA,NA,113261148,gas,TRUE,Baden_Württemberg,TRUE,NA,1340,NA,105,NA,NA,maisonette,73630,3.5,1,2,3,FALSE,5
Nordrhein_Westfalen,270,12,2.99,40,850,1971,107291875,gas,FALSE,Nordrhein_Westfalen,TRUE,3,580,149,100,well_kept,normal,apartment,33739,4,2,3,4,TRUE,4
Bayern,105,12,5.19,10,565,1953,106361141,gas,TRUE,Bayern,TRUE,2,460,NA,73,NA,normal,apartment,94032,3,NA,3,3,FALSE,3
Thüringen,95,12,2.64,2.4,713,1982,110600919,district_heating,FALSE,Thüringen,TRUE,4,471,40,98.2,first_time_use_after_refurbishment,normal,apartment,99947,4,5,5,4,FALSE,4
Bayern,335,7,6.33,40,2065,2012,111198315,NA,TRUE,Bayern,TRUE,8,1730,NA,85,mint_condition,sophisticated,ground_floor,85540,3,NA,NA,3,FALSE,4
Sachsen,101,12,0,2.4,354,1975,106732944,district_heating,TRUE,Sachsen,TRUE,3,253,65,42,modernized,normal,apartment,9120,2,4,NA,2,FALSE,2
Nordrhein_Westfalen,120,8,3.77,NA,537,NA,115238400,NA,FALSE,Nordrhein_Westfalen,FALSE,NA,357,11_5. OG,60,NA,NA,NA,42719,2,5,NA,2,FALSE,2
Baden_Württemberg,200,10,4.58,40,NA,1965,113316112,district_heating,FALSE,Baden_Württemberg,TRUE,2,500,1,56,well_kept,normal,apartment,68169,2,4,4,2,FALSE,2
Berlin,165.22,9,7.59,2.4,685.97,1964,106076483,district_heating,FALSE,Berlin,TRUE,2,520.75,35,54.07,modernized,NA,apartment,13589,1.5,6,NA,1,FALSE,2
Niedersachsen,192.2,31,2.75,40,868.64,2019,114616074,district_heating,FALSE,Niedersachsen,TRUE,9,676.54,45749,76.88,first_time_use,sophisticated,ground_floor,31226,2,0,3,2,FALSE,3
Nordrhein_Westfalen,150,15,3.85,2.4,740,NA,70214533,oil,FALSE,Nordrhein_Westfalen,TRUE,NA,590,NA,80,modernized,normal,roof_storey,41542,3,2,2,3,TRUE,3
Baden_Württemberg,250,14,6.63,40,1700,NA,113844793,NA,TRUE,Baden_Württemberg,FALSE,NA,1450,14,95,mint_condition,NA,other,71069,3,NA,NA,3,TRUE,4
Nordrhein_Westfalen,NA,1,2.77,40,NA,NA,111411322,NA,FALSE,Nordrhein_Westfalen,FALSE,NA,320,43,53,NA,NA,NA,45883,2.5,NA,NA,2,FALSE,2
Sachsen,115,17,3.82,40,465,1911,111250930,gas,FALSE,Sachsen,TRUE,1,350,3,55.18,well_kept,normal,raised_ground_floor,4319,2,0,2,2,TRUE,2
Mecklenburg_Vorpommern,80,6,3.02,40,482,NA,99377089,natural_gas_light,FALSE,Mecklenburg_Vorpommern,TRUE,NA,330,18 - 23,52.6,well_kept,NA,apartment,18573,2,1,3,2,FALSE,2
Bayern,190,8,5.95,40,930,2002,83777185,gas,TRUE,Bayern,FALSE,6,740,NA,65,NA,NA,ground_floor,86199,2,NA,NA,2,FALSE,3
Sachsen,215,12,2.48,NA,1082,2018,107383177,district_heating,FALSE,Sachsen,TRUE,9,867,NA,86.7,NA,sophisticated,apartment,1309,3,4,6,3,TRUE,4
Mecklenburg_Vorpommern,105,7,2.82,NA,380,2011,109469628,gas,FALSE,Mecklenburg_Vorpommern,FALSE,8,275,NA,29,well_kept,NA,apartment,18439,1,1,NA,1,FALSE,1
Mecklenburg_Vorpommern,202.05,15,3.72,40,1292.29,2018,111019222,district_heating,FALSE,Mecklenburg_Vorpommern,TRUE,9,1010.24,7,91.84,first_time_use,NA,penthouse,19055,2,3,NA,2,FALSE,4
Sachsen,205,8,7.35,40,651,NA,102197584,NA,FALSE,Sachsen,FALSE,NA,446,1,89.06,modernized,NA,apartment,4177,3,3,4,3,FALSE,4
Rheinland_Pfalz,150,14,3.23,2.4,550,1965,98942707,gas,FALSE,Rheinland_Pfalz,FALSE,2,400,25,81,well_kept,NA,NA,53498,3,1,3,3,FALSE,4
Nordrhein_Westfalen,NA,6,5.05,40,950,NA,115229127,NA,TRUE,Nordrhein_Westfalen,FALSE,NA,900,45,48,NA,NA,apartment,40235,2,NA,NA,2,FALSE,2
Mecklenburg_Vorpommern,150,17,0,40,1100,1899,98224347,gas,TRUE,Mecklenburg_Vorpommern,TRUE,1,800,NA,134,NA,sophisticated,raised_ground_floor,17489,3,1,3,3,TRUE,6
Baden_Württemberg,165,6,5.47,NA,640,NA,111309783,pellet_heating,TRUE,Baden_Württemberg,FALSE,NA,475,n.a.,50,modernized,sophisticated,ground_floor,73732,2,0,3,2,TRUE,2
Nordrhein_Westfalen,120,9,2.29,40,540,1935,111182178,gas,FALSE,Nordrhein_Westfalen,TRUE,1,420,66-68,52.33,well_kept,normal,apartment,41366,2,2,NA,2,FALSE,2
Baden_Württemberg,NA,8,4.61,NA,350,NA,113805381,NA,TRUE,Baden_Württemberg,FALSE,NA,300,NA,20,NA,NA,roof_storey,76185,1,2,NA,1,FALSE,1
Mecklenburg_Vorpommern,57,12,1.27,40,NA,1920,113370139,gas,FALSE,Mecklenburg_Vorpommern,TRUE,1,285,2,38,well_kept,NA,apartment,23970,2,2,3,2,FALSE,1
Berlin,513,14,7.21,40,NA,1900,75026850,gas,TRUE,Berlin,FALSE,1,3700,NA,180,modernized,luxury,loft,10405,4,3,3,4,TRUE,7
Nordrhein_Westfalen,138,1,3.17,40,440,1967,110051010,gas,FALSE,Nordrhein_Westfalen,TRUE,2,302,29,52,well_kept,normal,NA,47807,2,11,11,2,FALSE,2
Nordrhein_Westfalen,NA,17,3.37,2.4,NA,NA,115297986,NA,FALSE,Nordrhein_Westfalen,TRUE,NA,420,19,55,NA,NA,roof_storey,46459,2,2,2,2,FALSE,2
Sachsen,70,14,2.21,NA,510,1981,83383951,district_heating,FALSE,Sachsen,TRUE,4,365,11,60.82,fully_renovated,normal,NA,1917,3,0,4,3,FALSE,2
Sachsen,98.3,8,2.02,40,NA,1995,113582147,gas,FALSE,Sachsen,TRUE,5,250,NA,33.9,well_kept,sophisticated,NA,1279,1,1,NA,1,FALSE,1
Baden_Württemberg,150,24,7.46,40,950,1968,113853432,gas,TRUE,Baden_Württemberg,TRUE,2,800,62,70,well_kept,normal,apartment,72202,3,1,4,3,FALSE,3
Hessen,185,12,4.61,40,930,1998,115632861,NA,TRUE,Hessen,TRUE,5,745,NA,60.5,fully_renovated,normal,apartment,60437,2,1,3,2,FALSE,2
Sachsen_Anhalt,125,7,2.33,10,325,1920,115305277,gas,TRUE,Sachsen_Anhalt,TRUE,1,200,NA,35,modernized,sophisticated,apartment,6132,1,1,1,1,FALSE,1
Baden_Württemberg,240,22,4.05,40,2190,1914,110979376,district_heating,TRUE,Baden_Württemberg,TRUE,1,1950,NA,132,mint_condition,sophisticated,other,68161,3,NA,NA,3,FALSE,6
Nordrhein_Westfalen,55,12,1.69,5,NA,NA,81204028,gas,TRUE,Nordrhein_Westfalen,TRUE,NA,275,14,33,well_kept,NA,ground_floor,47574,2,NA,NA,2,TRUE,1
Baden_Württemberg,370,13,4.86,40,1340,1978,114032604,NA,FALSE,Baden_Württemberg,TRUE,3,970,NA,139,well_kept,NA,ground_floor,76316,5,NA,NA,5,TRUE,6
Sachsen,0,5,4.84,40,620,1900,83562421,gas,TRUE,Sachsen,FALSE,1,620,NA,48,NA,NA,NA,4177,2,1,NA,2,FALSE,2
Brandenburg,140,4,-1.44,40,482.03,1930,113269448,NA,TRUE,Brandenburg,TRUE,1,342.03,6,54.29,NA,normal,NA,3042,3,2,NA,3,FALSE,2
Nordrhein_Westfalen,317,11,5.36,40,1812,2018,111387986,district_heating,TRUE,Nordrhein_Westfalen,FALSE,9,1495,147,115.06,first_time_use,sophisticated,apartment,40233,3,5,5,3,TRUE,5
Sachsen_Anhalt,150,7,1.19,40,450,1900,106031289,gas,FALSE,Sachsen_Anhalt,TRUE,1,300,37,51.52,mint_condition,normal,roof_storey,6484,2,3,3,2,FALSE,2
Sachsen,150,11,0,2.4,600,1956,102168333,gas,TRUE,Sachsen,TRUE,2,450,NA,72.12,modernized,NA,apartment,9111,2,2,NA,2,TRUE,3
Nordrhein_Westfalen,125,4,2,40,484,1968,115688351,natural_gas_heavy,FALSE,Nordrhein_Westfalen,FALSE,2,359,1,58,well_kept,normal,apartment,58095,2,2,4,2,FALSE,2
Sachsen,110,8,1.22,40,490,NA,109205547,NA,FALSE,Sachsen,TRUE,NA,380,40,69.51,NA,sophisticated,roof_storey,8523,3,NA,NA,3,FALSE,3
Bayern,80,7,4.4,40,640,NA,107383782,gas,FALSE,Bayern,FALSE,NA,580,NA,61,NA,NA,NA,90451,3,NA,NA,3,FALSE,3
Nordrhein_Westfalen,250,13,3.24,40,1180,1984,115531350,gas,FALSE,Nordrhein_Westfalen,FALSE,4,930,33,98,fully_renovated,NA,apartment,42115,2.5,NA,1,2,FALSE,4
Sachsen,80,9,0,2.4,389,1994,108895236,gas:electricity,FALSE,Sachsen,FALSE,5,249,111,54.15,NA,NA,maisonette,9224,2,1,NA,2,FALSE,2
Niedersachsen,180,3,1.07,40,NA,2013,73462436,gas,FALSE,Niedersachsen,FALSE,8,880,12,93,mint_condition,sophisticated,ground_floor,38527,3,0,2,3,TRUE,4
Nordrhein_Westfalen,60,7,3.51,40,482,1928,106967795,NA,FALSE,Nordrhein_Westfalen,TRUE,1,342,19,53.06,NA,NA,ground_floor,45883,2,0,4,2,FALSE,2
Sachsen,136,14,5.06,NA,696,2012,103004179,district_heating,TRUE,Sachsen,TRUE,8,560,27,58.78,mint_condition,luxury,apartment,4105,2,NA,NA,2,FALSE,2
Sachsen,75,10,1.34,2.4,345,1975,111979735,wood,TRUE,Sachsen,FALSE,3,270,NA,42.05,refurbished,normal,apartment,9496,1,1,NA,1,FALSE,2
Hessen,0,27,5.84,NA,1290,2015,109470302,gas,FALSE,Hessen,FALSE,8,1290,0,28,NA,NA,NA,60486,1,NA,NA,1,FALSE,1
Brandenburg,70.81,10,-0.31,40,525.19,1981,115518980,district_heating,FALSE,Brandenburg,TRUE,4,371.76,54,59.01,refurbished,NA,apartment,3044,2,4,4,2,FALSE,2
Thüringen,170,18,3.57,40,670,NA,97826343,gas,FALSE,Thüringen,FALSE,NA,500,33,94.27,NA,normal,apartment,99734,4,0,3,4,TRUE,4
Saarland,200,3,1.42,40,750,NA,113640744,oil,FALSE,Saarland,TRUE,NA,550,182b,85,NA,normal,raised_ground_floor,66292,3,NA,NA,3,FALSE,4
Niedersachsen,225,21,1.79,NA,825,1999,110637894,oil,TRUE,Niedersachsen,TRUE,5,600,17,120,well_kept,sophisticated,ground_floor,29597,3,1,2,3,TRUE,5
Sachsen,81,5,0.57,40,266,NA,67626391,NA,FALSE,Sachsen,TRUE,NA,185,34,33.8,fully_renovated,sophisticated,raised_ground_floor,9126,1,NA,4,1,TRUE,1
Sachsen,270.78,9,3.99,40,1234.78,2018,114996491,gas,FALSE,Sachsen,TRUE,9,964,NA,91.79,NA,sophisticated,ground_floor,4299,4,NA,NA,4,FALSE,4
Nordrhein_Westfalen,268.42,10,3.92,NA,1265.39,NA,111396538,heat_supply,FALSE,Nordrhein_Westfalen,TRUE,NA,996.97,6,76.69,mint_condition,NA,apartment,53177,3,3,4,3,FALSE,3
Sachsen,91.04,8,-8.26,2.4,343.43,1965,109639818,NA,FALSE,Sachsen,TRUE,2,252.39,7,50.58,NA,NA,apartment,8529,2,3,4,2,FALSE,2
Thüringen,82,14,2.26,40,446.24,1975,109786409,district_heating,TRUE,Thüringen,TRUE,3,282.24,25 c,58.8,refurbished,normal,apartment,4600,3,3,4,3,FALSE,2
Baden_Württemberg,0,7,0.92,NA,1205,2017,111267269,oil,TRUE,Baden_Württemberg,FALSE,9,1205,NA,76,NA,NA,NA,79576,2,1,NA,2,FALSE,3
Sachsen,90,13,0,40,510,1935,106655537,NA,FALSE,Sachsen,FALSE,1,315,17,75.2,NA,NA,other,8060,3,4,NA,3,FALSE,3
Sachsen,81,7,0,2.4,280,1900,110532079,gas,TRUE,Sachsen,TRUE,1,199,12,34,refurbished,NA,apartment,9113,2,2,NA,2,FALSE,1
Bayern,130,9,6.21,40,1170,1970,113818329,combined_heat_and_power_fossil_fuels,TRUE,Bayern,TRUE,2,1040,0,41,NA,NA,NA,80801,1,1,5,1,FALSE,2
Thüringen,57,1,1.92,40,399,1928,106506617,district_heating,FALSE,Thüringen,TRUE,1,285,6,57,modernized,NA,NA,4610,3,1,2,3,FALSE,2
Sachsen,140,7,2,40,400,1895,105793169,NA,TRUE,Sachsen,FALSE,1,260,NA,45,NA,NA,apartment,9119,2,NA,NA,2,FALSE,2
Hessen,120,0,4.84,NA,770,NA,106945093,oil,TRUE,Hessen,TRUE,NA,650,NA,95,well_kept,NA,roof_storey,34212,3,2,2,3,FALSE,4
Thüringen,200,8,1.49,40,600,NA,112917453,oil,TRUE,Thüringen,FALSE,NA,400,12,80,refurbished,normal,apartment,99326,3,2,2,3,FALSE,3
Mecklenburg_Vorpommern,85,11,0.83,10,519,NA,110666890,natural_gas_light,TRUE,Mecklenburg_Vorpommern,FALSE,NA,434,4,58,first_time_use_after_refurbishment,sophisticated,NA,19258,2,2,3,2,FALSE,2
Thüringen,41.43,9,4.23,40,NA,1967,108753995,NA,FALSE,Thüringen,FALSE,2,216.72,9,31.87,refurbished,NA,NA,99086,1,2,NA,1,FALSE,1
Rheinland_Pfalz,200,1,1.42,40,NA,1972,113283721,oil,FALSE,Rheinland_Pfalz,FALSE,3,630,16,101,fully_renovated,NA,NA,54329,3.5,NA,NA,3,FALSE,5
Sachsen,89,8,1.67,40,576,1973,113499235,district_heating,FALSE,Sachsen,TRUE,3,410,44,59.33,NA,NA,apartment,1129,3,1,NA,3,FALSE,2
Sachsen,140,8,4.84,40,599,1972,114371078,district_heating,FALSE,Sachsen,FALSE,3,459,20,64.71,well_kept,normal,apartment,4103,3,NA,14,3,FALSE,3
Nordrhein_Westfalen,95,9,4.79,2.4,625,1992,111277570,gas,TRUE,Nordrhein_Westfalen,TRUE,5,530,10,39,well_kept,normal,apartment,50858,1,1,5,1,FALSE,1
Rheinland_Pfalz,250,15,3.57,40,1450,NA,115185781,local_heating,TRUE,Rheinland_Pfalz,TRUE,NA,1200,142,135.69,NA,sophisticated,ground_floor,54292,4,0,3,4,FALSE,6
Hamburg,60,2,5.18,10,748,NA,111628863,NA,FALSE,Hamburg,FALSE,NA,628,71,56,NA,NA,apartment,20251,2.5,0,NA,2,FALSE,2
Berlin,124.2,1,8.53,40,475.2,2019,111407639,district_heating,FALSE,Berlin,FALSE,9,351,4 B,54,NA,NA,apartment,12489,2,2,NA,2,FALSE,2
Sachsen,158,6,1.44,40,553,1986,111963695,district_heating,FALSE,Sachsen,FALSE,4,395,NA,78.9,well_kept,normal,apartment,8141,4,4,5,4,FALSE,3
Rheinland_Pfalz,0,15,4.23,NA,1275,1982,98318500,oil,TRUE,Rheinland_Pfalz,TRUE,4,1275,NA,90,NA,NA,roof_storey,55437,2,1,NA,2,FALSE,4
Nordrhein_Westfalen,200,22,4.77,10,1600,1926,115621152,oil,TRUE,Nordrhein_Westfalen,TRUE,1,1400,70,90,mint_condition,sophisticated,terraced_flat,40477,2,0,4,2,TRUE,4
Nordrhein_Westfalen,75,21,3.7,40,452,1959,94256876,electricity,FALSE,Nordrhein_Westfalen,TRUE,2,377,172,58,refurbished,sophisticated,apartment,45889,3.5,3,3,3,TRUE,2
Sachsen,160,14,1.27,2.4,NA,1905,115657718,NA,TRUE,Sachsen,TRUE,1,420,12,64.6,first_time_use_after_refurbishment,sophisticated,roof_storey,1705,2,3,3,2,FALSE,3
Rheinland_Pfalz,72,15,3.22,NA,210,1994,109999594,gas,TRUE,Rheinland_Pfalz,FALSE,5,210,App. 254,20,well_kept,normal,apartment,54295,1,3,4,1,FALSE,1
Sachsen_Anhalt,151.45,9,2.83,40,528.37,1986,110500640,district_heating,FALSE,Sachsen_Anhalt,FALSE,4,376.92,6,68.53,modernized,NA,other,39114,3,4,5,3,FALSE,3
Hessen,100,3,4.05,40,NA,NA,106143250,gas,TRUE,Hessen,FALSE,NA,280,NA,15,NA,NA,apartment,35576,1,0,NA,1,TRUE,1
Niedersachsen,130,4,0.96,2.4,1030,2019,110643045,district_heating,FALSE,Niedersachsen,TRUE,9,900,16,65,first_time_use,luxury,apartment,38100,2.5,NA,NA,2,FALSE,3
Sachsen,70,1,1.76,40,374.12,NA,114937548,NA,FALSE,Sachsen,FALSE,NA,234.12,36,78.04,NA,NA,NA,2826,3,NA,NA,3,FALSE,3
Hamburg,300,12,4.12,40,3000,1970,113544212,natural_gas_light,TRUE,Hamburg,TRUE,2,2700,35,135,refurbished,sophisticated,apartment,22085,2,0,2,2,TRUE,6
Sachsen_Anhalt,64.78,11,3.46,40,475.07,1965,109001571,gas,FALSE,Sachsen_Anhalt,FALSE,2,323.91,2,71.98,refurbished,normal,apartment,39638,3,3,5,3,FALSE,3
Niedersachsen,90,18,3.45,40,NA,1999,105599582,NA,TRUE,Niedersachsen,FALSE,5,295,8,31.66,mint_condition,sophisticated,ground_floor,38678,1,NA,NA,1,FALSE,1
Hessen,500,17,4.58,2.4,NA,2004,115424359,district_heating,TRUE,Hessen,TRUE,6,2850,NA,181,fully_renovated,NA,apartment,60596,4.5,7,8,4,FALSE,7
Sachsen,150,14,4.75,40,778,1910,113341223,gas,FALSE,Sachsen,TRUE,1,628,52,73.86,NA,sophisticated,apartment,4299,3,1,5,3,TRUE,3
Nordrhein_Westfalen,117,4,4.86,40,617.42,1910,115687070,electricity,FALSE,Nordrhein_Westfalen,FALSE,1,453.42,8,66,NA,NA,apartment,45141,2,2,NA,2,FALSE,3
Sachsen,95,10,0,10,325,1904,99313620,gas,TRUE,Sachsen,TRUE,1,230,NA,42,fully_renovated,NA,NA,9648,1,NA,3,1,FALSE,2
Berlin,71.66,15,8.93,NA,627.13,1900,111408559,oil,FALSE,Berlin,FALSE,1,503.87,0,57.33,need_of_renovation,simple,apartment,12167,2,1,4,2,FALSE,2
Sachsen,100,16,3.22,NA,1067,2017,113828402,combined_heat_and_power_fossil_fuels,FALSE,Sachsen,TRUE,9,880,13,79.63,mint_condition,sophisticated,ground_floor,4179,3,0,5,3,FALSE,3
Thüringen,138,10,1.96,40,475,1957,105322719,gas,FALSE,Thüringen,TRUE,2,337,7,69,well_kept,NA,apartment,7551,3,3,3,3,FALSE,3
Bayern,NA,7,6.13,NA,NA,2019,110025972,gas,FALSE,Bayern,TRUE,9,1900,3,92.91,first_time_use,sophisticated,ground_floor,81735,3,0,3,3,FALSE,4
Rheinland_Pfalz,160,19,4.82,10,835,1973,111376532,solar_heating:gas,FALSE,Rheinland_Pfalz,FALSE,3,625,NA,62.55,first_time_use_after_refurbishment,luxury,ground_floor,67549,2,0,2,2,FALSE,3
Sachsen,120,3,2.04,2.4,437,1982,83858083,district_heating,FALSE,Sachsen,FALSE,4,317,3,63.4,NA,normal,apartment,4205,3,4,NA,3,FALSE,3
Sachsen,128.28,5,1.79,40,640.39,2019,113204390,gas,FALSE,Sachsen,FALSE,9,513.12,4,64.14,first_time_use,sophisticated,apartment,1689,2,1,NA,2,FALSE,3
Baden_Württemberg,170,9,5.54,40,920,NA,113142617,gas,TRUE,Baden_Württemberg,FALSE,NA,750,NA,86,well_kept,NA,NA,71717,3,NA,NA,3,FALSE,4
Nordrhein_Westfalen,200,13,4.07,10,750,NA,114512839,NA,FALSE,Nordrhein_Westfalen,FALSE,NA,550,NA,70,NA,NA,roof_storey,41460,3,NA,NA,3,FALSE,3
Sachsen_Anhalt,100,5,0.41,40,NA,1904,44855360,NA,FALSE,Sachsen_Anhalt,TRUE,1,218.4,27,42,refurbished,normal,roof_storey,6712,1,4,4,1,TRUE,2
Sachsen,80,8,1.96,100,393,NA,60244952,gas,TRUE,Sachsen,FALSE,NA,248,4,65.33,fully_renovated,normal,other,9120,2,2,5,2,TRUE,3
Sachsen_Anhalt,65,4,0.2,40,NA,1850,110130365,natural_gas_light,FALSE,Sachsen_Anhalt,FALSE,1,131,10,26.2,modernized,normal,roof_storey,6712,1,3,3,1,FALSE,1
Sachsen,128,4,5.57,2.4,572,1995,110752511,district_heating,TRUE,Sachsen,TRUE,5,444,4,55.55,mint_condition,normal,NA,4109,2,2,5,2,FALSE,2
Bayern,95,15,3.46,NA,1435,2019,110130404,natural_gas_light,FALSE,Bayern,TRUE,9,1200,1 c,106,first_time_use,sophisticated,ground_floor,83395,4,NA,NA,4,TRUE,5
Sachsen,130,2,1.93,40,500,NA,111890876,NA,FALSE,Sachsen,TRUE,NA,370,NA,66.71,modernized,normal,ground_floor,2625,3,NA,NA,3,TRUE,3
Hessen,1150,8,4.07,40,200,NA,114324700,natural_gas_light,FALSE,Hessen,FALSE,NA,950,62,120,well_kept,normal,maisonette,65439,4,NA,3,4,FALSE,5
Brandenburg,180,14,5.54,2.4,NA,1998,115693223,oil,FALSE,Brandenburg,TRUE,5,700,NA,73,first_time_use_after_refurbishment,NA,apartment,14624,2,0,2,2,FALSE,3
Sachsen,150,5,3.41,40,595,NA,110639659,NA,FALSE,Sachsen,FALSE,NA,445,11,65.42,refurbished,NA,roof_storey,4571,3,NA,NA,3,FALSE,3
Sachsen,89,6,0.54,40,298,1921,113438629,gas,FALSE,Sachsen,FALSE,1,209,68,45.13,well_kept,NA,apartment,9114,2,2,2,2,FALSE,2
Sachsen,130,7,6.15,40,550,1905,106756989,gas,TRUE,Sachsen,TRUE,1,420,112,60.9,fully_renovated,normal,apartment,4177,2,3,4,2,TRUE,2
Berlin,123.83,2,6.17,40,489.2,1930,115573335,district_heating,FALSE,Berlin,FALSE,1,365.37,47 a,51,NA,NA,ground_floor,13055,2,1,NA,2,FALSE,2
Bayern,60,8,7.82,40,1040,NA,107074278,oil,TRUE,Bayern,TRUE,NA,1100,63,33,modernized,NA,apartment,80804,1,1,4,1,FALSE,1
Sachsen,96,4,2.33,40,595,NA,115662296,NA,FALSE,Sachsen,FALSE,NA,499,14,49.14,mint_condition,normal,apartment,1097,2,3,NA,2,TRUE,2
Rheinland_Pfalz,250,10,2.94,40,960,1970,115013180,gas,FALSE,Rheinland_Pfalz,TRUE,2,710,3,109,modernized,normal,apartment,53557,3,2,3,3,TRUE,5
Sachsen_Anhalt,202,6,2.97,10,1177,2016,89983780,district_heating,FALSE,Sachsen_Anhalt,TRUE,9,915,15 b,91.42,mint_condition,sophisticated,apartment,39104,3,4,5,3,FALSE,4
Sachsen,106.05,5,3.57,10,550,1986,110355542,NA,FALSE,Sachsen,FALSE,4,368.2,12,69.31,NA,NA,NA,4209,3,6,11,3,FALSE,3
Sachsen_Anhalt,78.1,13,1.32,40,512.9,1985,113482469,district_heating,FALSE,Sachsen_Anhalt,TRUE,4,325.1,21,64.49,fully_renovated,normal,apartment,6124,4,4,5,4,FALSE,3
Sachsen,55,10,0,40,339,NA,106514944,NA,FALSE,Sachsen,FALSE,NA,229,2,54.46,refurbished,NA,apartment,9120,2,1,NA,2,FALSE,2
Sachsen,96,6,6.17,2.4,607,1996,110765307,district_heating,TRUE,Sachsen,TRUE,5,450,11,48.1,NA,NA,apartment,4103,2,2,NA,2,FALSE,2
Sachsen,74,9,2.5,40,533,NA,110195023,district_heating,FALSE,Sachsen,TRUE,NA,370,28,74.08,refurbished,normal,NA,4552,4,1,NA,4,FALSE,3
Sachsen,200,20,0.2,40,700,1920,115694805,NA,FALSE,Sachsen,TRUE,1,500,21,120,well_kept,NA,apartment,9131,5,5,5,5,FALSE,5
Thüringen,130,10,1.89,40,450,NA,110728200,NA,FALSE,Thüringen,TRUE,NA,320,129,64.04,fully_renovated,NA,apartment,7546,3,0,4,3,TRUE,3
Niedersachsen,180,6,3.64,2.4,530,1975,65705962,gas,FALSE,Niedersachsen,TRUE,3,350,7,82,modernized,normal,apartment,31789,4,2,4,4,FALSE,4
Brandenburg,143.99,4,6.98,NA,546.92,1953,115675517,gas,FALSE,Brandenburg,TRUE,2,402.93,3,48.84,refurbished,NA,apartment,14641,2,2,NA,2,FALSE,2
Schleswig_Holstein,120,18,3.33,40,NA,2014,106440196,gas,TRUE,Schleswig_Holstein,TRUE,8,820,NA,120,well_kept,normal,roof_storey,24787,3,NA,NA,3,FALSE,5
Sachsen,145,7,2.28,40,465,1940,104784659,NA,FALSE,Sachsen,TRUE,1,320,NA,65.29,NA,NA,NA,2799,3,NA,NA,3,FALSE,3
Niedersachsen,180,14,4.35,40,930,2001,104486756,natural_gas_light,TRUE,Niedersachsen,TRUE,6,750,13b,110,mint_condition,sophisticated,loft,30827,2,2,2,2,FALSE,5
Sachsen_Anhalt,60,5,1.89,2.4,NA,1973,110505233,district_heating,FALSE,Sachsen_Anhalt,TRUE,3,255,18,51,NA,NA,apartment,6295,2,2,NA,2,FALSE,2
Nordrhein_Westfalen,110,12,4.69,NA,570,NA,86652356,gas,TRUE,Nordrhein_Westfalen,TRUE,NA,460,8,64,well_kept,normal,apartment,33330,3,2,2,3,FALSE,3
Bayern,100,24,5.83,NA,1160,2019,108227699,gas,FALSE,Bayern,TRUE,9,1060,41,92.22,first_time_use,sophisticated,apartment,94315,3,1,2,3,FALSE,4
Bayern,280,15,5.75,40,1480,NA,115256303,hydro_energy,TRUE,Bayern,TRUE,NA,1200,14,64,well_kept,sophisticated,raised_ground_floor,80637,2,1,5,2,TRUE,3
Sachsen,130,9,0.36,40,420,1961,115366869,district_heating,FALSE,Sachsen,TRUE,2,290,5,60,fully_renovated,NA,apartment,9120,3,4,NA,3,FALSE,2
Sachsen,178,7,2.65,40,708,1975,112514358,NA,FALSE,Sachsen,FALSE,3,530,7a,66.25,refurbished,normal,NA,1099,3,2,NA,3,FALSE,3
Bayern,120,9,7.14,40,620,1960,105851670,gas,FALSE,Bayern,FALSE,2,500,NA,80,NA,NA,roof_storey,96132,3.5,NA,NA,3,FALSE,3
Nordrhein_Westfalen,90,6,5.18,40,NA,1955,111149971,gas,FALSE,Nordrhein_Westfalen,TRUE,2,840,21,73,well_kept,NA,apartment,40235,2,0,4,2,FALSE,3
Nordrhein_Westfalen,188,13,3.11,40,NA,1974,113658871,district_heating,FALSE,Nordrhein_Westfalen,FALSE,3,374.13,16,71.86,well_kept,NA,apartment,57223,3,3,4,3,FALSE,3
Sachsen_Anhalt,100,7,2.04,40,440,NA,103737791,NA,TRUE,Sachsen_Anhalt,FALSE,NA,340,4,57,NA,NA,ground_floor,38889,2,1,2,2,TRUE,2
Nordrhein_Westfalen,108,0,3.27,40,600,NA,112465526,gas,FALSE,Nordrhein_Westfalen,FALSE,NA,492,NA,82,first_time_use_after_refurbishment,normal,other,51688,3,NA,NA,3,FALSE,4
Hessen,200,13,1.75,40,NA,NA,106030039,environmental_thermal_energy,TRUE,Hessen,TRUE,NA,656,10,104,well_kept,sophisticated,maisonette,36199,3,3,4,3,FALSE,5
Sachsen,93,6,0,40,286,1900,110818962,gas,FALSE,Sachsen,TRUE,1,193,80,38.55,well_kept,normal,apartment,9113,1,3,NA,1,FALSE,1
Hessen,100,7,1.72,10,540,NA,115674166,NA,TRUE,Hessen,TRUE,NA,440,NA,40,well_kept,NA,NA,65207,2,NA,NA,2,FALSE,1
Hessen,200,12,NA,NA,1190,2017,111341139,NA,TRUE,Hessen,TRUE,9,990,NA,70,mint_condition,luxury,apartment,60437,2,2,4,2,FALSE,3
Sachsen,35,6,1.87,2.4,320,1989,105939675,steam_district_heating,FALSE,Sachsen,TRUE,4,220,9,54.5,well_kept,normal,apartment,2730,2,NA,NA,2,FALSE,2
Niedersachsen,415,15,4.4,40,NA,1955,68187610,district_heating,TRUE,Niedersachsen,TRUE,2,1350,46,180,well_kept,NA,apartment,30177,6,1,NA,5,TRUE,7
Niedersachsen,NA,11,3.92,40,980,1970,114673047,NA,TRUE,Niedersachsen,FALSE,2,850,NA,100,NA,NA,ground_floor,28816,3.5,NA,NA,3,TRUE,4
Nordrhein_Westfalen,220,19,3.64,40,715,1964,96522123,oil,FALSE,Nordrhein_Westfalen,TRUE,2,495,58 a,83,well_kept,normal,apartment,41063,3,3,3,3,FALSE,4
Bayern,180,1,3.45,40,660,NA,105665217,NA,TRUE,Bayern,FALSE,NA,480,NA,54,NA,NA,apartment,83435,2,NA,NA,2,FALSE,2
Sachsen,56,9,3.07,2.4,453,1981,109001214,district_heating,FALSE,Sachsen,TRUE,4,335,17,56.4,well_kept,normal,apartment,4205,2,4,5,2,FALSE,2
Sachsen,280,21,1.64,40,1370,1905,105136675,gas,FALSE,Sachsen,FALSE,1,1090,NA,125,mint_condition,normal,roof_storey,1259,5,NA,NA,5,TRUE,6
Nordrhein_Westfalen,120,15,2.68,40,809,NA,115669941,gas,FALSE,Nordrhein_Westfalen,TRUE,NA,689,137,104.8,well_kept,sophisticated,ground_floor,42389,4,0,3,4,FALSE,5
Baden_Württemberg,158.4,2,2.23,NA,944.72,2019,113525714,pellet_heating,TRUE,Baden_Württemberg,TRUE,9,786.32,NA,56.57,first_time_use,sophisticated,apartment,79189,2,1,4,2,FALSE,2
Sachsen,260,19,4.73,NA,1448,2018,113786391,NA,TRUE,Sachsen,FALSE,9,1188,2a,120.34,mint_condition,NA,apartment,4275,4,1,6,4,FALSE,5
Sachsen,174,9,1.01,2.4,573,2000,111452038,district_heating,FALSE,Sachsen,TRUE,5,399,9 c,71.84,fully_renovated,sophisticated,apartment,9599,3,1,4,3,FALSE,3
Nordrhein_Westfalen,125,10,1.67,10,460,1978,84451615,oil,FALSE,Nordrhein_Westfalen,FALSE,3,335,50,55,well_kept,normal,half_basement,51789,2,NA,NA,2,FALSE,2
Sachsen_Anhalt,133,6,1.82,2.4,464,1940,110546266,steam_district_heating,FALSE,Sachsen_Anhalt,TRUE,1,331,15,63.5,refurbished,NA,ground_floor,6217,3,1,2,3,TRUE,3
Sachsen,110,8,3.7,10,449,2016,88724823,district_heating,TRUE,Sachsen,FALSE,9,339,NA,19.8,mint_condition,sophisticated,ground_floor,1099,1,NA,NA,1,FALSE,1
Sachsen,65,2,3.77,2.4,323.22,1983,67315797,district_heating,FALSE,Sachsen,TRUE,4,258.22,9,48.72,refurbished,normal,apartment,2906,2,4,4,2,FALSE,2
Sachsen,59.1,9,-2.22,2.4,NA,NA,104060133,district_heating,FALSE,Sachsen,FALSE,NA,257.9,221,53.73,NA,NA,apartment,8062,2,3,NA,2,FALSE,2
Hessen,300,17,6.34,NA,3290,2018,106417486,NA,TRUE,Hessen,TRUE,9,2990,NA,149,first_time_use,luxury,maisonette,60313,4,3,4,4,FALSE,6
Sachsen,65,4,4.15,40,NA,1975,113771460,NA,FALSE,Sachsen,TRUE,3,350,6,56.92,NA,NA,apartment,4159,3,2,5,3,FALSE,2
Sachsen,70,2,5.94,40,578.14,1996,111389315,district_heating,FALSE,Sachsen,FALSE,5,414.14,11b,54.77,NA,NA,apartment,4107,2,1,NA,2,FALSE,2
Sachsen,85,8,4.07,2.4,375,1993,109874299,natural_gas_light,FALSE,Sachsen,TRUE,5,255,1,35,well_kept,simple,ground_floor,4288,1,0,3,1,FALSE,1
Berlin,240,25,8.55,2.4,2990,2016,111415665,district_heating,FALSE,Berlin,FALSE,9,2750,NA,106.1,NA,luxury,NA,10115,4,5,6,4,FALSE,5
Nordrhein_Westfalen,290.46,13,2.13,NA,1380.48,2018,109383351,gas,FALSE,Nordrhein_Westfalen,TRUE,9,1065.02,440,96.82,first_time_use,sophisticated,roof_storey,52076,3,2,2,3,FALSE,4
Sachsen,79,4,0.56,40,NA,NA,114945431,NA,TRUE,Sachsen,TRUE,NA,282,NA,44,well_kept,sophisticated,raised_ground_floor,8344,2,1,3,2,TRUE,2
Nordrhein_Westfalen,90,6,3.85,40,480,1937,113497310,gas,FALSE,Nordrhein_Westfalen,TRUE,1,320,16,46.15,fully_renovated,sophisticated,apartment,44147,2,1,3,2,TRUE,2
Sachsen,120,5,0.57,NA,360,1900,78599104,gas,FALSE,Sachsen,TRUE,1,235,20,52.46,NA,normal,NA,9618,2,1,3,2,FALSE,2
Nordrhein_Westfalen,154,10,3.02,2.4,629,1951,115606683,gas,FALSE,Nordrhein_Westfalen,TRUE,2,423,22,67.05,NA,NA,apartment,45739,3.5,1,2,3,FALSE,3
Brandenburg,135.04,2,1.4,40,NA,2014,113266072,NA,FALSE,Brandenburg,FALSE,8,683.04,15,78.51,mint_condition,NA,apartment,3222,2,1,NA,2,FALSE,3
Niedersachsen,80,19,2.99,2.4,NA,1980,110825007,natural_gas_light,TRUE,Niedersachsen,FALSE,3,690,NA,152,well_kept,sophisticated,ground_floor,27801,4,NA,NA,4,FALSE,7
Sachsen,99,2,1.79,2.4,349,1892,87544475,gas,FALSE,Sachsen,FALSE,1,250,NA,47,NA,NA,NA,9456,1,NA,NA,1,FALSE,2
Saarland,NA,7,2.46,2.4,700,1956,108643336,district_heating,FALSE,Saarland,FALSE,2,0,NA,30,fully_renovated,normal,apartment,66740,1,NA,2,1,FALSE,1
Nordrhein_Westfalen,100,6,2.22,2.4,NA,1963,111396049,oil,FALSE,Nordrhein_Westfalen,TRUE,2,314,14,60.33,NA,NA,apartment,58099,3.5,2,3,3,FALSE,2
Sachsen,306,8,1.5,40,1555,2018,105749033,district_heating,TRUE,Sachsen,TRUE,9,1249,NA,109.2,first_time_use,sophisticated,apartment,1067,4,3,7,4,FALSE,5
Sachsen_Anhalt,160,7,1.82,2.4,490,1964,107079581,district_heating,FALSE,Sachsen_Anhalt,TRUE,2,330,24,59.8,modernized,sophisticated,apartment,6231,3,5,5,3,TRUE,2
Hessen,NA,11,5.43,10,NA,1900,110457724,gas,FALSE,Hessen,FALSE,1,990,NA,96,fully_renovated,normal,roof_storey,63065,5,1,4,5,FALSE,4
Nordrhein_Westfalen,50,6,2.28,40,290,NA,113127859,gas,FALSE,Nordrhein_Westfalen,TRUE,NA,240,9,40,fully_renovated,sophisticated,apartment,47167,1,1,4,1,FALSE,1
Mecklenburg_Vorpommern,100,3,5.83,2.4,630,1972,42890891,district_heating,FALSE,Mecklenburg_Vorpommern,TRUE,3,430,14,69.89,refurbished,normal,NA,18209,4,3,4,4,FALSE,3
Sachsen,NA,21,3.03,40,2672.02,1888,106784354,NA,FALSE,Sachsen,FALSE,1,1995,110,270.81,NA,sophisticated,NA,4159,6.5,NA,3,5,FALSE,7
Hessen,230,5,4.36,40,1060,1989,113540823,gas,TRUE,Hessen,FALSE,4,780,NA,68,NA,NA,roof_storey,61476,3,2,2,3,FALSE,3
Sachsen_Anhalt,57,7,0,40,495,1988,76744476,district_heating,FALSE,Sachsen_Anhalt,TRUE,4,293,49-59,57.13,refurbished,normal,apartment,39218,3,NA,6,3,FALSE,2
Brandenburg,70,5,3.23,10,570.88,1962,107342029,NA,FALSE,Brandenburg,FALSE,2,425.88,23,60.84,NA,NA,NA,16227,3,3,NA,3,FALSE,2
Sachsen,85,10,3.57,10,280,1955,106513652,gas,FALSE,Sachsen,TRUE,2,195,3,39,modernized,normal,ground_floor,4571,2,2,3,2,TRUE,1
Sachsen,90,5,4.11,40,420,1900,104952623,gas,FALSE,Sachsen,FALSE,1,330,7,44.12,well_kept,normal,ground_floor,4277,2,NA,NA,2,FALSE,2
Brandenburg,80,6,2.04,2.4,450,NA,105708076,wood,FALSE,Brandenburg,FALSE,NA,530,NA,128,NA,NA,apartment,15324,6,1,2,5,FALSE,6
Bayern,150,1,4.45,40,730,NA,115591507,NA,TRUE,Bayern,FALSE,NA,580,40,48,fully_renovated,normal,maisonette,92051,2,3,4,2,FALSE,2
Sachsen,200,29,0.48,40,595,NA,114765611,oil,FALSE,Sachsen,FALSE,NA,395,NA,80.1,well_kept,NA,roof_storey,9544,4,2,2,4,TRUE,3
Bayern,115,18,3.98,2.4,NA,2017,113466183,district_heating,TRUE,Bayern,FALSE,9,570,76,20.3,mint_condition,sophisticated,apartment,86153,1,3,7,1,TRUE,1
Sachsen_Anhalt,120,12,2.22,NA,814,2019,115072805,gas,FALSE,Sachsen_Anhalt,TRUE,9,694,34,66.02,first_time_use,luxury,terraced_flat,39114,2,1,5,2,FALSE,3
Sachsen_Anhalt,64.78,11,3.04,40,475.07,1965,109000964,gas,FALSE,Sachsen_Anhalt,FALSE,2,323.91,1,71.98,refurbished,normal,apartment,39638,3,3,5,3,FALSE,3
Nordrhein_Westfalen,110,8,2.29,40,441,NA,103788547,gas,FALSE,Nordrhein_Westfalen,FALSE,NA,310,45,50.32,well_kept,sophisticated,apartment,47179,2,3,3,2,FALSE,2
Bayern,250,13,3.05,40,1600,2015,115619449,electricity,FALSE,Bayern,FALSE,8,1350,NA,108,NA,NA,apartment,91341,3,2,NA,3,FALSE,5
Berlin,56,5,8.67,40,700,1900,114344449,gas,FALSE,Berlin,FALSE,1,575,67,40.34,NA,NA,apartment,13349,2,4,4,2,FALSE,1
Baden_Württemberg,110,8,6.61,2.4,1200,2019,110657431,NA,FALSE,Baden_Württemberg,TRUE,9,1090,NA,89.98,first_time_use,sophisticated,ground_floor,74078,3,NA,NA,3,FALSE,4
Bayern,200,11,4.11,40,995,NA,106290021,NA,TRUE,Bayern,FALSE,NA,795,6a,58.8,mint_condition,NA,NA,97828,2,NA,NA,2,FALSE,2
Bayern,120,7,5.82,40,1240,2019,110833720,gas,FALSE,Bayern,FALSE,9,1040,NA,90,first_time_use,sophisticated,apartment,83101,3,1,2,3,FALSE,4
Sachsen,85,11,0.37,40,NA,1960,112270036,gas,TRUE,Sachsen,TRUE,2,270,14,57,NA,NA,raised_ground_floor,8060,3,NA,2,3,TRUE,2
Baden_Württemberg,200,11,-0.09,40,1160,1983,104216305,gas,TRUE,Baden_Württemberg,FALSE,4,960,NA,86,well_kept,normal,apartment,79539,3,1,NA,3,FALSE,4
Baden_Württemberg,150,0,4.69,2.4,750,1963,105670169,gas,FALSE,Baden_Württemberg,TRUE,2,600,NA,76,well_kept,normal,apartment,76703,3,2,5,3,FALSE,3
Nordrhein_Westfalen,110,17,3.67,40,624,1965,98160609,gas,FALSE,Nordrhein_Westfalen,TRUE,2,449,52,73.39,well_kept,normal,apartment,42549,3,6,7,3,FALSE,3
Sachsen,90,22,1.67,40,425,1995,78214846,gas,TRUE,Sachsen,TRUE,5,315,1,45,fully_renovated,normal,maisonette,2827,2,2,2,2,TRUE,2
Nordrhein_Westfalen,100,2,3.57,40,565,NA,108575802,NA,FALSE,Nordrhein_Westfalen,FALSE,NA,370,NA,68,NA,NA,apartment,45896,3,NA,NA,3,FALSE,3
Niedersachsen,50,11,2.76,40,300,NA,112301865,natural_gas_light,FALSE,Niedersachsen,FALSE,NA,250,27,50,NA,NA,NA,37154,1,0,0,1,FALSE,2
Sachsen,150,7,1.85,40,445,NA,89169858,natural_gas_heavy,FALSE,Sachsen,TRUE,NA,370,9,71.34,well_kept,NA,roof_storey,8058,2,4,4,2,FALSE,3
Nordrhein_Westfalen,270,10,3.93,10,1830,2017,111373850,NA,FALSE,Nordrhein_Westfalen,TRUE,9,1560,7,135,first_time_use,sophisticated,ground_floor,40668,4,NA,3,4,TRUE,6
Sachsen,105,4,4.05,2.4,NA,1981,90164772,NA,FALSE,Sachsen,TRUE,4,450,85,87.88,NA,NA,apartment,4205,3,4,6,3,FALSE,4
Nordrhein_Westfalen,250,12,4.92,40,1500,NA,113788103,NA,TRUE,Nordrhein_Westfalen,TRUE,NA,1250,NA,102,NA,sophisticated,apartment,40476,3,4,5,3,FALSE,5
Bayern,120,1,2.08,2.4,845,1949,106840653,NA,FALSE,Bayern,TRUE,1,725,27,85,well_kept,NA,NA,97074,3,2,NA,3,FALSE,4
Bayern,300,12,2.82,40,1700,2011,113700958,district_heating,TRUE,Bayern,TRUE,8,1400,NA,107,mint_condition,sophisticated,penthouse,91052,3,3,4,3,FALSE,5
Hessen,50,9,4.79,40,790,NA,114790797,NA,TRUE,Hessen,FALSE,NA,740,6,23,modernized,sophisticated,apartment,60598,1,6,NA,1,FALSE,1
Nordrhein_Westfalen,250,4,4,NA,NA,1990,105468198,oil,FALSE,Nordrhein_Westfalen,TRUE,4,990,o,100,first_time_use_after_refurbishment,sophisticated,roof_storey,45289,4,1,1,4,FALSE,4
Sachsen,120,10,0.76,NA,485,1938,113131847,natural_gas_heavy,FALSE,Sachsen,TRUE,1,365,43,61.05,fully_renovated,normal,apartment,9126,2,1,2,2,TRUE,3
Sachsen,128,8,0.94,40,480,1919,101249462,NA,FALSE,Sachsen,TRUE,1,352,6,64,refurbished,normal,roof_storey,9573,2,2,2,2,TRUE,3
Hessen,350,15,2.91,40,2340,2003,61341663,gas,TRUE,Hessen,TRUE,6,1990,18,185,mint_condition,sophisticated,maisonette,65185,5,3,2,5,FALSE,7
Sachsen,70,7,2,40,225,1972,86056166,natural_gas_heavy,FALSE,Sachsen,TRUE,3,155,9,31,well_kept,NA,apartment,4720,1,4,5,1,FALSE,1
Mecklenburg_Vorpommern,180,9,2.47,40,775,1968,114368934,gas,FALSE,Mecklenburg_Vorpommern,TRUE,2,595,NA,90,mint_condition,NA,apartment,19386,4,0,3,4,TRUE,4
Sachsen,32,10,3.52,40,277,1968,114834277,gas,FALSE,Sachsen,TRUE,2,180,88,36,first_time_use_after_refurbishment,NA,apartment,4668,1,4,4,1,FALSE,1
Sachsen,84,1,3.87,40,314,1870,115496726,NA,FALSE,Sachsen,TRUE,1,230,58,25.07,fully_renovated,NA,ground_floor,4129,1,NA,4,1,TRUE,1
Nordrhein_Westfalen,200,6,2.45,40,NA,NA,113429196,gas,FALSE,Nordrhein_Westfalen,TRUE,NA,360,29,60,NA,NA,roof_storey,52249,2,2,2,2,FALSE,2
Nordrhein_Westfalen,NA,8,1.98,40,NA,2019,110534493,NA,FALSE,Nordrhein_Westfalen,FALSE,9,910,343,117,first_time_use,sophisticated,ground_floor,47574,3,NA,NA,3,TRUE,5
Berlin,105,6,9.47,40,1734,NA,111378418,NA,TRUE,Berlin,FALSE,NA,1599,60,81.5,mint_condition,sophisticated,NA,10405,3,2,4,3,FALSE,4
Hessen,200,8,4.24,40,1260,2019,115291537,gas,FALSE,Hessen,TRUE,9,1000,NA,71.4,first_time_use,sophisticated,ground_floor,65760,3,0,2,3,FALSE,3
Sachsen,118.24,7,2.96,2.4,384.28,1983,113505979,natural_gas_light,FALSE,Sachsen,TRUE,4,266.04,7a,59.12,NA,normal,NA,4539,3,2,3,3,FALSE,2
Nordrhein_Westfalen,135,11,3.67,40,585,NA,115638747,gas,FALSE,Nordrhein_Westfalen,FALSE,NA,450,133,79.32,NA,NA,apartment,46240,3,NA,NA,3,FALSE,3
Baden_Württemberg,180,16,8.64,2.4,980,NA,106873795,oil,TRUE,Baden_Württemberg,FALSE,NA,800,NA,70,fully_renovated,normal,other,74177,3,1,1,3,TRUE,3
Hessen,350,10,2.57,10,2300,NA,107944086,gas,TRUE,Hessen,TRUE,NA,1950,NA,124.82,NA,luxury,raised_ground_floor,65193,3,1,3,3,FALSE,6
Nordrhein_Westfalen,130,11,3.09,40,NA,1958,112735870,gas,FALSE,Nordrhein_Westfalen,TRUE,2,1200,49a,136,first_time_use_after_refurbishment,sophisticated,other,45659,3,0,2,3,FALSE,6
Rheinland_Pfalz,80,9,3.85,NA,510,1900,110461894,gas,FALSE,Rheinland_Pfalz,FALSE,1,430,22,55,well_kept,NA,apartment,67063,2,5,5,2,FALSE,2
Schleswig_Holstein,162,6,3.57,10,632,1910,113126195,gas,TRUE,Schleswig_Holstein,TRUE,1,470,41,66.78,refurbished,normal,apartment,25524,3.5,3,3,3,TRUE,3
Sachsen,108,8,1.03,NA,597,NA,109409319,NA,FALSE,Sachsen,TRUE,NA,402,NA,86.48,NA,normal,maisonette,8525,3,2,NA,3,FALSE,4
Hessen,120,7,0,2.4,NA,1940,108599410,gas,FALSE,Hessen,TRUE,1,260,28,67.12,well_kept,normal,ground_floor,36205,3,0,2,3,TRUE,3
Hessen,0,24,5.79,10,1190,1955,107554986,gas,FALSE,Hessen,FALSE,2,1190,0,30,NA,NA,NA,60489,1,NA,NA,1,FALSE,1
Baden_Württemberg,150,8,1.73,40,700,2008,113598718,district_heating,TRUE,Baden_Württemberg,TRUE,7,550,NA,56,well_kept,sophisticated,terraced_flat,88662,1,0,3,1,FALSE,2
Berlin,100,3,8.55,40,660,NA,111312202,NA,TRUE,Berlin,TRUE,NA,560,4,19.5,NA,NA,NA,10178,1,6,NA,1,FALSE,1
Brandenburg,47.2,3,2.51,40,350.46,1964,114513644,NA,FALSE,Brandenburg,FALSE,2,246.62,9,47.2,NA,NA,NA,3253,2,2,NA,2,FALSE,2
Mecklenburg_Vorpommern,276.62,1,0.5,40,1106.51,NA,113742262,NA,FALSE,Mecklenburg_Vorpommern,FALSE,NA,829.89,35,92.21,NA,NA,NA,17489,3,0,NA,3,FALSE,4
Sachsen,110,12,0.39,40,353,1911,110153661,natural_gas_light,FALSE,Sachsen,FALSE,1,243,22,54,well_kept,NA,roof_storey,8393,2,3,3,2,TRUE,2
Nordrhein_Westfalen,82,6,2.24,40,462,NA,115574572,gas,FALSE,Nordrhein_Westfalen,FALSE,NA,300,61,59,well_kept,NA,apartment,45881,2.5,2,3,2,FALSE,2
Sachsen,32.31,13,1.69,2.4,NA,1981,110813322,district_heating,FALSE,Sachsen,FALSE,4,155,111,32.31,NA,NA,other,9599,1,6,NA,1,FALSE,1
Sachsen_Anhalt,70,5,1.61,40,NA,1984,112169392,district_heating,FALSE,Sachsen_Anhalt,TRUE,4,234.48,213,57.19,NA,NA,apartment,6132,3,5,NA,3,FALSE,2
Bayern,200,6,4.55,40,1190,1961,103617865,gas,FALSE,Bayern,FALSE,2,990,NA,94,first_time_use_after_refurbishment,NA,loft,63739,1,NA,NA,1,FALSE,4
Sachsen,75,15,0,10,560,1975,105792333,gas,FALSE,Sachsen,TRUE,3,400,20 a,68,NA,NA,NA,8371,4,NA,3,4,FALSE,3
Sachsen_Anhalt,163,9,3.39,2.4,434.5,NA,78230410,geothermal,TRUE,Sachsen_Anhalt,FALSE,NA,271.5,6-126,54.3,well_kept,NA,ground_floor,39110,1,1,3,1,FALSE,2
Nordrhein_Westfalen,117,9,4.66,40,502,1938,113554321,district_heating,FALSE,Nordrhein_Westfalen,TRUE,1,298,42,48.42,NA,NA,roof_storey,44369,2.5,NA,NA,2,TRUE,2
Nordrhein_Westfalen,180,8,3.88,40,640,1970,69129272,oil,TRUE,Nordrhein_Westfalen,TRUE,2,460,73-75,55,NA,normal,apartment,52072,2,3,4,2,FALSE,2
Sachsen,100,9,3.63,2.4,290,NA,95314627,NA,FALSE,Sachsen,FALSE,NA,190,2,50.09,well_kept,normal,apartment,8527,1,2,4,1,TRUE,2
Schleswig_Holstein,165,8,3.8,40,630,NA,115694704,oil,TRUE,Schleswig_Holstein,FALSE,NA,465,NA,58,NA,NA,apartment,24159,2,1,NA,2,FALSE,2
Bayern,415,9,6.79,40,4375,2018,104917799,natural_gas_light,TRUE,Bayern,TRUE,9,3645,NA,165,first_time_use,luxury,terraced_flat,81545,4,0,3,4,TRUE,7
Sachsen_Anhalt,150,8,3.43,2.4,490,1920,114777955,gas,FALSE,Sachsen_Anhalt,TRUE,1,340,NA,76.41,mint_condition,sophisticated,roof_storey,6112,3,NA,NA,3,FALSE,3
Nordrhein_Westfalen,NA,10,4.78,40,720,NA,113228075,NA,FALSE,Nordrhein_Westfalen,FALSE,NA,650,36,56,NA,NA,apartment,40223,2,NA,NA,2,FALSE,2
Sachsen,200,17,0.54,40,600,NA,113853733,gas,TRUE,Sachsen,TRUE,NA,390,46,86,NA,NA,other,8058,3,NA,4,3,FALSE,4
Nordrhein_Westfalen,320,20,4.28,10,1495,1993,109863886,gas,TRUE,Nordrhein_Westfalen,TRUE,5,1175,NA,110,fully_renovated,sophisticated,penthouse,51427,3,3,3,3,FALSE,5
Hessen,120,9,5.13,40,620,1992,113476281,gas,FALSE,Hessen,FALSE,5,500,26,50,fully_renovated,normal,roof_storey,63128,1.5,2,2,1,FALSE,2
Sachsen,70,7,1.18,2.4,425,1910,112572755,gas,FALSE,Sachsen,TRUE,1,295,19,54.76,refurbished,normal,raised_ground_floor,9599,2,0,3,2,FALSE,2
Nordrhein_Westfalen,102,4,3.57,40,558,1952,115484700,district_heating,FALSE,Nordrhein_Westfalen,TRUE,2,349,99,45.38,NA,NA,apartment,45327,2,1,NA,2,FALSE,2
Sachsen,175,19,5.8,40,735,NA,106678476,NA,TRUE,Sachsen,TRUE,NA,560,8,79.9,well_kept,NA,apartment,4155,2,1,4,2,FALSE,3
Nordrhein_Westfalen,180,3,4.47,NA,1030,2018,107335937,liquid_gas,FALSE,Nordrhein_Westfalen,TRUE,9,850,18,95.42,first_time_use,sophisticated,roof_storey,48231,3,2,2,3,FALSE,4
Nordrhein_Westfalen,90,3,3.03,40,690,1996,79342651,gas,FALSE,Nordrhein_Westfalen,FALSE,5,600,NA,75,well_kept,sophisticated,roof_storey,47877,2,3,3,2,FALSE,3
Nordrhein_Westfalen,180,23,2.37,40,NA,NA,114342284,gas,FALSE,Nordrhein_Westfalen,TRUE,NA,410,7a,80,well_kept,normal,apartment,46117,3,2,3,3,FALSE,3
Nordrhein_Westfalen,150,12,4.54,40,NA,1912,115654313,gas,FALSE,Nordrhein_Westfalen,TRUE,1,2072,24,148,first_time_use_after_refurbishment,NA,roof_storey,50933,3,2,NA,3,FALSE,6
Hessen,90,4,1.85,NA,560,1970,72650111,oil,FALSE,Hessen,TRUE,2,380,5,75.94,fully_renovated,sophisticated,apartment,34298,3,2,2,3,FALSE,3
Nordrhein_Westfalen,103,10,3.79,2.4,566.56,1969,115648746,natural_gas_heavy,FALSE,Nordrhein_Westfalen,TRUE,2,463.56,5,68.17,NA,NA,NA,42579,3,1,3,3,FALSE,3
Sachsen,120,11,0.36,2.4,400,1912,102941612,NA,FALSE,Sachsen,TRUE,1,280,28,62.19,well_kept,NA,roof_storey,9116,2,3,NA,2,TRUE,3
Nordrhein_Westfalen,160,0,3.16,40,410,NA,106891544,gas,FALSE,Nordrhein_Westfalen,TRUE,NA,270,27,42,well_kept,NA,apartment,47799,2,2,3,2,FALSE,2
Sachsen,130,8,0,2.4,500,1906,107471383,gas,FALSE,Sachsen,FALSE,1,370,52,66.82,well_kept,NA,raised_ground_floor,9113,3,0,NA,3,TRUE,3
Sachsen,86,13,1.9,NA,445,2014,115553235,district_heating,TRUE,Sachsen,TRUE,8,359,97,35.69,NA,normal,NA,1217,1,3,NA,1,FALSE,1
Nordrhein_Westfalen,108,7,2.9,40,NA,NA,111406700,gas,FALSE,Nordrhein_Westfalen,FALSE,NA,320,44,64,modernized,NA,apartment,58334,2,0,6,2,FALSE,3
Hamburg,116,13,5.94,40,1313,2017,105145560,gas,TRUE,Hamburg,TRUE,9,1081,327,78,NA,NA,roof_storey,22337,3,NA,NA,3,FALSE,3
Berlin,140,15,7.2,40,1350,NA,114254627,NA,FALSE,Berlin,TRUE,NA,1210,61,62,NA,normal,apartment,10777,2,1,NA,2,FALSE,3
Nordrhein_Westfalen,308,8,4.12,40,1853,2017,115702632,electricity,TRUE,Nordrhein_Westfalen,TRUE,9,1411,36a,133.9,first_time_use,sophisticated,ground_floor,44263,4.5,0,3,4,TRUE,6
Berlin,125,1,8.17,10,750,1920,99676399,gas,FALSE,Berlin,TRUE,1,625,26,78.88,first_time_use_after_refurbishment,normal,ground_floor,10245,2,0,5,2,FALSE,3
Sachsen,120,4,3.51,40,385,1982,115220519,district_heating,FALSE,Sachsen,TRUE,4,265,35,47.81,well_kept,NA,apartment,4509,2,4,4,2,FALSE,2
Brandenburg,204,5,3.32,NA,1071,2018,99138073,combined_heat_and_power_renewable_energy,FALSE,Brandenburg,TRUE,9,867,1,102,first_time_use,sophisticated,roof_storey,15378,2,3,3,2,FALSE,5
Sachsen,105,4,1.72,10,325,1900,108788322,gas,FALSE,Sachsen,TRUE,1,220,18,42,well_kept,normal,apartment,1662,1,2,NA,1,FALSE,2
Schleswig_Holstein,120,9,4.92,NA,760,1896,115454504,district_heating,TRUE,Schleswig_Holstein,TRUE,1,520,17,80,well_kept,normal,apartment,24939,2,3,3,2,TRUE,3
Mecklenburg_Vorpommern,35,4,2.76,40,220.4,1985,113445663,NA,FALSE,Mecklenburg_Vorpommern,TRUE,4,155.4,78,25.9,NA,NA,NA,17235,1,1,NA,1,FALSE,1
Sachsen_Anhalt,71.03,6,0,2.4,432.09,1992,82062122,natural_gas_light,FALSE,Sachsen_Anhalt,TRUE,5,278.19,14a,59.19,well_kept,normal,roof_storey,39319,2,4,4,2,FALSE,2
Thüringen,56,15,3.23,40,385,1987,110414498,district_heating,FALSE,Thüringen,TRUE,4,289,3,44.72,first_time_use_after_refurbishment,NA,apartment,99097,1,1,NA,1,FALSE,2
Baden_Württemberg,300,11,5.83,40,2250,NA,115598921,NA,TRUE,Baden_Württemberg,TRUE,NA,1950,45712,133,NA,NA,terraced_flat,70734,3.5,2,3,3,FALSE,6
Berlin,85,8,8.67,40,714,1900,74647964,gas,FALSE,Berlin,FALSE,1,629,18,59.95,refurbished,sophisticated,apartment,13353,2,1,NA,2,FALSE,2
Schleswig_Holstein,290,16,3.19,5,1790,1895,105617541,electricity,TRUE,Schleswig_Holstein,TRUE,1,1500,6,131,mint_condition,sophisticated,maisonette,21521,5,1,2,5,TRUE,6
Hamburg,150,12,6.42,40,1855,1965,111359650,oil,TRUE,Hamburg,TRUE,2,1565,53,106,well_kept,sophisticated,ground_floor,22089,3.5,0,3,3,TRUE,5
Sachsen,160,9,1.52,NA,530,1998,115435174,district_heating,FALSE,Sachsen,TRUE,5,370,4,68.8,well_kept,NA,NA,1662,2,1,4,2,FALSE,3
Sachsen_Anhalt,70,10,1.79,40,445,1960,111659551,gas,TRUE,Sachsen_Anhalt,FALSE,2,375,101 A,58.15,well_kept,normal,apartment,6128,3,4,5,3,FALSE,2
Nordrhein_Westfalen,185,9,3.48,40,NA,NA,113663886,NA,FALSE,Nordrhein_Westfalen,FALSE,NA,650,NA,83,first_time_use_after_refurbishment,NA,NA,52538,2,NA,2,2,FALSE,4
Niedersachsen,130,7,-1.3,40,335,1991,111894719,electricity,FALSE,Niedersachsen,FALSE,5,205,0.333333333,55.27,well_kept,NA,ground_floor,29456,2,0,3,2,FALSE,2
Sachsen,180,3,0.54,2.4,640,1910,113505970,gas,FALSE,Sachsen,FALSE,1,460,8,80.25,NA,NA,apartment,9112,3,NA,NA,3,FALSE,3
Sachsen,80,5,-6.13,2.4,355,NA,114914222,coal,FALSE,Sachsen,TRUE,NA,220,26a,78,fully_renovated,normal,NA,8262,3,1,2,3,FALSE,3
Thüringen,120,8,0,40,400,1965,103107201,gas,FALSE,Thüringen,TRUE,2,280,NA,60,fully_renovated,NA,apartment,7973,3,3,3,3,FALSE,2
Hessen,180,11,4.62,40,950,1904,115698542,gas,TRUE,Hessen,FALSE,1,700,NA,60,well_kept,normal,maisonette,64283,2,NA,2,2,FALSE,2
Hessen,150,9,3.99,40,NA,NA,109101242,gas,FALSE,Hessen,FALSE,NA,896.5,1,163,first_time_use_after_refurbishment,sophisticated,ground_floor,35638,4,1,3,4,TRUE,7
Nordrhein_Westfalen,140,17,2.39,40,735,1930,111207496,gas,FALSE,Nordrhein_Westfalen,TRUE,1,595,84,102,modernized,sophisticated,maisonette,44623,4,4,5,4,FALSE,5
Bayern,170,9,6.98,40,740,1981,109205813,gas,TRUE,Bayern,FALSE,4,570,NA,65,well_kept,NA,ground_floor,94032,2,NA,2,2,FALSE,3
Nordrhein_Westfalen,75,8,3.45,40,600,NA,106609844,district_heating,FALSE,Nordrhein_Westfalen,FALSE,NA,425,3,70.96,well_kept,normal,maisonette,45879,3.5,3,3,3,FALSE,3
Baden_Württemberg,250,6,6.58,40,NA,1962,104693577,oil,FALSE,Baden_Württemberg,TRUE,2,700,7,77,well_kept,normal,apartment,75173,2,2,3,2,FALSE,3
Sachsen,71,5,0,40,242,NA,66458406,NA,FALSE,Sachsen,TRUE,NA,171,7,32.32,fully_renovated,normal,apartment,9113,2,1,4,2,TRUE,1
Thüringen,70,6,2.49,40,270,1977,110023894,district_heating,TRUE,Thüringen,TRUE,3,200,35,32,mint_condition,NA,apartment,7549,1,4,5,1,FALSE,1
Nordrhein_Westfalen,65.2,12,2.9,10,275.2,NA,97576126,gas,FALSE,Nordrhein_Westfalen,FALSE,NA,180,62,28.18,NA,normal,apartment,45468,1,2,4,1,FALSE,1
Nordrhein_Westfalen,145,16,4.98,10,1195,1957,114874054,oil,FALSE,Nordrhein_Westfalen,FALSE,2,1050,46,74.63,NA,NA,apartment,40219,3,2,6,3,FALSE,3
Mecklenburg_Vorpommern,65,1,2.57,40,305,1850,111490012,NA,FALSE,Mecklenburg_Vorpommern,FALSE,1,155,59,31,NA,NA,NA,17235,2,0,NA,2,FALSE,1
Bayern,180,11,4.98,40,1130,1999,115363838,oil,FALSE,Bayern,FALSE,5,950,NA,98,NA,NA,apartment,83233,2.5,1,NA,2,FALSE,4
Hessen,180,17,3.7,40,900,1985,80400030,oil,FALSE,Hessen,FALSE,4,720,NA,110,well_kept,NA,roof_storey,64380,4,NA,NA,4,FALSE,5
Sachsen,120,11,0,40,440,1998,105494514,NA,FALSE,Sachsen,TRUE,5,320,NA,54,fully_renovated,NA,NA,9112,2,2,4,2,TRUE,2
Sachsen,128,10,1.56,2.4,453,1990,111404327,district_heating,FALSE,Sachsen,TRUE,4,325,18,50.26,first_time_use_after_refurbishment,NA,apartment,1662,2,1,NA,2,FALSE,2
Nordrhein_Westfalen,130,8,2.48,40,730,1995,109894865,gas,FALSE,Nordrhein_Westfalen,TRUE,5,530,50a,78.05,fully_renovated,normal,apartment,58332,3,2,3,3,FALSE,3
Sachsen,129,13,0,40,354,1920,102344952,gas,FALSE,Sachsen,TRUE,1,225,4,58.66,refurbished,NA,roof_storey,9126,2,3,3,2,TRUE,2
Sachsen_Anhalt,50,7,1.6,2.4,343,1984,108534955,district_heating,FALSE,Sachsen_Anhalt,TRUE,4,238,26-33,47.57,first_time_use_after_refurbishment,NA,apartment,6128,2,2,5,2,FALSE,2
Sachsen,222,16,0,2.4,NA,1993,104400892,NA,FALSE,Sachsen,FALSE,5,500,7-13b,111.06,NA,normal,other,9355,4,NA,3,4,FALSE,5
Nordrhein_Westfalen,133,9,2.35,40,871.23,1972,113590489,gas,FALSE,Nordrhein_Westfalen,TRUE,3,648.23,74,83,NA,NA,ground_floor,52074,3,NA,NA,3,FALSE,4
Schleswig_Holstein,0,6,4,40,440,NA,82509652,oil,TRUE,Schleswig_Holstein,TRUE,NA,440,65c,20,first_time_use_after_refurbishment,sophisticated,other,25337,1,2,2,1,FALSE,1
Mecklenburg_Vorpommern,150,12,3.13,40,634.5,1935,114745033,gas,FALSE,Mecklenburg_Vorpommern,TRUE,1,484.5,0,57,modernized,NA,apartment,18057,2,NA,NA,2,FALSE,2
Sachsen,130,24,0,2.4,475,1900,110578159,gas,FALSE,Sachsen,TRUE,1,345,1,65,well_kept,normal,roof_storey,9112,2,4,4,2,FALSE,3
Baden_Württemberg,0,9,4.63,5,720,NA,115440037,NA,TRUE,Baden_Württemberg,FALSE,NA,720,0,30,well_kept,normal,NA,70329,1,NA,NA,1,FALSE,1
Nordrhein_Westfalen,220,6,3.29,40,1545,1968,107074453,gas,FALSE,Nordrhein_Westfalen,TRUE,2,1325,15,108,first_time_use_after_refurbishment,sophisticated,penthouse,33102,3,4,4,3,FALSE,5
Niedersachsen,200,13,4.23,2.4,1330,2018,110478584,natural_gas_heavy,TRUE,Niedersachsen,FALSE,9,1130,6A,102.72,mint_condition,luxury,ground_floor,30938,2.5,0,2,2,FALSE,5
Sachsen_Anhalt,100,7,1.79,100,550,1900,65691753,NA,FALSE,Sachsen_Anhalt,FALSE,1,450,110,85,fully_renovated,normal,apartment,39112,3,3,3,3,FALSE,4
Bayern,112,8,6.1,40,962,1914,83432968,combined_heat_and_power_renewable_energy,FALSE,Bayern,FALSE,1,850,NA,65,NA,NA,ground_floor,86165,2,NA,NA,2,FALSE,3
Sachsen,125,13,-0.19,40,435,1998,111073526,gas,FALSE,Sachsen,TRUE,5,310,7,59.2,refurbished,normal,NA,9126,2,1,4,2,FALSE,2
Bayern,130,6,2.51,10,920,1956,113485704,gas,FALSE,Bayern,FALSE,2,790,NA,75,fully_renovated,NA,NA,97072,3,3,3,3,FALSE,3
Sachsen_Anhalt,200,9,2.45,40,655,1911,67587072,district_heating,TRUE,Sachsen_Anhalt,TRUE,1,455,44,101,well_kept,normal,roof_storey,6844,3,3,4,3,FALSE,5
Sachsen,60,10,-0.4,40,NA,NA,109984739,gas,TRUE,Sachsen,TRUE,NA,225,5,55,well_kept,NA,apartment,9131,2,3,3,2,TRUE,2
Sachsen,137,9,0,40,440,1910,110752333,gas,FALSE,Sachsen,FALSE,1,309,76,57.2,well_kept,normal,apartment,9112,2,4,NA,2,FALSE,2
Mecklenburg_Vorpommern,75,12,1.67,40,559,1987,106998149,district_heating,FALSE,Mecklenburg_Vorpommern,TRUE,4,409,82,70.98,fully_renovated,normal,NA,18311,3,4,4,3,FALSE,3
Brandenburg,181.54,9,2.41,40,544.62,1999,111304523,district_heating,FALSE,Brandenburg,FALSE,5,363.08,1,77.25,NA,NA,NA,14712,3,3,NA,3,FALSE,3
Rheinland_Pfalz,450,11,3.39,40,NA,2015,115614489,gas:steam_district_heating,FALSE,Rheinland_Pfalz,TRUE,8,2285,NA,169,mint_condition,NA,penthouse,53474,3,5,1,3,FALSE,7
Sachsen,165,6,0,40,425,NA,109790306,gas,FALSE,Sachsen,TRUE,NA,260,3,67.98,NA,NA,other,8371,2,2,NA,2,FALSE,3
Sachsen,140,3,2.34,40,390,1929,114794464,natural_gas_light,FALSE,Sachsen,FALSE,1,250,NA,55.6,NA,NA,NA,2782,2,NA,NA,2,FALSE,2
Hessen,118,14,2.56,40,NA,1992,110821675,gas,FALSE,Hessen,TRUE,5,500,12114,74,well_kept,normal,NA,34127,3,3,3,3,FALSE,3
Hessen,150,5,5.84,40,1200,2016,107828966,NA,FALSE,Hessen,FALSE,9,1050,NA,52,mint_condition,NA,apartment,60486,2,2,6,2,FALSE,2
Sachsen_Anhalt,130,15,1.66,40,450,1890,110237309,district_heating,TRUE,Sachsen_Anhalt,FALSE,1,320,33,57.16,well_kept,normal,NA,39112,2,NA,NA,2,FALSE,2
Sachsen_Anhalt,65,6,0.47,40,400.4,1978,114210355,NA,FALSE,Sachsen_Anhalt,FALSE,3,270.4,41,52,NA,NA,other,6886,2,3,NA,2,FALSE,2
Berlin,368.76,7,6.9,NA,2244.62,2019,115174027,local_heating,FALSE,Berlin,TRUE,9,1763.63,36,160.33,first_time_use,sophisticated,apartment,13088,7,5,5,5,FALSE,7
Niedersachsen,150,4,1.99,2.4,NA,1981,111171411,natural_gas_heavy,FALSE,Niedersachsen,TRUE,4,300,13b,55,NA,NA,apartment,26954,2,NA,NA,2,FALSE,2
Sachsen,42,9,2.1,40,411,1961,113916641,district_heating,FALSE,Sachsen,TRUE,2,271,12,57.79,well_kept,normal,NA,2708,3,3,3,3,TRUE,2
Nordrhein_Westfalen,130,1,1.59,2.4,850,2009,78746864,gas,FALSE,Nordrhein_Westfalen,TRUE,7,670,NA,80,well_kept,sophisticated,apartment,53919,4,2,2,4,FALSE,3
Rheinland_Pfalz,95,6,4.4,40,1090,1950,102798276,gas,FALSE,Rheinland_Pfalz,TRUE,1,900,25,91,first_time_use_after_refurbishment,sophisticated,roof_storey,67434,3,2,2,3,FALSE,4
Schleswig_Holstein,100,18,4.66,40,860,2019,110947918,NA,TRUE,Schleswig_Holstein,FALSE,9,710,114,71,first_time_use,normal,roof_storey,25335,3,2,2,3,FALSE,3
Niedersachsen,80,5,2.35,10,1215,NA,59568153,NA,TRUE,Niedersachsen,FALSE,NA,985,NA,112,NA,NA,apartment,21335,4,3,NA,4,TRUE,5
Baden_Württemberg,170,15,4.15,40,870,1967,115406172,steam_district_heating,FALSE,Baden_Württemberg,TRUE,2,700,61,72.57,well_kept,normal,apartment,68199,3,2,3,3,FALSE,3
Baden_Württemberg,200,8,4.04,40,830,NA,114637489,NA,TRUE,Baden_Württemberg,FALSE,NA,630,NA,85,NA,NA,roof_storey,69251,2,NA,NA,2,FALSE,4
Rheinland_Pfalz,250,16,3.24,2.4,850,NA,113834836,NA,FALSE,Rheinland_Pfalz,FALSE,NA,600,60,100,well_kept,normal,apartment,53498,2.5,NA,NA,2,FALSE,4
Bayern,180,24,5.17,2.4,1075,1972,111313323,gas,TRUE,Bayern,FALSE,3,845,NA,96,modernized,NA,apartment,93080,3,1,NA,3,FALSE,4
Sachsen_Anhalt,110,4,0.18,2.4,345,1953,114336583,oil,FALSE,Sachsen_Anhalt,FALSE,2,235,2b,43,well_kept,normal,apartment,6217,1,2,4,1,FALSE,2
Baden_Württemberg,110,0,4.07,NA,520,1990,111409493,NA,TRUE,Baden_Württemberg,TRUE,4,410,NA,58,well_kept,NA,other,72160,2,2,3,2,FALSE,2
Nordrhein_Westfalen,100,14,3.84,40,415,NA,109485535,NA,FALSE,Nordrhein_Westfalen,TRUE,NA,315,30,20,well_kept,NA,apartment,57074,1,NA,3,1,FALSE,1
Sachsen_Anhalt,62,8,2.78,40,NA,1954,115692380,district_heating,FALSE,Sachsen_Anhalt,TRUE,2,381,91,52.82,refurbished,NA,NA,6128,2,2,NA,2,FALSE,2
Niedersachsen,200,6,2.89,40,1200,1990,115622841,gas,TRUE,Niedersachsen,FALSE,4,1000,12,75,first_time_use_after_refurbishment,sophisticated,half_basement,30627,3,NA,1,3,FALSE,3
Sachsen,193.86,16,3.95,40,968.74,1933,104337341,gas,FALSE,Sachsen,TRUE,1,774.88,10,96.86,first_time_use,luxury,apartment,4207,4,2,3,4,FALSE,4
Baden_Württemberg,0,9,0.09,40,715,1972,109745029,gas,TRUE,Baden_Württemberg,FALSE,3,715,NA,60,NA,NA,ground_floor,79576,1,NA,NA,1,TRUE,2
Sachsen,170,9,1.43,40,475,1920,110901988,NA,TRUE,Sachsen,TRUE,1,305,22,61,first_time_use,normal,apartment,1662,2,1,4,2,TRUE,3
Sachsen_Anhalt,140,0,1.82,2.4,480,2010,110350708,district_heating,FALSE,Sachsen_Anhalt,TRUE,7,340,86,64,NA,NA,apartment,6217,3,2,3,3,FALSE,3
Niedersachsen,200,15,3.72,NA,1600,2018,106464670,district_heating,FALSE,Niedersachsen,FALSE,9,1400,2c,70,first_time_use,luxury,NA,30173,2,0,NA,2,FALSE,3
Thüringen,65,2,0.35,40,393,1980,113147248,NA,FALSE,Thüringen,FALSE,3,253.75,3,50.71,NA,NA,other,99734,3,3,NA,3,FALSE,2
Niedersachsen,140,8,1.79,10,NA,1975,110776073,district_heating,FALSE,Niedersachsen,TRUE,3,365,59,60.7,fully_renovated,normal,apartment,26388,2,2,3,2,FALSE,2
Sachsen,140,11,2.82,40,465,1920,113475658,NA,TRUE,Sachsen,TRUE,1,325,23,65,first_time_use_after_refurbishment,sophisticated,raised_ground_floor,4838,2,1,4,2,TRUE,3
Nordrhein_Westfalen,195,4,2.39,40,694,1972,113579752,oil,FALSE,Nordrhein_Westfalen,TRUE,3,499,14,70,first_time_use_after_refurbishment,sophisticated,apartment,45279,2,6,10,2,TRUE,3
Hessen,164,5,2.1,40,416,1955,115654393,gas,FALSE,Hessen,FALSE,2,252,34,42.56,NA,NA,ground_floor,36251,2,0,NA,2,FALSE,2
Nordrhein_Westfalen,120,5,4.43,40,NA,1976,115273876,oil,FALSE,Nordrhein_Westfalen,TRUE,3,440,283,52,negotiable,NA,apartment,40223,2,3,4,2,FALSE,2
Hessen,120,17,3.08,40,744,1982,110720927,electricity,TRUE,Hessen,TRUE,4,624,26,79,NA,sophisticated,roof_storey,34125,3,2,2,3,TRUE,3
Sachsen,50,7,2.04,40,400,1900,109711782,NA,TRUE,Sachsen,FALSE,1,300,11,55,mint_condition,normal,roof_storey,4680,2,3,3,2,TRUE,2
Sachsen_Anhalt,24,6,1.48,40,370.9,1938,112962657,district_heating,FALSE,Sachsen_Anhalt,TRUE,1,240.9,19,43.8,NA,NA,roof_storey,39218,2,2,NA,2,FALSE,2
Sachsen,125,10,4.04,40,544.5,NA,113163835,gas,FALSE,Sachsen,FALSE,NA,419.5,18,53.78,refurbished,NA,apartment,4129,2,1,NA,2,TRUE,2
Nordrhein_Westfalen,60,20,3.19,40,550,1976,115421951,natural_gas_heavy,FALSE,Nordrhein_Westfalen,TRUE,3,450,35 a,47,well_kept,normal,apartment,58239,2,1,3,2,TRUE,2
Nordrhein_Westfalen,90,7,3.38,10,368,1977,112068803,oil,TRUE,Nordrhein_Westfalen,TRUE,3,228,42,42,NA,NA,apartment,47051,1.5,4,NA,1,FALSE,2
Nordrhein_Westfalen,320,14,3.29,40,NA,1982,109550557,gas,TRUE,Nordrhein_Westfalen,TRUE,4,780,NA,120,NA,NA,apartment,53179,3,1,1,3,FALSE,5
Baden_Württemberg,295,12,5.02,40,1685,2019,110733086,district_heating,FALSE,Baden_Württemberg,TRUE,9,1390,3,104,first_time_use,sophisticated,apartment,68161,3,NA,NA,3,FALSE,5
Niedersachsen,100,11,5.28,40,690,1955,78870956,gas,TRUE,Niedersachsen,TRUE,2,540,24,74,mint_condition,NA,apartment,31134,3,3,4,3,FALSE,3
Sachsen_Anhalt,100,8,1.9,40,420,NA,113811477,NA,FALSE,Sachsen_Anhalt,TRUE,NA,320,21,58,well_kept,NA,apartment,6110,2,3,NA,2,FALSE,2
Sachsen,66,15,0,40,355,1990,110681675,district_heating,FALSE,Sachsen,FALSE,4,247,2,60.27,NA,NA,ground_floor,9130,2,6,5,2,FALSE,2
Sachsen_Anhalt,35,8,1.82,40,280,NA,102721853,gas,TRUE,Sachsen_Anhalt,TRUE,NA,225,NA,24.16,mint_condition,sophisticated,raised_ground_floor,6366,1,0,3,1,FALSE,1
Sachsen,100,12,0.37,40,520,1900,115613982,gas,FALSE,Sachsen,FALSE,1,420,NA,87,fully_renovated,normal,apartment,8062,3,2,NA,3,FALSE,4
Berlin,110,19,7.08,2.4,620,2016,98325573,combined_heat_and_power_regenerative_energy,FALSE,Berlin,FALSE,9,510,21B,38,first_time_use,sophisticated,apartment,10315,1,NA,6,1,FALSE,1
Hamburg,600,14,4.89,40,NA,NA,115563174,district_heating,FALSE,Hamburg,TRUE,NA,3896,NA,211,mint_condition,NA,penthouse,22301,5,4,4,5,FALSE,7
Hessen,393,9,4.06,NA,2823,2019,112771294,pellet_heating,TRUE,Hessen,TRUE,9,2430,NA,142,first_time_use,luxury,penthouse,65817,3,4,4,3,FALSE,6
Sachsen,110,25,0.56,NA,340,NA,111171430,NA,FALSE,Sachsen,TRUE,NA,230,NA,47,refurbished,normal,apartment,9113,2,2,4,2,FALSE,2
Nordrhein_Westfalen,75,4,3.83,40,462.55,1975,52914132,oil,FALSE,Nordrhein_Westfalen,TRUE,3,327.55,NA,62,modernized,normal,apartment,32760,2,2,2,2,FALSE,3
Berlin,75,28,5.58,40,845,1997,115667595,gas:electricity,TRUE,Berlin,TRUE,5,745,NA,68,well_kept,normal,roof_storey,10318,2.5,NA,2,2,TRUE,3
Baden_Württemberg,160,8,4.41,40,960,NA,107311886,gas,TRUE,Baden_Württemberg,TRUE,NA,800,3,95,fully_renovated,sophisticated,other,89584,4.5,1,2,4,TRUE,4
Bayern,80,6,5.15,40,1624.6,1903,106112204,gas,TRUE,Bayern,TRUE,1,1419.6,1,109.2,first_time_use_after_refurbishment,sophisticated,roof_storey,90409,5,4,4,5,FALSE,5
Baden_Württemberg,0,11,0.66,40,1180,1918,112030772,gas,TRUE,Baden_Württemberg,FALSE,1,1180,NA,78,NA,NA,NA,79539,3.5,3,NA,3,FALSE,3
Niedersachsen,200,7,-0.43,NA,1400,2013,115548503,gas,TRUE,Niedersachsen,FALSE,8,1200,NA,109,mint_condition,NA,other,26721,3,NA,NA,3,FALSE,5
Hessen,270,7,5.32,10,NA,1993,106784832,gas,TRUE,Hessen,TRUE,5,880,NA,91,NA,NA,NA,63075,3,1,3,3,FALSE,4
Sachsen,53,8,1.36,NA,356,1895,113445242,district_heating,FALSE,Sachsen,TRUE,1,250,16,48.6,NA,normal,apartment,1662,2,3,4,2,FALSE,2
Thüringen,100,2,-0.16,2.4,360,1966,113779507,district_heating,FALSE,Thüringen,TRUE,2,260,29,46.05,refurbished,NA,apartment,99817,2,2,4,2,FALSE,2
Sachsen,59.82,10,0.95,40,412.82,1960,115650325,district_heating,FALSE,Sachsen,TRUE,2,298.16,31,49.85,first_time_use_after_refurbishment,normal,NA,9337,2,2,3,2,FALSE,2
Sachsen,120,12,0,40,435,1910,107379478,NA,FALSE,Sachsen,TRUE,1,315,NA,65.37,refurbished,NA,ground_floor,9113,2,0,4,2,FALSE,3
Sachsen,120,12,3.13,40,525,NA,111239734,gas,FALSE,Sachsen,TRUE,NA,405,20,57.81,first_time_use,sophisticated,ground_floor,4808,3,1,4,3,TRUE,2
Sachsen,120,8,1.3,2.4,383,1995,111364293,district_heating,FALSE,Sachsen,TRUE,5,263,NA,44.81,NA,normal,roof_storey,1705,1,3,NA,1,TRUE,2
Sachsen,115,7,3.39,40,410,1928,90517585,gas,TRUE,Sachsen,TRUE,1,295,288a,50,refurbished,normal,roof_storey,4159,2,1,4,2,FALSE,2
Nordrhein_Westfalen,90,9,3.26,40,585,1971,115641548,district_heating,FALSE,Nordrhein_Westfalen,TRUE,3,495,122a,45,first_time_use_after_refurbishment,sophisticated,ground_floor,42119,2,0,3,2,FALSE,2
Nordrhein_Westfalen,80,8,3.12,40,460,1962,115466816,district_heating,TRUE,Nordrhein_Westfalen,TRUE,2,330,12,38.68,well_kept,normal,ground_floor,47051,1,0,4,1,FALSE,1
Baden_Württemberg,125,4,4.01,NA,700,2019,112852131,NA,TRUE,Baden_Württemberg,FALSE,9,575,NA,28.08,NA,sophisticated,roof_storey,72760,1,2,3,1,FALSE,1
Nordrhein_Westfalen,300.96,11,2.13,NA,1228.84,2018,109382810,gas,FALSE,Nordrhein_Westfalen,TRUE,9,902.88,440,100.32,first_time_use,sophisticated,ground_floor,52076,3,0,2,3,FALSE,4
Nordrhein_Westfalen,150,0,1.61,40,600,NA,112776881,gas,FALSE,Nordrhein_Westfalen,TRUE,NA,450,NA,86,well_kept,normal,apartment,33824,3,1,1,3,TRUE,4
Brandenburg,95.4,3,1.5,40,459.8,1960,110274700,NA,FALSE,Brandenburg,FALSE,2,293.08,4,59.43,NA,NA,other,3238,2.5,3,NA,2,FALSE,2
Rheinland_Pfalz,NA,24,3.29,10,1160,1980,112559042,gas,TRUE,Rheinland_Pfalz,FALSE,3,990,17,116,first_time_use_after_refurbishment,sophisticated,apartment,66851,4,1,2,4,FALSE,5
Brandenburg,169.06,16,6.28,NA,1291.9,2019,113503705,NA,FALSE,Brandenburg,TRUE,9,1084.56,42186,84.6,first_time_use,NA,apartment,14745,3,3,4,3,TRUE,4
Niedersachsen,288,5,2.84,40,881,2020,115635736,NA,FALSE,Niedersachsen,FALSE,9,593,1A,82.31,first_time_use,sophisticated,apartment,31787,3,1,NA,3,FALSE,4
Bayern,100,6,4.35,2.4,NA,2020,113289167,NA,FALSE,Bayern,TRUE,9,750,0.291666667,67,first_time_use,sophisticated,NA,83126,2,NA,3,2,FALSE,3
Niedersachsen,68,4,1.03,40,NA,1957,83316964,natural_gas_light,FALSE,Niedersachsen,FALSE,2,233.1,33,41.63,fully_renovated,NA,apartment,38229,1,1,NA,1,FALSE,2
Thüringen,90,5,0,40,245,1977,83959161,district_heating,FALSE,Thüringen,TRUE,3,155,30,30.9,mint_condition,normal,apartment,99444,1,2,5,1,FALSE,1
Hamburg,170,8,3.06,NA,NA,1971,88404830,gas,TRUE,Hamburg,TRUE,3,690,41,96.2,refurbished,sophisticated,apartment,22559,2,1,2,2,FALSE,4
Nordrhein_Westfalen,140,20,5.97,10,920,1981,79245153,gas,FALSE,Nordrhein_Westfalen,TRUE,4,720,53,143,modernized,normal,roof_storey,33102,4,3,3,4,FALSE,6
Nordrhein_Westfalen,110,9,4.35,10,NA,NA,52759276,gas,FALSE,Nordrhein_Westfalen,TRUE,NA,480,19,69,modernized,sophisticated,apartment,44975,3.5,2,2,3,FALSE,3
Berlin,410.05,11,6.58,40,3362.41,2019,114570388,NA,FALSE,Berlin,TRUE,9,2952.36,23,164,mint_condition,NA,apartment,10439,4,NA,NA,4,FALSE,7
Bayern,210,0,4.6,40,1080,2013,115626536,NA,FALSE,Bayern,TRUE,8,870,3,83,NA,NA,maisonette,83512,3,NA,NA,3,FALSE,4
Thüringen,128,6,1.94,40,493,NA,115648582,NA,FALSE,Thüringen,FALSE,NA,365,2,51,fully_renovated,normal,NA,99086,1,2,NA,1,FALSE,2
Nordrhein_Westfalen,120,12,3.39,10,603,1968,81203271,natural_gas_light,FALSE,Nordrhein_Westfalen,TRUE,2,435,172-176,65,modernized,normal,apartment,44388,3,0,3,3,FALSE,3
Bayern,200,11,3.59,10,1050,1980,113856449,gas,TRUE,Bayern,FALSE,3,850,NA,180,negotiable,NA,ground_floor,91781,4,1,2,4,FALSE,7
Baden_Württemberg,170,22,6.65,40,1695,2012,113488115,gas,TRUE,Baden_Württemberg,TRUE,8,1305,45673,145,mint_condition,sophisticated,apartment,74172,4,1,2,4,FALSE,6
Nordrhein_Westfalen,50,5,3.33,40,NA,1904,106867800,district_heating,FALSE,Nordrhein_Westfalen,FALSE,1,250,29,25.65,NA,NA,ground_floor,46045,1,0,NA,1,FALSE,1
Sachsen_Anhalt,150,17,1.77,40,395,NA,115618465,NA,TRUE,Sachsen_Anhalt,TRUE,NA,245,21,49,well_kept,normal,roof_storey,39221,2,3,3,2,FALSE,2
Sachsen,320,14,1.37,40,1135,1850,113867269,NA,FALSE,Sachsen,TRUE,1,815,80F,148.14,fully_renovated,NA,apartment,1662,4,2,3,4,TRUE,6
Nordrhein_Westfalen,75,10,4.28,40,755,1980,113725366,electricity,FALSE,Nordrhein_Westfalen,TRUE,3,600,48,50,fully_renovated,sophisticated,maisonette,40221,3,2,2,3,FALSE,2
Schleswig_Holstein,130,1,3.25,40,488,1963,113220182,gas,FALSE,Schleswig_Holstein,TRUE,2,358,10,49.36,well_kept,normal,apartment,23879,2,1,NA,2,FALSE,2
Sachsen,77.45,5,5,40,478.14,1976,106608673,NA,FALSE,Sachsen,FALSE,3,335.15,7,57.03,refurbished,NA,NA,4349,3,3,5,3,FALSE,2
Bayern,200,13,4.55,40,1130,2019,113742465,gas,FALSE,Bayern,TRUE,9,930,7,71.56,first_time_use,sophisticated,penthouse,85368,2,2,2,2,FALSE,3
Thüringen,95,8,3.85,NA,325,NA,105705931,NA,FALSE,Thüringen,TRUE,NA,230,61,46.28,refurbished,normal,roof_storey,7545,1,4,4,1,FALSE,2
Brandenburg,87,13,4.92,NA,893,2019,114865501,local_heating,FALSE,Brandenburg,TRUE,9,750,123 d,63.51,first_time_use,sophisticated,roof_storey,14979,2,3,3,2,FALSE,3
Niedersachsen,70,1,0,40,430,1994,110517537,oil,FALSE,Niedersachsen,TRUE,5,300,5,58,modernized,normal,roof_storey,29378,2,3,3,2,FALSE,2
Sachsen,140,11,0.19,40,496,1965,113536544,gas,FALSE,Sachsen,FALSE,2,356,22,68.5,well_kept,NA,NA,8371,4,3,NA,4,FALSE,3
Sachsen,105,8,0.19,40,324,1968,111249142,NA,FALSE,Sachsen,FALSE,2,219,116,46.6,well_kept,NA,apartment,9127,2,2,4,2,FALSE,2
Nordrhein_Westfalen,491.25,16,6.11,10,2191.25,2013,102748464,geothermal,TRUE,Nordrhein_Westfalen,FALSE,8,1700,NA,85,mint_condition,luxury,ground_floor,40231,2,0,3,2,FALSE,4
Brandenburg,107.09,4,6.28,NA,979.07,2019,110128871,NA,FALSE,Brandenburg,TRUE,9,803.15,59/61,76.49,first_time_use,sophisticated,apartment,15745,3,2,3,3,FALSE,3
Nordrhein_Westfalen,150,6,3.35,40,684,NA,115660248,NA,TRUE,Nordrhein_Westfalen,TRUE,NA,534,36,60,NA,NA,apartment,46509,2,2,3,2,FALSE,2
Nordrhein_Westfalen,50,5,3.2,40,369,1952,111198246,district_heating,FALSE,Nordrhein_Westfalen,FALSE,2,285,26,33.5,first_time_use,sophisticated,roof_storey,45663,1,2,2,1,FALSE,1
Hessen,280,6,3.48,40,617,1910,111719283,district_heating,FALSE,Hessen,FALSE,1,337,40,62,NA,NA,NA,35394,2,NA,NA,2,FALSE,3
Nordrhein_Westfalen,113,11,2.07,40,500,1967,113803576,gas,FALSE,Nordrhein_Westfalen,TRUE,2,300,14,66.69,well_kept,normal,apartment,58791,3,2,2,3,FALSE,3
Sachsen,270,3,2.06,40,1337,NA,88163455,NA,FALSE,Sachsen,TRUE,NA,1067,1,101.56,mint_condition,NA,apartment,1067,4,3,NA,4,FALSE,5
Sachsen,150,11,0,2.4,NA,1920,109674779,gas,TRUE,Sachsen,TRUE,1,360,19,61,fully_renovated,NA,apartment,9116,2,1,2,2,TRUE,3
Sachsen_Anhalt,160,8,1.36,10,520,NA,109624470,district_heating,FALSE,Sachsen_Anhalt,TRUE,NA,360,6,60,NA,normal,NA,6749,3,1,NA,3,FALSE,2
Baden_Württemberg,300,15,3.77,10,1650,NA,109865792,natural_gas_light,FALSE,Baden_Württemberg,TRUE,NA,1350,NA,117,mint_condition,sophisticated,maisonette,68239,3,2,2,3,FALSE,5
Bayern,0,29,5.89,40,1800,2001,113440710,gas,FALSE,Bayern,FALSE,6,1800,37,68,NA,NA,NA,80992,2.5,4,NA,2,FALSE,3
Sachsen,345.53,17,5.31,40,2145.53,NA,110364090,NA,TRUE,Sachsen,TRUE,NA,1800,13,150.23,first_time_use,NA,apartment,4105,4,2,6,4,FALSE,6
Bayern,380,13,5.18,40,1480,NA,113532918,district_heating,TRUE,Bayern,FALSE,NA,1100,5a,92,well_kept,normal,maisonette,85247,4,NA,NA,4,FALSE,4
Sachsen_Anhalt,185,11,2.44,40,635,1992,65749418,gas,TRUE,Sachsen_Anhalt,FALSE,5,450,30,101,NA,normal,apartment,39638,4,2,3,4,FALSE,5
Nordrhein_Westfalen,85,9,3.34,2.4,450,1952,51607763,gas,TRUE,Nordrhein_Westfalen,FALSE,2,365,64,54,modernized,normal,roof_storey,45711,2,3,3,2,FALSE,2
Sachsen,80,6,2,10,339,2013,73732010,natural_gas_light,TRUE,Sachsen,FALSE,8,259,5,39,mint_condition,sophisticated,NA,9337,1,1,1,1,FALSE,1
Nordrhein_Westfalen,85,5,3.41,40,455,NA,111299477,NA,FALSE,Nordrhein_Westfalen,TRUE,NA,295,14,55,modernized,normal,ground_floor,45896,2,NA,NA,2,TRUE,2
Nordrhein_Westfalen,50,6,3.39,40,NA,1979,92663867,gas,FALSE,Nordrhein_Westfalen,FALSE,3,250,NA,15,well_kept,NA,apartment,48683,1,2,NA,1,FALSE,1
Sachsen_Anhalt,49,1,1.02,2.4,NA,1970,113769323,gas,FALSE,Sachsen_Anhalt,TRUE,2,365,20,54.43,NA,NA,NA,6618,3,3,NA,3,FALSE,2
Schleswig_Holstein,86,8,3.26,10,823,2014,111148552,gas,TRUE,Schleswig_Holstein,FALSE,8,737,NA,86.75,mint_condition,NA,roof_storey,24768,2,NA,NA,2,FALSE,4
Hessen,1200,3,5.1,40,NA,2019,113573895,gas,TRUE,Hessen,TRUE,9,10000,NA,440,first_time_use,luxury,apartment,60487,8.5,1,4,5,FALSE,7
Berlin,372.29,16,6.83,40,2992.67,1992,111389979,district_heating,TRUE,Berlin,TRUE,5,2481.92,20,155.12,well_kept,sophisticated,apartment,10719,4,7,8,4,FALSE,7
Schleswig_Holstein,240,3,7.39,NA,NA,1930,115381527,gas,TRUE,Schleswig_Holstein,FALSE,1,645,NA,121,fully_renovated,NA,ground_floor,25379,4,0,NA,4,TRUE,6
Hamburg,260,11,4.38,10,1978,1900,109525218,district_heating,TRUE,Hamburg,FALSE,1,1568,17,116,modernized,sophisticated,roof_storey,20146,2,4,4,2,FALSE,5
Sachsen_Anhalt,152,11,1.87,40,600,NA,113232572,NA,FALSE,Sachsen_Anhalt,FALSE,NA,448,7,64,refurbished,normal,NA,39104,2,1,4,2,FALSE,3
Sachsen,130,9,1.64,40,400,1900,89251643,gas,TRUE,Sachsen,TRUE,1,270,10,50,well_kept,NA,apartment,1705,2,2,3,2,TRUE,2
Thüringen,130,8,1.96,40,399,1900,105099873,gas,FALSE,Thüringen,TRUE,1,269,3a,64,NA,NA,apartment,7551,3,NA,NA,3,FALSE,3
Thüringen,65,5,2.26,40,435,1911,96342652,gas,FALSE,Thüringen,TRUE,1,300,9,60,first_time_use_after_refurbishment,sophisticated,apartment,4600,2,0,3,2,FALSE,2
Sachsen,138,7,0,40,396,NA,110599265,gas,FALSE,Sachsen,FALSE,NA,258,407,60.08,well_kept,normal,NA,9125,2,3,3,2,FALSE,2
Rheinland_Pfalz,160,0,0,40,680,1990,89397589,gas,TRUE,Rheinland_Pfalz,TRUE,4,520,17,105,well_kept,normal,apartment,67757,4,0,3,4,TRUE,5
Sachsen,70,9,4.6,10,410,2016,109822750,gas,TRUE,Sachsen,TRUE,9,340,19,29.8,NA,normal,NA,1067,1,2,NA,1,FALSE,1
Nordrhein_Westfalen,130,5,4.62,40,NA,1971,113712171,district_heating,FALSE,Nordrhein_Westfalen,TRUE,3,509,13,68.25,NA,NA,apartment,40789,3,3,3,3,FALSE,3
Nordrhein_Westfalen,115,8,3.87,2.4,615,NA,110752238,NA,FALSE,Nordrhein_Westfalen,TRUE,NA,500,26,60.38,well_kept,normal,apartment,52068,2,2,2,2,TRUE,2
Rheinland_Pfalz,200,5,3.43,40,1200,NA,113702173,NA,FALSE,Rheinland_Pfalz,FALSE,NA,1000,NA,130,NA,sophisticated,other,76870,6,2,2,5,FALSE,6
Nordrhein_Westfalen,240,12,3.73,40,1190,1910,115592784,NA,TRUE,Nordrhein_Westfalen,TRUE,1,950,127,111,modernized,luxury,other,41236,3,2,2,3,FALSE,5
Sachsen,100,12,2.48,NA,546,2018,107383323,district_heating,FALSE,Sachsen,TRUE,9,446,NA,40.6,NA,sophisticated,apartment,1309,2,5,6,2,TRUE,1
Nordrhein_Westfalen,250,28,3.69,10,827.5,1997,112332567,gas,FALSE,Nordrhein_Westfalen,TRUE,5,577.5,34,77,well_kept,sophisticated,maisonette,42659,2.5,3,3,2,FALSE,3
Bayern,150,6,1.87,40,540,1975,115534209,oil,TRUE,Bayern,FALSE,3,390,3,76,well_kept,normal,roof_storey,94357,3,3,3,3,TRUE,3
Sachsen,130,14,0.95,2.4,450,NA,115591698,NA,FALSE,Sachsen,TRUE,NA,320,35,53,first_time_use_after_refurbishment,NA,other,9337,2,1,2,2,FALSE,2
Schleswig_Holstein,170,1,2.93,40,820,NA,113166929,NA,TRUE,Schleswig_Holstein,FALSE,NA,650,NA,100,NA,NA,ground_floor,24589,3,NA,NA,3,TRUE,4
Thüringen,165,13,1.92,40,425,1965,68669244,oil,FALSE,Thüringen,TRUE,2,260,NA,58,refurbished,normal,apartment,99976,3,1,4,3,FALSE,2
Rheinland_Pfalz,110,8,4.74,10,840,NA,111019200,gas,TRUE,Rheinland_Pfalz,TRUE,NA,640,38,98,modernized,sophisticated,apartment,56130,3,NA,NA,3,FALSE,4
Rheinland_Pfalz,115,19,5.06,10,875,NA,93218597,NA,TRUE,Rheinland_Pfalz,TRUE,NA,660,16,78.3,refurbished,sophisticated,maisonette,67059,2.5,2,3,2,FALSE,3
Sachsen,83,3,0.79,10,578,1997,115669212,gas,FALSE,Sachsen,FALSE,5,402,49a,76,modernized,NA,ground_floor,4736,3,0,NA,3,FALSE,3
Bayern,130,4,2.78,2.4,600,2014,75885774,oil,TRUE,Bayern,TRUE,8,470,NA,39,mint_condition,normal,apartment,85405,1,1,2,1,FALSE,1
Sachsen,125,15,3.43,40,445,2001,115418653,gas,FALSE,Sachsen,TRUE,6,320,13,55.35,mint_condition,normal,apartment,4318,2,1,NA,2,TRUE,2
Sachsen,50,8,2.66,40,315,1961,111262796,natural_gas_heavy,FALSE,Sachsen,TRUE,2,210,53,46,NA,NA,apartment,4838,2,3,3,2,FALSE,2
Nordrhein_Westfalen,60,12,3.27,40,358,NA,115539524,gas,FALSE,Nordrhein_Westfalen,TRUE,NA,298,NA,40,modernized,sophisticated,apartment,44879,2,1,1,2,FALSE,1
Thüringen,140,13,2.03,40,495,1974,115285613,district_heating,FALSE,Thüringen,TRUE,3,355,41,70.32,well_kept,NA,apartment,7549,4,5,5,4,TRUE,3
Sachsen,60,12,4.84,40,571.2,NA,115205907,NA,FALSE,Sachsen,FALSE,NA,451.2,16,56.4,NA,NA,apartment,4103,2,1,NA,2,FALSE,2
Baden_Württemberg,180,5,5.5,NA,1490,2019,113583268,NA,TRUE,Baden_Württemberg,TRUE,9,1310,45667,96.23,first_time_use,sophisticated,ground_floor,73660,4,1,2,4,TRUE,4
Nordrhein_Westfalen,87.45,5,2.27,40,464.48,1954,109002201,district_heating,FALSE,Nordrhein_Westfalen,TRUE,2,318,262,52.7,fully_renovated,normal,apartment,44651,2,2,3,2,FALSE,2
Sachsen_Anhalt,90,5,1.89,NA,260,NA,103736492,NA,FALSE,Sachsen_Anhalt,FALSE,NA,170,NA,37.91,well_kept,NA,apartment,6502,1,1,2,1,FALSE,1
Nordrhein_Westfalen,153,8,3.13,40,566.5,1972,112791201,gas,FALSE,Nordrhein_Westfalen,TRUE,3,364.5,37,60.75,NA,NA,apartment,44575,2,3,NA,2,FALSE,2
Hessen,202,5,4.23,40,588,1957,107343031,gas,FALSE,Hessen,TRUE,2,386,4,64.33,NA,NA,ground_floor,34121,3,0,NA,3,FALSE,3
Sachsen,75,7,-0.2,40,231,1935,110753898,gas,FALSE,Sachsen,TRUE,1,156,89,33.9,well_kept,normal,apartment,9131,1,1,NA,1,FALSE,1
Sachsen_Anhalt,76.34,6,4.01,40,NA,1962,109996398,gas,FALSE,Sachsen_Anhalt,TRUE,2,411.04,7,58.72,NA,NA,NA,6130,3,4,NA,3,FALSE,2
Hessen,200,11,3.77,2.4,1690,1895,104550631,gas,TRUE,Hessen,TRUE,1,1490,NA,158,well_kept,normal,apartment,65193,4.5,2,3,4,FALSE,7
Nordrhein_Westfalen,160,14,4.1,40,1050,NA,115686629,gas,FALSE,Nordrhein_Westfalen,FALSE,NA,890,15,70,first_time_use_after_refurbishment,sophisticated,maisonette,40221,2,NA,NA,2,FALSE,3
Baden_Württemberg,0,6,1.57,40,775,1994,94043494,gas,TRUE,Baden_Württemberg,FALSE,5,775,NA,34,NA,NA,ground_floor,79576,1,NA,NA,1,FALSE,1
Berlin,231,29,10.34,40,899,1957,107060125,gas,FALSE,Berlin,FALSE,2,668,100,81.14,modernized,sophisticated,NA,13629,3,4,NA,3,FALSE,4
Nordrhein_Westfalen,340,19,2.5,40,1640,2005,42905112,gas,FALSE,Nordrhein_Westfalen,TRUE,6,1300,31,160,mint_condition,sophisticated,maisonette,45470,4,2,2,4,TRUE,7
Sachsen_Anhalt,209,28,1.87,10,794,NA,110151555,natural_gas_light,FALSE,Sachsen_Anhalt,TRUE,NA,585,10,83.49,refurbished,sophisticated,roof_storey,39104,2,4,4,2,FALSE,4
Nordrhein_Westfalen,60,4,2.68,40,440,NA,114413178,gas,FALSE,Nordrhein_Westfalen,FALSE,NA,320,16,49.81,well_kept,normal,apartment,47137,2,1,NA,2,FALSE,2
Sachsen_Anhalt,148.2,10,2.13,2.4,906.3,1979,109756580,local_heating,FALSE,Sachsen_Anhalt,TRUE,3,604.4,28,114,first_time_use_after_refurbishment,normal,apartment,39120,6,3,4,5,FALSE,5
Berlin,85,15,8.28,40,1100,1905,113663285,oil,TRUE,Berlin,FALSE,1,973,2,57.95,NA,NA,apartment,10553,2,1,7,2,FALSE,2
Sachsen,76,2,1.82,2.4,422,1962,108636657,NA,FALSE,Sachsen,FALSE,2,296,21,60.9,NA,NA,NA,2977,3,2,NA,3,FALSE,2
Sachsen,138.71,5,4.84,10,488.51,1910,91354413,gas,FALSE,Sachsen,TRUE,1,349.8,26,60.31,refurbished,normal,apartment,4129,2,2,4,2,FALSE,2
Thüringen,92,2,4.05,40,332,NA,110746431,district_heating,FALSE,Thüringen,TRUE,NA,240,15,31.5,fully_renovated,NA,apartment,99089,1,0,2,1,TRUE,1
Baden_Württemberg,120,1,5.03,40,780,1993,115659210,natural_gas_light,TRUE,Baden_Württemberg,FALSE,5,660,NA,68,well_kept,normal,other,89075,2,1,4,2,FALSE,3
Nordrhein_Westfalen,350,6,NA,NA,1800,2016,91326253,gas,FALSE,Nordrhein_Westfalen,TRUE,9,1450,111,146,mint_condition,luxury,apartment,42113,4,1,3,4,FALSE,6
Berlin,485,8,7.56,NA,2700,2019,115589954,district_heating,TRUE,Berlin,TRUE,9,2215,21,119,mint_condition,sophisticated,apartment,10963,4,6,12,4,FALSE,5
Brandenburg,195,5,4.66,2.4,796.5,1995,54177254,NA,FALSE,Brandenburg,TRUE,5,586,56,95,well_kept,normal,roof_storey,15517,3,NA,NA,3,FALSE,4
Baden_Württemberg,0,6,7.15,40,1509,2018,109913191,NA,FALSE,Baden_Württemberg,FALSE,9,1832,26,66,mint_condition,NA,NA,74076,2,1,5,2,FALSE,3
Rheinland_Pfalz,125,1,5.3,40,485,1990,111000106,natural_gas_light,TRUE,Rheinland_Pfalz,TRUE,4,360,37,61.5,well_kept,normal,apartment,56566,2,1,2,2,FALSE,3
Baden_Württemberg,132,5,6.55,40,757,1992,111369194,gas,FALSE,Baden_Württemberg,FALSE,5,625,77,56.65,NA,NA,apartment,74321,2,1,NA,2,FALSE,2
Sachsen,140,3,3.51,40,400,1981,32326032,district_heating,FALSE,Sachsen,TRUE,4,260,27,60,modernized,normal,apartment,4564,3,5,5,3,FALSE,2
Brandenburg,95,11,3.13,40,593.17,NA,113152693,NA,FALSE,Brandenburg,FALSE,NA,498.17,19,65.81,NA,normal,apartment,15562,3,1,2,3,FALSE,3
Nordrhein_Westfalen,140,5,4.42,40,693,1973,113680965,gas,FALSE,Nordrhein_Westfalen,TRUE,3,489,18,69.15,NA,NA,apartment,44328,3,3,NA,3,FALSE,3
Sachsen,185,10,4.35,NA,580,1922,59678674,gas,FALSE,Sachsen,TRUE,1,395,8,105,refurbished,normal,apartment,8209,3,2,4,3,TRUE,5
Baden_Württemberg,200,29,4.33,10,1500,1910,101752179,district_heating,TRUE,Baden_Württemberg,TRUE,1,1300,28,95,first_time_use_after_refurbishment,luxury,apartment,68167,4,4,4,4,FALSE,4
Nordrhein_Westfalen,130,3,3.23,2.4,620,1999,56885815,gas,FALSE,Nordrhein_Westfalen,TRUE,5,490,131 c,79.25,mint_condition,sophisticated,half_basement,50127,2,0,2,2,TRUE,3
Sachsen,100,6,0,40,335,1898,100909679,gas,FALSE,Sachsen,FALSE,1,235,14,42,fully_renovated,normal,apartment,8056,2,2,NA,2,FALSE,2
Nordrhein_Westfalen,185,2,2.96,NA,680.16,1984,113575331,gas,FALSE,Nordrhein_Westfalen,FALSE,4,405.16,62-64,76.55,NA,NA,roof_storey,45468,3,NA,NA,3,FALSE,3
Nordrhein_Westfalen,170,3,4.86,40,800,2017,95152506,gas,FALSE,Nordrhein_Westfalen,TRUE,9,630,39,94,mint_condition,NA,maisonette,48432,3,3,3,3,FALSE,4
Sachsen_Anhalt,170,7,1.35,2.4,495,1920,113965843,gas,FALSE,Sachsen_Anhalt,TRUE,1,325,NA,74.82,mint_condition,sophisticated,roof_storey,6618,3,3,NA,3,FALSE,3
Sachsen,113,17,0.38,40,362,1996,114373476,district_heating,TRUE,Sachsen,TRUE,5,249,25,49.37,well_kept,normal,apartment,9125,2,2,5,2,FALSE,2
Brandenburg,115,8,2.3,40,371,1969,111270887,district_heating,FALSE,Brandenburg,TRUE,2,256,7a,53.36,NA,NA,apartment,17291,2,3,NA,2,FALSE,2
Saarland,200,20,2.99,10,850,1936,106598066,NA,TRUE,Saarland,TRUE,1,650,NA,107,NA,NA,apartment,66125,3,1,NA,3,FALSE,5
Nordrhein_Westfalen,145,3,3.51,40,414.59,1973,107312659,district_heating,FALSE,Nordrhein_Westfalen,TRUE,3,269.59,30,64.81,well_kept,NA,ground_floor,32657,2,0,NA,2,FALSE,3
Berlin,90,4,8.57,40,490,1968,106960235,oil,FALSE,Berlin,TRUE,2,400,17,30,mint_condition,sophisticated,NA,10717,1,1,7,1,FALSE,1
Berlin,140,0,6.55,40,480,NA,115469335,NA,TRUE,Berlin,FALSE,NA,340,17,20,NA,NA,apartment,12459,1,4,4,1,FALSE,1
Rheinland_Pfalz,NA,0,5.58,40,700,1980,115709069,NA,FALSE,Rheinland_Pfalz,TRUE,3,530,6,76,modernized,NA,roof_storey,56179,3,3,3,3,FALSE,3
Bayern,0,17,5.77,10,1370,1950,112298467,NA,TRUE,Bayern,FALSE,1,1370,NA,65,NA,NA,ground_floor,97082,2,NA,NA,2,FALSE,3
Sachsen,210,10,1.12,40,730,1939,113834154,gas,TRUE,Sachsen,TRUE,1,520,NA,95,refurbished,NA,raised_ground_floor,9130,4,0,3,4,FALSE,4
Niedersachsen,132.34,11,4.32,40,600,1963,113826024,gas,FALSE,Niedersachsen,TRUE,2,387.66,7,52.53,modernized,NA,apartment,30179,2,2,NA,2,FALSE,2
Nordrhein_Westfalen,250,2,3.45,2.4,NA,1975,110357080,oil,FALSE,Nordrhein_Westfalen,FALSE,3,515,NA,123,well_kept,NA,apartment,53902,4,1,NA,4,TRUE,6
Nordrhein_Westfalen,NA,7,3.07,2.4,600,NA,111062934,NA,TRUE,Nordrhein_Westfalen,TRUE,NA,530,67,60,NA,NA,apartment,44265,2,NA,NA,2,FALSE,2
Nordrhein_Westfalen,220,17,3.99,10,1620,2018,106821984,geothermal,FALSE,Nordrhein_Westfalen,TRUE,9,1400,73,110.72,first_time_use,sophisticated,ground_floor,40883,2.5,0,2,2,TRUE,5
Hamburg,254,9,4.96,40,NA,2019,113689828,NA,FALSE,Hamburg,TRUE,9,1329,27b,91,NA,NA,apartment,22529,3,2,4,3,FALSE,4
Bayern,150,9,7.14,40,845,1987,106730510,gas,TRUE,Bayern,TRUE,4,695,NA,85,well_kept,normal,apartment,84489,3,1,3,3,FALSE,4
Sachsen,73.68,5,2.39,40,478.92,1977,114842559,NA,FALSE,Sachsen,FALSE,3,337.7,6,61.4,refurbished,NA,NA,4357,3,3,5,3,FALSE,3
Sachsen,144,13,4.05,40,594,1900,106463764,gas,FALSE,Sachsen,TRUE,1,450,111,65,NA,NA,apartment,4416,3,2,NA,3,FALSE,3
Mecklenburg_Vorpommern,60,8,1.02,2.4,615,1967,109001650,district_heating,FALSE,Mecklenburg_Vorpommern,FALSE,2,355,35,71.2,refurbished,normal,apartment,17219,4,2,5,4,FALSE,3
Berlin,90,15,9.1,40,1190,1905,111411127,gas,TRUE,Berlin,FALSE,1,1100,60a,58.3,NA,NA,apartment,13187,2,2,NA,2,FALSE,2
Nordrhein_Westfalen,330,6,2.97,40,1430,2014,111305714,geothermal,FALSE,Nordrhein_Westfalen,TRUE,8,1100,96,117,NA,sophisticated,ground_floor,42285,3,NA,NA,3,FALSE,5
Bayern,180,3,5.44,NA,1155,2011,63611577,oil,FALSE,Bayern,TRUE,8,925,NA,96.6,mint_condition,sophisticated,ground_floor,86940,3,NA,NA,3,TRUE,4
Sachsen,250,13,2.34,2.4,1270,1893,95506634,gas,FALSE,Sachsen,TRUE,1,1020,107,110,mint_condition,sophisticated,NA,1169,3,2,3,3,TRUE,5
Sachsen,220,12,4.08,10,995,1900,106219126,gas,FALSE,Sachsen,FALSE,1,775,9,124.33,NA,sophisticated,apartment,8523,5,5,NA,5,FALSE,6
Saarland,180,15,2.99,NA,815,1999,110879519,gas,FALSE,Saarland,TRUE,5,530,1,87,fully_renovated,sophisticated,apartment,66113,3,3,3,3,FALSE,4
Sachsen,145.16,9,0.62,40,450.76,NA,114689579,NA,TRUE,Sachsen,FALSE,NA,305.6,29,76.4,refurbished,normal,NA,9130,3,1,4,3,FALSE,3
Nordrhein_Westfalen,130,10,3.08,40,725,1920,115534374,gas,FALSE,Nordrhein_Westfalen,TRUE,1,595,20,79,refurbished,normal,apartment,42287,3,1,3,3,TRUE,3
Niedersachsen,75,11,5.19,10,605,1950,63065090,district_heating,TRUE,Niedersachsen,FALSE,1,470,4,60,NA,NA,apartment,38118,3,2,4,3,FALSE,2
Nordrhein_Westfalen,191.38,9,3.47,2.4,NA,1995,115119475,NA,FALSE,Nordrhein_Westfalen,TRUE,5,413.22,13,76.55,NA,NA,apartment,50127,3,1,3,3,FALSE,3
Bayern,0,20,7.22,10,1350,1963,111295037,gas,FALSE,Bayern,FALSE,2,1350,43,40,NA,NA,NA,81539,1,3,NA,1,FALSE,1
Nordrhein_Westfalen,163.46,0,2.87,NA,882.68,2020,114455144,NA,FALSE,Nordrhein_Westfalen,FALSE,9,653.84,3 a+b,81.73,first_time_use,sophisticated,apartment,59174,3,2,NA,3,FALSE,4
Baden_Württemberg,220,26,4.51,2.4,NA,2019,115592766,environmental_thermal_energy,TRUE,Baden_Württemberg,TRUE,9,1040,NA,86.57,first_time_use,sophisticated,apartment,88250,3,2,2,3,FALSE,4
Mecklenburg_Vorpommern,45,6,2.76,40,266.5,1971,113595669,NA,FALSE,Mecklenburg_Vorpommern,TRUE,3,181.5,32,33,NA,NA,NA,17235,1,0,NA,1,FALSE,1
Sachsen_Anhalt,130,3,4.92,2.4,450,1905,107371432,gas,FALSE,Sachsen_Anhalt,FALSE,1,320,9,53,refurbished,NA,apartment,6110,2,3,NA,2,FALSE,2
Sachsen_Anhalt,81,7,2.43,40,450.23,1927,111389320,district_heating,FALSE,Sachsen_Anhalt,TRUE,1,328.23,33,52.94,NA,NA,apartment,39110,2,1,NA,2,FALSE,2
Sachsen,120,13,4.98,40,420,1905,110767043,natural_gas_light,FALSE,Sachsen,FALSE,1,300,10,46.46,mint_condition,sophisticated,apartment,4315,1,3,4,1,TRUE,2
Niedersachsen,100,10,2.81,40,370,1979,110688330,natural_gas_light,TRUE,Niedersachsen,FALSE,3,270,2,30,well_kept,NA,half_basement,37077,1,-1,4,1,TRUE,1
Sachsen,95,5,4.06,40,493,NA,113144588,NA,FALSE,Sachsen,TRUE,NA,398,23,51,first_time_use_after_refurbishment,normal,ground_floor,4207,2,0,3,2,TRUE,2
Sachsen,165,14,0.62,40,534,1900,114863879,gas,FALSE,Sachsen,TRUE,1,369,NA,74.95,NA,NA,NA,9130,3,3,5,3,FALSE,3
Nordrhein_Westfalen,200,4,4.76,40,630,1950,107315475,NA,FALSE,Nordrhein_Westfalen,FALSE,1,430,116,75,NA,NA,NA,45139,3,NA,NA,3,FALSE,3
Nordrhein_Westfalen,350,22,4.24,40,2650,NA,114913945,oil,TRUE,Nordrhein_Westfalen,TRUE,NA,2300,NA,177,NA,simple,other,41462,5,1,2,5,TRUE,7
Thüringen,60,4,-0.16,2.4,480,1964,113541352,district_heating,FALSE,Thüringen,TRUE,2,360,8,60.03,refurbished,normal,apartment,99817,3,2,4,3,FALSE,2
Nordrhein_Westfalen,176,1,2.73,40,408.54,1996,102169666,gas,FALSE,Nordrhein_Westfalen,FALSE,5,232.54,16,63.19,NA,NA,roof_storey,44649,2.5,4,4,2,FALSE,3
Sachsen_Anhalt,90,5,1.07,40,408.55,1959,114444661,natural_gas_light,FALSE,Sachsen_Anhalt,TRUE,2,318.55,24,63.71,well_kept,normal,NA,6366,3,2,NA,3,FALSE,3
Nordrhein_Westfalen,178.2,11,3.09,10,614.6,1958,109003679,gas,FALSE,Nordrhein_Westfalen,TRUE,2,344,12,66,fully_renovated,NA,ground_floor,45663,3,NA,1,3,FALSE,3
Sachsen,130,11,0.74,2.4,447.1,1996,73080840,local_heating,TRUE,Sachsen,TRUE,5,317.1,2-2a,63.42,refurbished,NA,NA,9306,2,3,4,2,FALSE,3
Hessen,125,7,5.92,2.4,1925,NA,104882957,gas,TRUE,Hessen,TRUE,NA,1800,NA,93,first_time_use_after_refurbishment,luxury,apartment,60318,3,1,4,3,FALSE,4
Sachsen,65,7,3.17,40,430,1996,112886673,district_heating,FALSE,Sachsen,TRUE,5,310,27,44.14,NA,NA,apartment,1067,1,3,NA,1,FALSE,2
Hessen,380,13,3.48,10,3030,2018,106113285,NA,FALSE,Hessen,TRUE,9,2650,64,152,mint_condition,luxury,roof_storey,65199,4,4,4,4,FALSE,7
Nordrhein_Westfalen,95,5,3.27,40,573,1982,113766413,district_heating,FALSE,Nordrhein_Westfalen,TRUE,4,430,29,59.8,NA,NA,apartment,46236,3.5,1,3,3,FALSE,2
Berlin,87,10,8.7,40,526,1985,105737676,district_heating,FALSE,Berlin,TRUE,4,439,15,35.49,modernized,NA,apartment,12629,1,3,NA,1,FALSE,1
Thüringen,210,7,2.4,40,1342,NA,113433917,NA,FALSE,Thüringen,FALSE,NA,1132,34,94.36,first_time_use,NA,apartment,99084,4,2,3,4,FALSE,4
Nordrhein_Westfalen,160,9,3.33,5,460,1962,103526303,gas,FALSE,Nordrhein_Westfalen,TRUE,2,300,1,49.56,well_kept,NA,apartment,45731,2,3,3,2,FALSE,2
Sachsen_Anhalt,59,2,0.18,2.4,390.59,1964,114357756,district_heating,FALSE,Sachsen_Anhalt,TRUE,2,254.5,15,50.8,NA,NA,NA,6217,2,1,NA,2,FALSE,2
Sachsen_Anhalt,103.92,11,3.42,NA,526.52,1968,111409427,district_heating,FALSE,Sachsen_Anhalt,TRUE,2,318.68,14,69.28,fully_renovated,normal,apartment,6124,4,4,9,4,FALSE,3
Bayern,220,10,5.11,NA,1215,2013,111203574,gas,TRUE,Bayern,FALSE,8,995,NA,104.73,refurbished,NA,apartment,84036,3,NA,NA,3,FALSE,5
Niedersachsen,190,7,4.09,10,NA,1983,109986774,gas,TRUE,Niedersachsen,TRUE,4,470,1B,78.5,well_kept,NA,apartment,37581,3,1,NA,3,FALSE,3
Rheinland_Pfalz,150,17,4.04,40,1080,2018,115592281,district_heating,TRUE,Rheinland_Pfalz,TRUE,9,930,6a,64,mint_condition,sophisticated,apartment,55118,2,2,5,2,FALSE,3
Bayern,170,12,3.96,40,1185,2019,115666610,oil,FALSE,Bayern,TRUE,9,990,NA,86,first_time_use,NA,roof_storey,83064,3,2,2,3,FALSE,4
Nordrhein_Westfalen,130,8,4.45,40,NA,NA,111086819,NA,FALSE,Nordrhein_Westfalen,FALSE,NA,450,183,71,fully_renovated,NA,apartment,44892,4.5,4,NA,4,FALSE,3
Nordrhein_Westfalen,144,1,4.71,10,NA,1964,107376453,district_heating,FALSE,Nordrhein_Westfalen,TRUE,2,523,8,54.71,well_kept,NA,apartment,40595,2.5,6,8,2,FALSE,2
Nordrhein_Westfalen,180,10,4.12,40,960,2019,112328671,heat_supply,FALSE,Nordrhein_Westfalen,TRUE,9,780,NA,63,first_time_use,sophisticated,ground_floor,53757,2,1,2,2,TRUE,3
Sachsen,59,8,1.25,40,315,1979,115577785,district_heating,FALSE,Sachsen,TRUE,3,216,1,26.89,fully_renovated,normal,apartment,1239,1,10,16,1,FALSE,1
Sachsen,95,9,2.17,2.4,370,1900,110969393,gas,FALSE,Sachsen,TRUE,1,275,37,70,fully_renovated,normal,raised_ground_floor,2782,2,1,3,2,TRUE,3
Mecklenburg_Vorpommern,39,7,0.17,40,274,1970,110548192,district_heating,TRUE,Mecklenburg_Vorpommern,FALSE,2,189,34,23.86,fully_renovated,NA,apartment,17033,1,5,11,1,FALSE,1
Sachsen_Anhalt,130,7,2.2,40,470,1900,110549859,gas,TRUE,Sachsen_Anhalt,TRUE,1,340,42,61.25,well_kept,normal,NA,39104,2,2,4,2,FALSE,3
Nordrhein_Westfalen,350,17,3.71,2.4,NA,2016,107753558,gas,FALSE,Nordrhein_Westfalen,TRUE,9,1300,NA,116.6,first_time_use,NA,maisonette,33605,3,NA,NA,3,TRUE,5
Nordrhein_Westfalen,150,6,3.44,40,590,NA,111299349,NA,FALSE,Nordrhein_Westfalen,TRUE,NA,350,63,65,well_kept,normal,apartment,47137,3.5,2,NA,3,TRUE,3
Nordrhein_Westfalen,100,4,3.96,2.4,NA,NA,113430601,gas,FALSE,Nordrhein_Westfalen,FALSE,NA,405,18,62,NA,NA,apartment,44892,2.5,2,NA,2,FALSE,3
Thüringen,160,2,1.7,40,500,NA,111078957,NA,FALSE,Thüringen,FALSE,NA,340,9a,64.74,NA,NA,NA,4600,3,NA,NA,3,FALSE,3
Nordrhein_Westfalen,180,12,3.23,40,750,1900,108620530,gas,FALSE,Nordrhein_Westfalen,FALSE,1,570,8,100,well_kept,sophisticated,apartment,42281,3,2,3,3,FALSE,4
Schleswig_Holstein,165,15,3.82,40,NA,1988,114908820,gas,TRUE,Schleswig_Holstein,TRUE,4,775,17,103,fully_renovated,NA,raised_ground_floor,24768,4,NA,NA,4,FALSE,5
Thüringen,71,1,1.92,40,497,1954,110416134,district_heating,FALSE,Thüringen,TRUE,2,355,4,71,modernized,normal,apartment,4610,3,1,2,3,FALSE,3
Nordrhein_Westfalen,270,6,3.02,40,870,1970,113864367,steam_district_heating,FALSE,Nordrhein_Westfalen,FALSE,2,600,114a,83,well_kept,normal,raised_ground_floor,42119,4,NA,NA,4,FALSE,4
Sachsen,134.2,16,0.19,40,469.7,1935,109235645,oil,FALSE,Sachsen,TRUE,1,335.5,3,61,well_kept,normal,ground_floor,9116,3,0,3,3,TRUE,3
Niedersachsen,170,5,4.11,10,570,NA,92017786,gas,FALSE,Niedersachsen,TRUE,NA,400,10,50,refurbished,normal,apartment,30457,2,1,2,2,FALSE,2
Sachsen,115,7,0,40,NA,1900,105143027,NA,FALSE,Sachsen,TRUE,1,288,28,52,fully_renovated,NA,apartment,9126,2,2,3,2,TRUE,2
Sachsen,78,4,0.58,2.4,435,1964,112592619,NA,FALSE,Sachsen,FALSE,2,307,32,62.43,NA,NA,NA,2977,3,3,NA,3,FALSE,3
Nordrhein_Westfalen,213,7,5.17,40,1408,2018,109004436,district_heating,TRUE,Nordrhein_Westfalen,TRUE,9,1195,NA,76.24,first_time_use,NA,roof_storey,40476,2,7,7,2,FALSE,3
Schleswig_Holstein,129,7,4.25,2.4,719,1973,113179075,district_heating,FALSE,Schleswig_Holstein,TRUE,3,500,79,76.65,NA,NA,ground_floor,24109,2.5,NA,NA,2,FALSE,3
Nordrhein_Westfalen,200,7,3.03,10,NA,1982,115159765,gas,FALSE,Nordrhein_Westfalen,TRUE,4,415,NA,64,NA,NA,apartment,32107,2,1,2,2,FALSE,3
Hamburg,135,6,4.62,NA,1861,2019,113555969,gas,TRUE,Hamburg,TRUE,9,1621,NA,108.1,first_time_use,sophisticated,penthouse,22523,3,2,2,3,FALSE,5
Nordrhein_Westfalen,98,13,3.66,10,535.89,1997,110164269,district_heating,FALSE,Nordrhein_Westfalen,TRUE,5,394.89,16,72.46,NA,NA,roof_storey,47178,3.5,2,3,3,FALSE,3
Nordrhein_Westfalen,NA,4,3.09,40,NA,1960,111667439,gas,TRUE,Nordrhein_Westfalen,TRUE,2,380,NA,55,fully_renovated,NA,apartment,45657,2,2,NA,2,FALSE,2
Niedersachsen,195,11,-0.55,2.4,736.19,NA,112516274,NA,FALSE,Niedersachsen,TRUE,NA,419.19,NA,87,well_kept,NA,apartment,26721,4,4,NA,4,TRUE,4
Niedersachsen,150,11,0.76,NA,885,2017,99040498,gas,TRUE,Niedersachsen,TRUE,9,735,3,69,first_time_use,sophisticated,apartment,38122,2.5,1,2,2,FALSE,3
Bayern,240,16,4.42,40,1200,NA,114952083,NA,FALSE,Bayern,FALSE,NA,960,NA,95,fully_renovated,sophisticated,apartment,89312,4,2,NA,4,FALSE,4
Thüringen,NA,6,3.95,40,462,1880,109664853,gas,TRUE,Thüringen,TRUE,1,330,NA,43,well_kept,NA,apartment,99085,1,2,NA,1,FALSE,2
Nordrhein_Westfalen,70,1,3.13,10,510,NA,95738383,gas,TRUE,Nordrhein_Westfalen,TRUE,NA,440,36,49,fully_renovated,normal,ground_floor,45136,2,1,4,2,FALSE,2
Sachsen,60,16,1.59,40,320,1996,89813972,natural_gas_heavy,FALSE,Sachsen,TRUE,5,240,11c,30,well_kept,NA,apartment,1796,1,1,3,1,FALSE,1
Niedersachsen,200,2,3.65,2.4,NA,1962,112144287,district_heating,FALSE,Niedersachsen,TRUE,2,340,58,82.16,NA,NA,apartment,26954,4,NA,2,4,FALSE,4
Nordrhein_Westfalen,100,13,2.94,40,NA,1966,110144589,district_heating,FALSE,Nordrhein_Westfalen,FALSE,2,400,NA,57,NA,NA,apartment,45355,2,NA,NA,2,FALSE,2
Bayern,170,14,3.33,40,820,1979,107344744,oil,TRUE,Bayern,TRUE,3,650,NA,92,well_kept,normal,ground_floor,92237,6,NA,NA,5,TRUE,4
Sachsen_Anhalt,109,11,1.63,NA,580,1933,106240299,gas,FALSE,Sachsen_Anhalt,TRUE,1,471,22,72.52,refurbished,normal,roof_storey,39124,2,3,3,2,FALSE,3
Schleswig_Holstein,225,12,4.24,2.4,1980,2008,110413709,gas,TRUE,Schleswig_Holstein,TRUE,7,1620,12a,148.89,well_kept,normal,apartment,22848,5,1,3,5,FALSE,6
Sachsen,140,25,1.92,NA,520,1910,90056043,gas,FALSE,Sachsen,TRUE,1,380,8,63,well_kept,normal,ground_floor,9126,3,0,3,3,TRUE,3
Berlin,75,10,9.47,40,700,1902,111248453,gas,FALSE,Berlin,FALSE,1,625,9,30.44,well_kept,NA,apartment,10437,1,NA,NA,1,FALSE,1
Thüringen,240,7,0.69,40,1190,1930,113328146,gas,TRUE,Thüringen,FALSE,1,950,0.416666667,171.1,well_kept,normal,roof_storey,99734,5,4,5,5,FALSE,7
Nordrhein_Westfalen,95,5,4.8,40,NA,1966,115546018,natural_gas_heavy,FALSE,Nordrhein_Westfalen,TRUE,2,417,9c,74,modernized,simple,apartment,32427,3,3,4,3,TRUE,3
Sachsen,82,11,0,40,855.6,1903,104774667,combined_heat_and_power_renewable_energy,FALSE,Sachsen,TRUE,1,660,2,83,first_time_use_after_refurbishment,sophisticated,roof_storey,1744,3,3,3,3,FALSE,4
Schleswig_Holstein,79,3,5.33,40,521.31,1954,107374875,district_heating,FALSE,Schleswig_Holstein,TRUE,2,442.31,7,53.29,NA,NA,ground_floor,23558,2.5,NA,NA,2,FALSE,2
Nordrhein_Westfalen,122.75,9,1.79,2.4,448.25,1992,77458218,electricity,FALSE,Nordrhein_Westfalen,TRUE,5,354.9,3,78,well_kept,NA,apartment,45768,3.5,2,NA,3,FALSE,3
Sachsen,138.16,1,0.37,10,546.91,1900,112296781,gas,TRUE,Sachsen,FALSE,1,393.75,NA,69.08,fully_renovated,sophisticated,apartment,8107,4,2,NA,4,FALSE,3
Nordrhein_Westfalen,242,13,4.84,NA,614,1960,108435323,district_heating,FALSE,Nordrhein_Westfalen,FALSE,2,372,46001,63,well_kept,NA,ground_floor,47051,2,0,NA,2,FALSE,3
Nordrhein_Westfalen,95,3,4.84,40,539.73,1963,104024566,natural_gas_light,FALSE,Nordrhein_Westfalen,TRUE,2,349.73,2,59.58,first_time_use_after_refurbishment,normal,apartment,44866,2.5,2,2,2,TRUE,2
Schleswig_Holstein,90,13,3.44,40,990,1912,112029277,district_heating,TRUE,Schleswig_Holstein,FALSE,1,800,NA,87.3,NA,NA,apartment,24114,3,NA,NA,3,FALSE,4
Sachsen_Anhalt,55.5,7,-0.18,2.4,427,1960,112112251,district_heating,TRUE,Sachsen_Anhalt,TRUE,2,266.5,13,57.83,well_kept,NA,apartment,6217,3,3,3,3,FALSE,2
Nordrhein_Westfalen,90,0,4.05,40,380,NA,104941152,NA,FALSE,Nordrhein_Westfalen,FALSE,NA,290,28,46,NA,NA,apartment,45136,2,NA,3,2,FALSE,2
Nordrhein_Westfalen,130,24,2.7,40,415,1920,61947697,gas,FALSE,Nordrhein_Westfalen,TRUE,1,385,62,54,well_kept,normal,apartment,40699,2,1,3,2,TRUE,2
Sachsen_Anhalt,153.99,8,1.59,40,572.79,1966,115412713,district_heating,FALSE,Sachsen_Anhalt,TRUE,2,418.8,15,64.43,NA,NA,apartment,39104,2,7,NA,2,FALSE,3
Sachsen,96,8,1.56,40,295,1900,109893641,district_heating,FALSE,Sachsen,TRUE,1,199,68,43,NA,NA,NA,1662,1,NA,NA,1,FALSE,2
Bayern,122,25,5,40,1050,1994,109354227,combined_heat_and_power_regenerative_energy,TRUE,Bayern,TRUE,5,820,16,82,well_kept,sophisticated,ground_floor,90491,2,0,2,2,FALSE,4
Thüringen,NA,6,0.99,40,NA,1910,112948925,gas,FALSE,Thüringen,TRUE,1,240,81,48.07,well_kept,NA,NA,7937,2,0,1,2,TRUE,2
Sachsen,131,16,0,40,530,1910,108314271,gas,FALSE,Sachsen,TRUE,1,399,29,66.54,refurbished,NA,apartment,9112,2,1,5,2,TRUE,3
Sachsen,120,10,0.74,40,NA,1896,115578508,natural_gas_light,FALSE,Sachsen,TRUE,1,420,3a,88,well_kept,NA,apartment,1587,3,1,4,3,FALSE,4
Niedersachsen,137.64,11,3.11,40,651.42,1999,113500975,district_heating,FALSE,Niedersachsen,TRUE,5,501.28,11,72.44,well_kept,normal,ground_floor,30539,3,0,5,3,FALSE,3
Nordrhein_Westfalen,130,9,3.49,10,660,1958,115506697,oil,FALSE,Nordrhein_Westfalen,TRUE,2,450,73-75,65.7,well_kept,normal,roof_storey,45468,3,6,6,3,FALSE,3
Schleswig_Holstein,80,7,3.38,40,602,1900,113864984,district_heating,TRUE,Schleswig_Holstein,FALSE,1,452,86,56.5,well_kept,simple,apartment,24937,3,2,3,3,FALSE,2
Sachsen,170,19,0.73,2.4,995,2014,115301405,district_heating,FALSE,Sachsen,TRUE,8,825,11,91.8,NA,luxury,apartment,9111,3,2,NA,3,FALSE,4
Berlin,68,11,11.54,40,559,1900,107355160,district_heating,FALSE,Berlin,FALSE,1,491,43,29.6,modernized,sophisticated,apartment,12059,1,3,NA,1,FALSE,1
Sachsen,180,15,1.69,40,545,1993,107017659,gas,FALSE,Sachsen,TRUE,5,365,NA,73,refurbished,normal,ground_floor,1900,2,NA,NA,2,TRUE,3
Hessen,200,15,1.77,40,1252,1890,114210113,NA,TRUE,Hessen,TRUE,1,1052,11,72.52,first_time_use_after_refurbishment,sophisticated,ground_floor,65193,2,0,4,2,FALSE,3
Rheinland_Pfalz,250,18,3.63,10,1720,2015,82320400,district_heating,TRUE,Rheinland_Pfalz,TRUE,8,1470,10,117.18,mint_condition,sophisticated,apartment,55122,4,1,4,4,FALSE,5
Nordrhein_Westfalen,180,7,4.69,40,665,NA,109685153,NA,FALSE,Nordrhein_Westfalen,TRUE,NA,485,45a,70,well_kept,normal,NA,59494,3,1,3,3,FALSE,3
Nordrhein_Westfalen,130,18,4.49,40,NA,2019,113449717,gas,FALSE,Nordrhein_Westfalen,TRUE,9,890,32,93.35,first_time_use,sophisticated,roof_storey,46397,3,2,2,3,FALSE,4
Nordrhein_Westfalen,NA,2,2.68,40,NA,1973,112718012,natural_gas_heavy,FALSE,Nordrhein_Westfalen,FALSE,3,480.32,NA,75.05,NA,NA,apartment,42389,3,1,NA,3,FALSE,3
Niedersachsen,130,5,3.33,NA,665,2019,109462529,environmental_thermal_energy,TRUE,Niedersachsen,FALSE,9,505,10 + 10a,64.56,first_time_use,sophisticated,other,49356,3,NA,2,3,FALSE,3
Baden_Württemberg,150,2,6.02,2.4,NA,1998,114929261,gas,TRUE,Baden_Württemberg,FALSE,5,775,NA,82,well_kept,normal,ground_floor,88447,3,NA,NA,3,TRUE,4
Thüringen,650,48,4.06,40,NA,1996,108658969,district_heating,FALSE,Thüringen,FALSE,5,1800,18,430,mint_condition,luxury,half_basement,99092,4,NA,NA,4,FALSE,7
Brandenburg,120,10,3.45,2.4,515,1995,77082589,gas,FALSE,Brandenburg,TRUE,5,395,12,60,well_kept,sophisticated,NA,16303,2,1,2,2,FALSE,2
Mecklenburg_Vorpommern,105,10,3.01,40,280,1967,115436562,district_heating,FALSE,Mecklenburg_Vorpommern,TRUE,2,175,1,25,NA,NA,NA,19057,1,3,NA,1,FALSE,1
Sachsen,120,6,-0.2,40,378,1976,111738049,district_heating,FALSE,Sachsen,TRUE,3,258,NA,56,NA,NA,apartment,8132,3,5,NA,3,FALSE,2
Nordrhein_Westfalen,90,3,3.19,2.4,NA,1974,72480351,gas,FALSE,Nordrhein_Westfalen,TRUE,3,365,3,79,well_kept,normal,apartment,58739,3,3,3,3,FALSE,3
Baden_Württemberg,0,22,6.42,40,2190,NA,115700645,NA,FALSE,Baden_Württemberg,FALSE,NA,2190,NA,76,NA,NA,apartment,71065,3,3,NA,3,FALSE,3
Sachsen,100,5,0,40,299,1968,110047251,NA,FALSE,Sachsen,FALSE,2,199,107,47.02,well_kept,NA,apartment,9127,2,4,4,2,FALSE,2
Hessen,0,27,4.08,40,1250,1960,96283928,oil,TRUE,Hessen,FALSE,2,1250,NA,56,NA,NA,ground_floor,65191,2,NA,NA,2,FALSE,2
Bremen,110.38,8,3.93,2.4,433.38,1964,54063753,oil,TRUE,Bremen,TRUE,2,273,19,42,well_kept,sophisticated,apartment,27570,1,2,4,1,FALSE,2
Nordrhein_Westfalen,100,13,3.3,10,530,1955,111167227,gas,FALSE,Nordrhein_Westfalen,FALSE,2,430,NA,61,well_kept,NA,roof_storey,47798,3,3,NA,3,FALSE,3
Schleswig_Holstein,110,8,3.08,40,390,NA,103129912,gas,FALSE,Schleswig_Holstein,TRUE,NA,280,8,53.22,NA,NA,apartment,24837,3,1,3,3,FALSE,2
Hessen,0,28,5.56,40,1490,1970,106236084,gas,FALSE,Hessen,FALSE,2,1490,0,50,NA,NA,NA,60318,2,NA,NA,2,FALSE,2
Nordrhein_Westfalen,270,7,2.88,40,990,1959,90808942,district_heating,FALSE,Nordrhein_Westfalen,FALSE,2,720,89,89,NA,normal,apartment,47799,3,1,4,3,FALSE,4
Berlin,394,14,10.17,40,1882,1998,111265543,oil,TRUE,Berlin,TRUE,5,1488,11,87.55,fully_renovated,NA,apartment,10785,3,5,8,3,FALSE,4
Bayern,160,22,7.04,40,1410,1998,111000093,gas,TRUE,Bayern,TRUE,5,1250,6d,47,modernized,sophisticated,apartment,81667,2,3,4,2,TRUE,2
Schleswig_Holstein,370,16,4.24,NA,1490,2015,87461319,gas,TRUE,Schleswig_Holstein,TRUE,8,1120,"20, WE 02",85.88,mint_condition,sophisticated,apartment,22848,3,NA,2,3,FALSE,4
Nordrhein_Westfalen,115,14,2.95,40,695,1960,113903440,gas,FALSE,Nordrhein_Westfalen,TRUE,2,580,45907,58,fully_renovated,sophisticated,apartment,52070,2,1,4,2,FALSE,2
Baden_Württemberg,400,8,9.42,10,3350,NA,107339068,district_heating,FALSE,Baden_Württemberg,TRUE,NA,2950,NA,151,first_time_use_after_refurbishment,luxury,apartment,70176,4.5,3,NA,4,FALSE,7
Mecklenburg_Vorpommern,192,4,3.91,40,565.5,1996,113787680,gas,FALSE,Mecklenburg_Vorpommern,FALSE,5,373.5,7 c,74.7,NA,NA,apartment,19395,3,2,4,3,FALSE,3
Niedersachsen,134,10,1.85,10,NA,1997,85787340,district_heating,TRUE,Niedersachsen,TRUE,5,355,150,58.19,well_kept,normal,roof_storey,26382,2,NA,3,2,FALSE,2
Hessen,270,4,NA,40,1560,2016,85868737,district_heating,TRUE,Hessen,TRUE,9,1290,NA,96,mint_condition,sophisticated,apartment,60438,3,2,5,3,FALSE,4
Hessen,300,0,4.43,40,1290,1979,115000864,oil,TRUE,Hessen,FALSE,3,990,NA,92,fully_renovated,normal,half_basement,61381,4,NA,NA,4,TRUE,4
Nordrhein_Westfalen,110,6,3.45,40,500,1938,113831037,gas,FALSE,Nordrhein_Westfalen,FALSE,1,390,NA,69.68,NA,NA,NA,59063,2,1,NA,2,FALSE,3
Bayern,300,9,6.23,10,1300,1971,113409350,gas,TRUE,Bayern,TRUE,3,1000,30,49.55,modernized,normal,apartment,80807,2,1,4,2,TRUE,2
Sachsen,209,22,4.98,40,961,1900,111855150,gas,FALSE,Sachsen,TRUE,1,752,114,83.6,NA,luxury,apartment,4315,3,1,4,3,TRUE,4
Sachsen,200,8,0,2.4,630,1996,78775528,district_heating,TRUE,Sachsen,TRUE,5,430,NA,82.5,well_kept,NA,ground_floor,9119,3,NA,4,3,FALSE,4
Hessen,270,24,1.61,10,1650,1905,113836040,gas,TRUE,Hessen,TRUE,1,1380,NA,111,fully_renovated,luxury,ground_floor,65193,3.5,0,2,3,TRUE,5
Berlin,176.91,9,7.59,5,649.92,1964,104632776,district_heating,FALSE,Berlin,TRUE,2,473.01,3,56.92,modernized,NA,ground_floor,13583,2,0,NA,2,FALSE,2
Sachsen,132,11,3.04,2.4,352,NA,100661099,NA,FALSE,Sachsen,TRUE,NA,220,41,66,well_kept,normal,roof_storey,8525,3,4,4,3,FALSE,3
Nordrhein_Westfalen,115,7,3.23,40,NA,1986,107376431,gas,FALSE,Nordrhein_Westfalen,TRUE,4,407.28,37,82,NA,normal,apartment,59065,3,1,3,3,FALSE,4
Hessen,300,25,4.95,40,1900,2016,104317335,gas,FALSE,Hessen,FALSE,9,1600,5,150,first_time_use,luxury,maisonette,60437,6,1,3,5,FALSE,6
Sachsen,145,9,4.8,40,632,1900,114901440,NA,FALSE,Sachsen,FALSE,1,487,25,62.89,first_time_use,NA,apartment,4135,3,2,NA,3,TRUE,3
Nordrhein_Westfalen,112,7,3.86,40,482.46,1974,113816425,gas,FALSE,Nordrhein_Westfalen,TRUE,3,326.46,33,69,NA,NA,apartment,50181,3,2,NA,3,FALSE,3
Schleswig_Holstein,95,3,4.37,10,761.47,1968,111274854,district_heating,TRUE,Schleswig_Holstein,TRUE,2,666.47,3,76.43,NA,NA,apartment,24159,3,4,NA,3,FALSE,3
Sachsen,78.03,3,0,2.4,445.06,1967,101723199,gas,FALSE,Sachsen,TRUE,2,312.12,8,57.8,refurbished,normal,apartment,1796,3,3,4,3,FALSE,2
Baden_Württemberg,200,11,6.9,40,870,NA,111397612,NA,TRUE,Baden_Württemberg,FALSE,NA,670,NA,74,NA,NA,ground_floor,71032,3,NA,NA,3,FALSE,3
Mecklenburg_Vorpommern,60,7,2.52,40,390,NA,82202035,NA,FALSE,Mecklenburg_Vorpommern,TRUE,NA,330,1,60,well_kept,sophisticated,ground_floor,18510,3,1,NA,3,TRUE,2
Thüringen,135,1,2.73,2.4,495,1973,111557946,gas,FALSE,Thüringen,FALSE,3,360,NA,67,modernized,NA,roof_storey,36460,3,NA,NA,3,FALSE,3
Sachsen,185,27,2.17,40,535,1917,95218071,gas,FALSE,Sachsen,TRUE,1,350,7,84.24,refurbished,normal,NA,9130,4,3,NA,4,FALSE,4
Bayern,150,8,3.49,NA,1045,NA,110751727,NA,FALSE,Bayern,FALSE,NA,895,80 A,74.97,first_time_use_after_refurbishment,sophisticated,apartment,63741,2,1,2,2,TRUE,3
Nordrhein_Westfalen,70,16,3.23,NA,490,1958,105604770,gas:district_heating,FALSE,Nordrhein_Westfalen,FALSE,2,360,130,65.14,NA,NA,apartment,45894,3,NA,NA,3,FALSE,3
Sachsen,189,7,0.62,40,729,NA,94998114,NA,FALSE,Sachsen,TRUE,NA,540,49,90,mint_condition,sophisticated,roof_storey,9130,4,NA,4,4,FALSE,4
Nordrhein_Westfalen,75,6,4.28,40,0,1964,111407942,electricity,FALSE,Nordrhein_Westfalen,TRUE,2,295,54,40,well_kept,normal,apartment,45130,1,2,0,1,FALSE,1
Nordrhein_Westfalen,113,9,4.35,40,549,1959,111092439,gas:electricity,FALSE,Nordrhein_Westfalen,FALSE,2,399,81,55.81,NA,NA,roof_storey,44357,2.5,NA,NA,2,FALSE,2
Nordrhein_Westfalen,80,9,4.17,10,NA,NA,106675137,NA,FALSE,Nordrhein_Westfalen,FALSE,NA,520,NA,52,NA,sophisticated,roof_storey,44147,2,4,4,2,FALSE,2
Nordrhein_Westfalen,70,8,3.52,40,329,1955,115492156,NA,FALSE,Nordrhein_Westfalen,TRUE,2,259,284,32.49,NA,NA,apartment,47166,1,2,NA,1,FALSE,1
Sachsen,65,24,0,40,225,1900,110710043,NA,TRUE,Sachsen,FALSE,1,160,46,32,modernized,normal,apartment,9131,1.5,1,4,1,TRUE,1
Bayern,200,15,5.03,NA,1500,2020,115603196,environmental_thermal_energy,FALSE,Bayern,TRUE,9,1300,NA,130,first_time_use,sophisticated,other,89231,4,1,1,4,FALSE,6
Bayern,50,6,4.66,2.4,283.73,NA,113356488,electricity,TRUE,Bayern,FALSE,NA,233.73,17,33.39,well_kept,normal,apartment,96257,1,1,1,1,TRUE,1
Sachsen,80,7,0.39,40,330,1910,109345380,gas,FALSE,Sachsen,FALSE,1,200,40,40,modernized,NA,roof_storey,4736,1,NA,NA,1,FALSE,1
Rheinland_Pfalz,183,9,5.41,40,975.53,2018,114235547,combined_heat_and_power_fossil_fuels,TRUE,Rheinland_Pfalz,TRUE,9,732.53,1,73.25,first_time_use,sophisticated,apartment,55543,2,2,3,2,FALSE,3
Niedersachsen,60,10,3.94,40,630,1972,112262597,gas,FALSE,Niedersachsen,FALSE,3,520,60,37,refurbished,normal,apartment,30165,1,4,4,1,FALSE,1
Sachsen,97,7,2.17,2.4,497,1900,106508026,NA,FALSE,Sachsen,FALSE,1,400,NA,97,NA,NA,NA,2727,3,1,NA,3,TRUE,4
Sachsen,87.21,10,-0.23,2.4,232.56,1991,109639655,district_heating,FALSE,Sachsen,TRUE,5,145.35,5,34.2,NA,NA,apartment,8529,1,2,6,1,FALSE,1
Berlin,255,1,7.14,40,1270,1999,107346031,gas,TRUE,Berlin,FALSE,5,1015,67,96.47,NA,NA,roof_storey,12527,3,0,NA,3,FALSE,4
Sachsen,177,11,2.11,40,874,NA,109675353,NA,FALSE,Sachsen,FALSE,NA,667,5,66.65,mint_condition,NA,apartment,1067,2,2,NA,2,FALSE,3
Nordrhein_Westfalen,60,9,4.11,40,485,1995,103157512,gas,FALSE,Nordrhein_Westfalen,FALSE,5,375,NA,50,NA,normal,ground_floor,45478,2,2,3,2,FALSE,2
Sachsen_Anhalt,140,1,1.9,40,520,NA,107845702,gas,FALSE,Sachsen_Anhalt,TRUE,NA,380,90,69.15,well_kept,normal,other,39122,3,1,3,3,FALSE,3
Hessen,100,2,5.22,40,850,1963,113054360,oil,TRUE,Hessen,FALSE,2,750,NA,30,fully_renovated,normal,apartment,65479,1,2,NA,1,FALSE,1
Rheinland_Pfalz,170,0,1.79,2.4,520,1965,106588717,gas,FALSE,Rheinland_Pfalz,TRUE,2,320,NA,66.41,modernized,NA,ground_floor,55765,3,0,NA,3,TRUE,3
Sachsen_Anhalt,80,2,1.62,10,437,1981,115615448,NA,FALSE,Sachsen_Anhalt,FALSE,4,307,43,55.97,NA,NA,other,39128,3,5,NA,3,FALSE,2
Sachsen,70,14,3.07,2.4,549,1979,113666519,district_heating,FALSE,Sachsen,TRUE,3,402,21,70.24,well_kept,normal,apartment,4205,3,4,6,3,FALSE,3
Bayern,NA,13,5.66,40,2200,2019,115597574,environmental_thermal_energy,TRUE,Bayern,TRUE,9,2200,19,96,first_time_use,luxury,ground_floor,81545,3,1,4,3,TRUE,4
Baden_Württemberg,0,11,4.3,NA,561,NA,115611988,NA,FALSE,Baden_Württemberg,FALSE,NA,561,0,20,well_kept,normal,NA,70437,1,NA,NA,1,TRUE,1
Thüringen,136,3,2.26,40,440,1924,112823920,NA,FALSE,Thüringen,TRUE,1,304,NA,54.87,NA,normal,NA,4600,2,1,NA,2,FALSE,2
Sachsen,120,17,4.26,40,440,1998,113688785,gas,FALSE,Sachsen,TRUE,5,320,138,43.51,modernized,normal,apartment,4129,2,3,4,2,FALSE,2
Brandenburg,45,4,7.14,2.4,NA,1995,106959354,gas,FALSE,Brandenburg,TRUE,5,295,25b,30,well_kept,normal,ground_floor,15749,1,0,NA,1,TRUE,1
Sachsen,287.38,19,5.1,NA,1517.38,2018,110532788,district_heating,TRUE,Sachsen,FALSE,9,1230,122,114.95,first_time_use,luxury,apartment,4277,4,3,NA,4,FALSE,5
Nordrhein_Westfalen,300,14,3.08,40,1300,1971,115512731,oil,FALSE,Nordrhein_Westfalen,TRUE,3,1000,NA,100,modernized,sophisticated,ground_floor,42287,2,1,2,2,TRUE,4
Nordrhein_Westfalen,157,3,3.39,10,NA,1975,104723634,district_heating,FALSE,Nordrhein_Westfalen,TRUE,3,496.57,3,82.35,modernized,NA,apartment,42281,3,3,8,3,FALSE,4
Berlin,NA,11,10.1,40,1160,NA,113452528,NA,TRUE,Berlin,TRUE,NA,1080,1,54,NA,NA,apartment,12051,2,NA,NA,2,FALSE,2
Sachsen,300,8,0.73,40,NA,1994,107961001,district_heating,FALSE,Sachsen,TRUE,5,590,4,141,refurbished,normal,apartment,9111,5,1,NA,5,FALSE,6
Sachsen,90,7,2.1,40,560,1896,108000009,gas,TRUE,Sachsen,TRUE,1,470,NA,98,first_time_use_after_refurbishment,normal,apartment,2708,4,2,3,4,TRUE,4
Rheinland_Pfalz,150,9,3.29,NA,750,2019,115563047,gas,FALSE,Rheinland_Pfalz,FALSE,9,600,24,67,mint_condition,sophisticated,roof_storey,55411,2,2,2,2,FALSE,3
Sachsen_Anhalt,133,4,1.9,40,395,1928,111355302,natural_gas_light,FALSE,Sachsen_Anhalt,TRUE,1,262,1,49.31,fully_renovated,NA,apartment,39122,2,2,3,2,FALSE,2
Rheinland_Pfalz,130,7,4.42,NA,720,1997,115530870,gas,FALSE,Rheinland_Pfalz,TRUE,5,590,NA,70,NA,NA,NA,56422,3,NA,NA,3,FALSE,3
Bayern,137,6,2.47,2.4,672.12,1963,110766000,NA,FALSE,Bayern,FALSE,2,535.12,17,77.92,NA,NA,apartment,90439,4,3,4,4,FALSE,3
Berlin,200,24,8.54,40,1000,1900,104623572,gas,FALSE,Berlin,TRUE,1,800,23,80.86,mint_condition,sophisticated,ground_floor,12557,3,0,4,3,TRUE,3
Sachsen,252.77,13,6.25,40,1241.87,1880,104504080,NA,FALSE,Sachsen,TRUE,1,989.1,14,109.9,refurbished,sophisticated,roof_storey,4109,3,NA,4,3,TRUE,5
Sachsen_Anhalt,55.67,10,0.18,2.4,442.43,1958,110376328,district_heating,FALSE,Sachsen_Anhalt,TRUE,2,281.28,88,58.15,fully_renovated,NA,apartment,6217,3,2,4,3,FALSE,2
Nordrhein_Westfalen,120,13,3.6,2.4,592.87,2002,113626520,gas,FALSE,Nordrhein_Westfalen,TRUE,6,472.87,6,59.48,fully_renovated,normal,ground_floor,32584,2,NA,NA,2,FALSE,2
Hessen,175,15,4.07,40,858,NA,111980031,NA,TRUE,Hessen,TRUE,NA,650,41,69.12,first_time_use_after_refurbishment,sophisticated,NA,35510,2,3,NA,2,FALSE,3
Sachsen,124,10,4.9,40,460,NA,113869822,NA,TRUE,Sachsen,TRUE,NA,336,NA,56,NA,NA,roof_storey,4229,2,5,5,2,TRUE,2
Sachsen,374,18,3.76,NA,1518,1877,114997712,NA,FALSE,Sachsen,FALSE,1,1144,17,143.87,first_time_use,sophisticated,apartment,4159,4,3,4,4,TRUE,6
Nordrhein_Westfalen,80,11,1.72,10,680,1998,110461720,gas,FALSE,Nordrhein_Westfalen,FALSE,5,500,71,76.47,well_kept,normal,ground_floor,46562,3,0,NA,3,FALSE,3
Sachsen_Anhalt,158,21,1.56,NA,621,1971,115481812,district_heating,FALSE,Sachsen_Anhalt,FALSE,3,463,16,62.62,modernized,NA,apartment,6112,3,7,11,3,FALSE,3
Bayern,125,15,3.23,40,NA,1895,94034657,NA,TRUE,Bayern,FALSE,1,695,NA,95,refurbished,sophisticated,maisonette,96450,3,3,NA,3,FALSE,4
Nordrhein_Westfalen,170,11,4.65,40,620,1984,79812181,natural_gas_light,FALSE,Nordrhein_Westfalen,TRUE,4,450,127,46.5,well_kept,normal,ground_floor,40213,1.5,0,4,1,FALSE,2
Niedersachsen,230,21,4.82,40,1186,NA,110792584,gas,TRUE,Niedersachsen,TRUE,NA,896,60,86,NA,sophisticated,roof_storey,37085,2.5,3,3,2,FALSE,4
Brandenburg,177.72,11,4.81,10,730.73,1930,111415406,district_heating,FALSE,Brandenburg,TRUE,1,553.01,59,52.97,well_kept,NA,apartment,14482,2,2,NA,2,FALSE,2
Nordrhein_Westfalen,165,6,4.71,10,1193,1973,110678568,district_heating,FALSE,Nordrhein_Westfalen,TRUE,3,924,188,88,NA,NA,apartment,52074,3.5,1,NA,3,FALSE,4
Niedersachsen,100,9,0.73,40,576,1929,111535953,gas,FALSE,Niedersachsen,FALSE,1,476,13h,95.14,refurbished,NA,apartment,38364,4,NA,3,4,FALSE,4
Brandenburg,108,7,3.38,40,378,1901,113055178,gas,FALSE,Brandenburg,FALSE,1,270,17,39.96,refurbished,NA,roof_storey,14776,1,4,4,1,FALSE,1
Sachsen,187.05,3,0,40,NA,NA,112723723,NA,FALSE,Sachsen,FALSE,NA,847.96,1,124.7,first_time_use,NA,maisonette,8066,4,2,5,4,FALSE,6
Thüringen,140,7,0.42,40,535,2000,106909469,gas,TRUE,Thüringen,FALSE,5,395,7,60,NA,NA,ground_floor,7570,2,NA,NA,2,FALSE,2
Sachsen,53,8,1.25,40,307,1978,115468711,district_heating,FALSE,Sachsen,TRUE,3,196,1,26.43,fully_renovated,normal,apartment,1239,1,15,16,1,FALSE,1
Sachsen,195,14,4.19,NA,1120,2017,110498990,combined_heat_and_power_fossil_fuels,FALSE,Sachsen,TRUE,9,925,13,84.78,first_time_use,sophisticated,apartment,4179,3,3,4,3,FALSE,4
Sachsen,46,9,1.18,10,NA,1965,112108566,district_heating,FALSE,Sachsen,FALSE,2,219,14,45.62,NA,NA,other,9599,2,3,NA,2,FALSE,2
Nordrhein_Westfalen,107,7,2.6,2.4,688,1963,115378061,gas:electricity,FALSE,Nordrhein_Westfalen,TRUE,2,515,3,66.44,NA,NA,ground_floor,59457,3,NA,NA,3,FALSE,3
Sachsen,220,4,1.76,40,1000,2001,115238135,district_heating,FALSE,Sachsen,FALSE,6,780,45970,109.63,mint_condition,NA,maisonette,8056,3,NA,2,3,FALSE,5
Nordrhein_Westfalen,200,10,1.72,40,609,1969,102904773,NA,FALSE,Nordrhein_Westfalen,FALSE,2,409,14,73,NA,NA,apartment,42477,3,NA,NA,3,FALSE,3
Brandenburg,120,1,1.67,40,468,1974,104444166,gas,FALSE,Brandenburg,TRUE,3,348,18,59.77,well_kept,normal,apartment,3044,3,4,4,3,FALSE,2
Nordrhein_Westfalen,170,13,3.16,NA,520,1973,115507112,district_heating,FALSE,Nordrhein_Westfalen,TRUE,3,350,113,55,fully_renovated,normal,apartment,47798,2,3,6,2,FALSE,2
Sachsen_Anhalt,195,13,4.17,2.4,715,NA,111413015,natural_gas_light,FALSE,Sachsen_Anhalt,TRUE,NA,520,17,71,refurbished,NA,roof_storey,6114,2.5,NA,NA,2,FALSE,3
Hessen,200,15,4.78,40,NA,2019,115523853,district_heating,TRUE,Hessen,TRUE,9,1295,39,102.68,first_time_use,sophisticated,apartment,61449,4,3,5,4,FALSE,5
Mecklenburg_Vorpommern,75,9,3.39,10,495,1969,109787522,gas,TRUE,Mecklenburg_Vorpommern,TRUE,2,360,44,54.38,first_time_use_after_refurbishment,sophisticated,apartment,19059,3,3,1,3,FALSE,2
Sachsen,85,6,0.74,NA,NA,1935,111032304,natural_gas_light,FALSE,Sachsen,FALSE,1,245,NA,42,well_kept,NA,roof_storey,1589,2,NA,NA,2,FALSE,2
Nordrhein_Westfalen,100,9,2.6,40,NA,1960,115470310,electricity,FALSE,Nordrhein_Westfalen,TRUE,2,350,NA,54,modernized,NA,apartment,47445,2,1,2,2,FALSE,2
Nordrhein_Westfalen,240,12,4.79,10,1155,1928,115202514,gas,FALSE,Nordrhein_Westfalen,TRUE,1,915,16,94.37,first_time_use_after_refurbishment,normal,apartment,40472,3,2,3,3,FALSE,4
Hessen,150,20,3.69,40,850,NA,113751967,gas,TRUE,Hessen,FALSE,NA,700,NA,80,NA,NA,roof_storey,64560,3,NA,NA,3,FALSE,3
Hessen,200,11,4.58,NA,1895,1953,115374372,gas,TRUE,Hessen,TRUE,2,1695,NA,90.45,mint_condition,sophisticated,apartment,60325,3,2,4,3,FALSE,4
Sachsen_Anhalt,63.8,14,3.33,NA,446.6,1914,109634455,district_heating,FALSE,Sachsen_Anhalt,FALSE,1,319,2a,58,NA,NA,NA,39124,3,0,NA,3,FALSE,2
Mecklenburg_Vorpommern,140,2,1.23,40,419,NA,110169345,gas,TRUE,Mecklenburg_Vorpommern,TRUE,NA,279,1,39.8,NA,NA,roof_storey,23974,2,1,3,2,TRUE,1
Brandenburg,185.09,3,0,40,467.36,1971,108097136,NA,FALSE,Brandenburg,FALSE,3,282.27,1,58.45,NA,NA,NA,3042,3,4,NA,3,FALSE,2
Rheinland_Pfalz,NA,7,3.9,10,450,NA,113811098,NA,TRUE,Rheinland_Pfalz,TRUE,NA,450,16,35,NA,normal,apartment,55131,1,3,4,1,FALSE,1
Sachsen,250,11,1.98,40,650,NA,113666309,gas,FALSE,Sachsen,TRUE,NA,400,56,113,NA,normal,apartment,2763,4,2,3,4,TRUE,5
Nordrhein_Westfalen,210,10,2.34,40,604.4,1960,113460494,gas,FALSE,Nordrhein_Westfalen,FALSE,2,394.4,75,68,NA,NA,ground_floor,45899,3.5,0,NA,3,FALSE,3
Nordrhein_Westfalen,93,6,4.61,40,709.3,1922,111092337,gas:electricity,FALSE,Nordrhein_Westfalen,TRUE,1,567.3,26,61,NA,NA,ground_floor,40597,2,NA,NA,2,TRUE,3
Schleswig_Holstein,110,14,4.62,40,900,1904,87921176,district_heating,TRUE,Schleswig_Holstein,FALSE,1,690,17,96,modernized,normal,apartment,24939,4,2,4,4,FALSE,4
Brandenburg,115,11,1.67,10,420,1998,106858847,heat_supply,FALSE,Brandenburg,TRUE,5,305,1,56.88,refurbished,NA,NA,3044,3,4,5,3,FALSE,2
Sachsen,63,10,0.36,2.4,463,1961,110807863,district_heating,FALSE,Sachsen,TRUE,2,362,12d,60.33,refurbished,sophisticated,NA,9119,2,4,4,2,FALSE,2
Thüringen,190,7,1.64,10,NA,1962,105870789,gas,FALSE,Thüringen,TRUE,2,308,1a,60,NA,NA,NA,99338,3,2,3,3,FALSE,2
Bayern,112,5,3.57,40,668.77,1910,112048491,NA,FALSE,Bayern,FALSE,1,476.77,42,65.4,NA,NA,apartment,90441,3,4,5,3,FALSE,3
Sachsen_Anhalt,113,8,1.36,40,NA,1960,115415747,gas,FALSE,Sachsen_Anhalt,TRUE,2,357.2,20,60,fully_renovated,NA,apartment,39106,3,1,4,3,FALSE,2
Sachsen,110,8,0,40,340,1930,104984576,gas,FALSE,Sachsen,FALSE,1,230,NA,50.71,NA,NA,apartment,9350,2,NA,NA,2,FALSE,2
Nordrhein_Westfalen,280,10,4.13,40,1700,1956,109577353,electricity,TRUE,Nordrhein_Westfalen,FALSE,2,1420,50,108,fully_renovated,luxury,maisonette,40545,3,3,3,3,FALSE,5
Nordrhein_Westfalen,210,7,3.95,40,660,1972,113415204,gas,FALSE,Nordrhein_Westfalen,TRUE,3,450,1b,52,well_kept,sophisticated,apartment,53604,2,2,2,2,FALSE,2
Nordrhein_Westfalen,140,8,3.85,40,710,1992,114583660,gas,FALSE,Nordrhein_Westfalen,FALSE,5,570,NA,54,NA,NA,ground_floor,41564,2,NA,2,2,FALSE,2
Baden_Württemberg,NA,7,4.82,40,370,NA,115452114,NA,FALSE,Baden_Württemberg,FALSE,NA,370,NA,14.7,well_kept,normal,apartment,70327,1,1,NA,1,FALSE,1
Sachsen,80,10,5.88,40,780,1920,106896642,local_heating,TRUE,Sachsen,TRUE,1,620,7,62,refurbished,sophisticated,apartment,4317,2,4,5,2,FALSE,3
Sachsen,200,19,5.71,10,950,1910,51503617,gas,TRUE,Sachsen,TRUE,1,750,5,102,modernized,sophisticated,apartment,4157,3,1,3,3,TRUE,5
Hessen,120,2,2.92,NA,910,2020,114180554,district_heating,FALSE,Hessen,FALSE,9,790,8,83,first_time_use,sophisticated,apartment,35423,3,1,2,3,FALSE,4
Nordrhein_Westfalen,120,2,3.39,40,NA,1969,93351721,NA,FALSE,Nordrhein_Westfalen,FALSE,2,450,NA,78,NA,normal,NA,32758,3,0,2,3,FALSE,3
Sachsen,199,14,2.33,40,699,NA,111663179,NA,FALSE,Sachsen,TRUE,NA,500,19,95,NA,sophisticated,roof_storey,2826,3,NA,NA,3,FALSE,4
Sachsen_Anhalt,53,10,0.18,2.4,369,1961,109932232,district_heating,TRUE,Sachsen_Anhalt,TRUE,2,229,11,47.7,fully_renovated,NA,apartment,6217,2,2,3,2,FALSE,2
Thüringen,90,6,0,2.4,340,1999,107340705,geothermal,FALSE,Thüringen,TRUE,5,250,NA,45,well_kept,NA,apartment,98593,1,0,3,1,FALSE,2
Thüringen,193.25,9,0.93,40,711.16,1980,113451072,NA,FALSE,Thüringen,TRUE,3,517.91,6,77.3,fully_renovated,NA,apartment,99098,4,1,NA,4,FALSE,3
Nordrhein_Westfalen,70,15,1.92,40,350,1997,106050984,gas,TRUE,Nordrhein_Westfalen,TRUE,5,280,NA,40,well_kept,NA,ground_floor,32361,1,NA,NA,1,TRUE,1
Sachsen,85,9,0.19,40,365,NA,113267312,gas,FALSE,Sachsen,TRUE,NA,280,19,41.33,refurbished,sophisticated,NA,9113,2,0,NA,2,FALSE,2
Nordrhein_Westfalen,250,6,2.61,40,1200,1908,111337638,oil,TRUE,Nordrhein_Westfalen,TRUE,1,950,8,105,first_time_use_after_refurbishment,sophisticated,roof_storey,57072,4,3,3,4,FALSE,5
Nordrhein_Westfalen,600,10,3.92,10,1000,NA,115419906,NA,FALSE,Nordrhein_Westfalen,TRUE,NA,400,55,200,NA,NA,other,42651,4,0,4,4,FALSE,7
Sachsen,230.6,25,2.6,40,1230.25,1900,106636764,NA,FALSE,Sachsen,TRUE,1,999.65,4,115,modernized,sophisticated,apartment,1187,4,2,4,4,FALSE,5
Sachsen_Anhalt,104.38,6,3.33,40,521.92,NA,106152709,electricity,TRUE,Sachsen_Anhalt,FALSE,NA,417.54,2,69.59,well_kept,normal,roof_storey,39124,3,2,2,3,FALSE,3
Sachsen,140,2,1.82,2.4,473.91,NA,106981847,oil,TRUE,Sachsen,FALSE,NA,333.91,12,58,first_time_use_after_refurbishment,NA,terraced_flat,1936,2.5,1,3,2,FALSE,2
Nordrhein_Westfalen,120,10,4,40,570,1975,111197857,oil,TRUE,Nordrhein_Westfalen,FALSE,3,360,1,75,fully_renovated,normal,roof_storey,52531,3,2,2,3,FALSE,3
Sachsen_Anhalt,146,20,3.13,40,NA,2005,50842778,natural_gas_light,TRUE,Sachsen_Anhalt,TRUE,6,440,29,73,modernized,normal,raised_ground_floor,39106,3,0,3,3,FALSE,3
Nordrhein_Westfalen,260,5,1.85,2.4,780,1991,60841639,gas,FALSE,Nordrhein_Westfalen,TRUE,5,520,NA,115,mint_condition,sophisticated,apartment,45739,3,3,3,3,FALSE,5
Sachsen_Anhalt,58.49,12,0.19,40,421.13,NA,114354646,gas,FALSE,Sachsen_Anhalt,FALSE,NA,292.45,2 H2,58.5,well_kept,normal,roof_storey,6667,2,3,3,2,FALSE,2
Sachsen,50,1,0.51,40,360,NA,114754285,gas,FALSE,Sachsen,TRUE,NA,260,13,39,well_kept,normal,ground_floor,1768,1,NA,NA,1,TRUE,1
Hessen,130,15,1.69,40,540,1992,107362387,natural_gas_light,TRUE,Hessen,TRUE,5,410,NA,79.73,well_kept,normal,roof_storey,35781,3,3,3,3,FALSE,3
Thüringen,125,11,1.89,40,425,1999,85687865,gas,TRUE,Thüringen,FALSE,5,300,2,57,fully_renovated,normal,NA,7545,2,3,4,2,FALSE,2
Sachsen_Anhalt,60,6,0,40,519,1984,106953948,gas,FALSE,Sachsen_Anhalt,TRUE,4,359,4,68.84,refurbished,normal,roof_storey,6712,3,3,3,3,FALSE,3
Berlin,850,13,8.7,10,7850,1900,106687406,NA,TRUE,Berlin,TRUE,1,7000,165,307,NA,NA,maisonette,10115,5,0,NA,5,TRUE,7
Sachsen_Anhalt,34,5,0,40,340,1962,107338801,district_heating,FALSE,Sachsen_Anhalt,FALSE,2,306,26,48.53,well_kept,NA,NA,6842,2,3,NA,2,FALSE,2
Nordrhein_Westfalen,150,0,4.79,40,NA,1953,65460688,gas,FALSE,Nordrhein_Westfalen,TRUE,2,750,48,83,mint_condition,NA,apartment,40472,3,4,4,3,FALSE,4
Sachsen,150,4,NA,10,445,NA,90620905,gas,FALSE,Sachsen,FALSE,NA,295,10,62,well_kept,NA,ground_floor,8056,3,NA,NA,3,FALSE,3
Sachsen_Anhalt,70,5,2.74,2.4,455.42,1958,114946948,NA,FALSE,Sachsen_Anhalt,FALSE,2,385.42,1,56.68,negotiable,NA,NA,6112,2,3,NA,2,FALSE,2
Baden_Württemberg,250,13,4.39,NA,1250,2013,113820458,gas,TRUE,Baden_Württemberg,TRUE,8,960,56,96.5,mint_condition,sophisticated,maisonette,68307,3,3,3,3,FALSE,4
Sachsen,NA,14,0.74,40,NA,NA,115418566,gas,FALSE,Sachsen,FALSE,NA,325,NA,62,modernized,NA,apartment,9113,2,3,NA,2,FALSE,3
Sachsen_Anhalt,184,5,3.39,40,759,NA,110657612,gas,FALSE,Sachsen_Anhalt,TRUE,NA,575,149,115,well_kept,NA,apartment,39112,4,3,3,4,FALSE,5
Sachsen_Anhalt,140,8,1.78,40,539,1905,113218140,natural_gas_light,TRUE,Sachsen_Anhalt,FALSE,1,399,80,70,well_kept,normal,ground_floor,39112,2.5,0,4,2,FALSE,3
